ply
format ascii 1.0
comment VCGLIB generated
element vertex 10002
property float x
property float y
property float z
element face 20000
property list uchar int vertex_indices
end_header
-14.48944 2.107234 6.038211 
-14.51672 1.900362 6.089012 
-14.72074 2.399648 5.974038 
-14.85475 2.40948 5.964927 
-13.98858 1.369862 6.109055 
-14.24164 1.775158 6.089974 
-14.76808 2.101489 6.039817 
-13.87965 0.9253166 6.133423 
-14.1936 1.163382 6.14546 
-15.03281 2.222167 5.941535 
-14.0729 0.8889135 6.155336 
-14.48619 1.6447 6.11195 
-14.70996 1.776173 6.078646 
-13.71435 0.4797499 6.114352 
-13.97953 0.5480644 6.159772 
-14.47127 1.244423 6.116375 
-14.91851 2.079392 6.00473 
-14.22001 0.6262739 6.152788 
-14.38836 0.9493038 6.127301 
-14.65417 1.509217 6.083142 
-14.89711 1.704086 6.003733 
-13.80245 0.09837925 6.143771 
-14.71215 1.213187 6.032969 
-13.72382 -0.364255 6.122362 
-14.03691 0.2448115 6.163167 
-14.35941 0.4755951 6.113158 
-14.94091 1.483555 5.948596 
-14.07921 0.007497847 6.161212 
-14.72022 0.8586928 5.978352 
-13.63762 -0.5490509 6.076122 
-14.54907 0.8603303 6.06643 
-13.85237 -0.9261243 6.117698 
-13.92792 -0.4117729 6.169116 
-14.18566 -0.03486115 6.145083 
-14.29432 0.1253524 6.115227 
-14.63666 0.4032902 5.964998 
-14.16259 -0.5812485 6.167628 
-14.41683 0.1318956 6.064979 
-14.56932 0.1030348 5.976484 
-14.28405 -0.5050479 6.141157 
-14.40377 -0.2151916 6.079546 
-14.58349 -0.1654182 5.971241 
-14.72324 -0.08223221 5.852828 
-14.07918 -0.9124359 6.163521 
-14.12068 -1.242405 6.128669 
-14.38768 -0.9046044 6.120527 
-14.49611 -0.7553035 6.07534 
-14.58345 -0.458165 6.002147 
-13.93646 -1.352732 6.0689 
-14.69477 -0.6388036 5.947181 
-14.15967 -1.528836 6.087114 
-14.32488 -1.589 6.090851 
-14.32071 -1.196078 6.126423 
-14.81586 -1.004504 5.879755 
-14.52217 -1.531103 6.061574 
-14.52628 -1.171785 6.06643 
-14.70698 -1.077052 5.961957 
-14.45491 -2.000059 6.04798 
-14.87595 -1.41611 5.85918 
-14.63436 -1.508952 6.018259 
-14.76012 -1.479509 5.948176 
-14.67481 -2.162982 6.032846 
-14.50864 -1.817218 6.060942 
-14.9285 -1.71261 5.874158 
-14.75491 -1.975274 6.001478 
-14.62766 -2.360034 6.02837 
-14.81964 -1.820843 5.955582 
-15.05877 -2.120417 5.863841 
-14.9153 -2.501268 5.993014 
-14.99399 -2.346781 5.948275 
-14.8157 -2.604294 5.998343 
-13.75873 2.099923 5.850293 
-13.4218 1.659317 5.874248 
-13.7186 1.818312 5.94453 
-13.97569 1.967901 5.97094 
-14.40574 2.426036 5.899037 
-13.41981 1.358918 5.92712 
-14.29652 2.108804 6.003471 
-14.65761 2.627521 5.852472 
-14.83807 2.983583 5.721909 
-15.0263 2.946465 5.724249 
-13.99215 1.705029 6.058856 
-14.85586 2.663693 5.847323 
-13.35677 0.9800252 5.938636 
-13.65173 0.9470239 6.07845 
-13.71973 1.434081 6.034213 
-15.01989 2.632962 5.83286 
-15.11649 2.948145 5.690177 
-13.43155 0.6459081 5.99659 
-15.10288 2.459743 5.85472 
-13.61399 0.1771537 6.085025 
-15.16384 2.207132 5.856074 
-13.3669 0.2617708 5.969358 
-15.33688 2.280243 5.70706 
-13.50071 -0.1870426 6.029827 
-15.0676 1.897131 5.915384 
-15.17227 1.866882 5.827634 
-15.33931 2.077075 5.687232 
-13.34145 -0.3286988 5.940066 
-15.0621 1.344709 5.822786 
-15.23026 1.594173 5.71851 
-13.48762 -0.7502996 5.975747 
-14.88666 1.108714 5.911436 
-14.87788 0.8433507 5.856127 
-14.99158 0.8725154 5.754968 
-14.8509 0.5307671 5.811059 
-13.57848 -1.044213 5.978231 
-14.71158 0.1125159 5.871519 
-14.83032 0.3132783 5.781672 
-14.82236 0.09495512 5.751056 
-14.83225 -0.1535896 5.746275 
-13.75552 -1.410742 5.978857 
-14.8171 -0.530939 5.820261 
-14.12074 -1.911188 5.997051 
-14.91771 -0.9881209 5.775176 
-14.40563 -2.13128 6.023126 
-14.98412 -1.539283 5.765974 
-14.37903 -2.373034 5.958764 
-15.07494 -1.797428 5.753887 
-14.59193 -2.601303 5.958741 
-15.15205 -2.01443 5.751875 
-15.25368 -2.377581 5.759514 
-14.79598 -2.943497 5.885712 
-14.93055 -2.916247 5.91104 
-15.17087 -2.445489 5.859895 
-15.06775 -2.957075 5.896155 
-15.07495 -2.662454 5.932469 
-15.1753 -2.631726 5.880522 
-15.26037 -3.371791 5.73536 
-15.19241 -2.961725 5.864822 
-15.48099 -3.244978 5.659511 
13.07065 -4.663855 6.400121 
13.08668 -4.565617 6.433581 
12.93412 -4.683672 6.408797 
-13.15267 2.147073 5.542378 
-12.98395 1.849716 5.541519 
-13.19794 1.57401 5.775909 
-13.31771 1.9199 5.741594 
-13.46799 1.953087 5.804856 
-14.66729 3.211491 5.608877 
-14.77682 3.386607 5.547274 
-14.75996 3.59995 5.45094 
-14.91875 3.64813 5.351426 
-12.91144 1.493291 5.58737 
-13.1798 1.255177 5.811852 
-14.13581 2.704036 5.673005 
-14.41437 2.753006 5.740334 
-12.87929 0.9405324 5.617876 
-14.52202 3.098827 5.628149 
-14.87387 3.146702 5.638271 
-15.00108 3.214706 5.587131 
-15.10459 3.426848 5.436232 
-12.9371 0.6496414 5.677477 
-13.11838 0.6819575 5.809786 
-15.27818 3.018336 5.568387 
-15.46288 3.060116 5.40151 
-15.37225 2.87612 5.554342 
-13.10939 0.2219922 5.808979 
-15.27861 2.660788 5.701976 
-15.46066 2.702303 5.531738 
-15.58525 2.272935 5.392057 
-15.53818 2.47981 5.464178 
-15.37456 1.839367 5.59214 
-13.08907 -0.409011 5.762396 
-15.54139 1.978859 5.375641 
-13.23333 -0.8106521 5.803658 
-15.16032 1.336143 5.723057 
-15.35211 1.529384 5.538464 
-15.16838 1.065807 5.611854 
-15.32862 1.220644 5.455636 
-15.05612 0.706122 5.621184 
-15.2412 0.9491024 5.442486 
-14.98036 0.5037377 5.646531 
-13.39884 -1.221381 5.822907 
-14.94122 0.05258464 5.578449 
-14.98689 0.2972425 5.558397 
-13.5019 -1.70679 5.731033 
-14.96671 -0.1531955 5.537109 
-13.80659 -1.739236 5.905541 
-14.9488 -0.3337445 5.608814 
-14.97533 -0.6403148 5.610927 
-13.70551 -2.039946 5.731854 
-14.89843 -0.7377255 5.758874 
-14.10156 -2.463573 5.791424 
-14.96994 -1.259997 5.738811 
-15.06394 -1.540646 5.651981 
-14.26317 -2.454669 5.88082 
-15.17321 -1.900089 5.645933 
-15.24831 -2.025756 5.620316 
-14.61764 -2.944444 5.836518 
-15.30369 -2.216793 5.625716 
-15.37234 -2.529879 5.671407 
-14.85209 -3.356953 5.72682 
-15.36481 -2.779557 5.769498 
-15.06401 -3.302128 5.786428 
-15.49885 -2.875409 5.653291 
-15.48668 -3.041744 5.676957 
-15.27754 -3.530285 5.64231 
-15.43936 -3.475701 5.598701 
-15.61814 -3.518754 5.462998 
13.01965 4.770044 5.630447 
12.79691 4.958267 5.642333 
12.58809 4.862218 5.674092 
12.60983 4.958161 5.646397 
13.46475 -4.420846 6.184557 
13.37405 -4.22801 6.2012 
13.23256 -4.123688 6.211932 
13.4234 -4.618969 6.180615 
13.28538 -4.599606 6.301202 
13.33255 -4.407136 6.278902 
13.19387 -4.308384 6.309828 
13.06901 -4.474389 6.391923 
13.27939 -4.756703 6.190779 
13.17275 -4.894056 6.124065 
12.9 -4.443068 6.377831 
13.02215 -4.888609 6.19561 
12.55317 -4.259578 6.222918 
13.07562 -4.978708 6.079863 
12.72309 -4.642239 6.36914 
12.63477 -4.527282 6.354947 
12.63018 -4.408865 6.323395 
12.71461 -4.760926 6.317658 
12.55365 -4.696773 6.324747 
12.86764 -5.002928 6.07566 
12.75232 -4.914801 6.190499 
12.31155 -4.398487 6.244552 
12.48077 -4.615862 6.325278 
12.46053 -4.908089 6.183799 
12.1118 -4.808431 6.191341 
11.91984 -4.628972 6.201454 
12.14012 -4.884253 6.1341 
11.99714 -4.5256 6.206642 
11.6526 -4.629189 6.121747 
11.86789 -4.735003 6.174045 
-13.03325 3.932939 5.187731 
-12.69979 3.865999 5.111303 
-13.29125 4.138577 5.107689 
-13.3112 3.816902 5.277946 
-13.33509 3.993103 5.212456 
-13.56337 4.18781 5.069431 
-12.99056 3.745391 5.233955 
-13.66598 3.824615 5.314583 
-13.59309 4.043962 5.200429 
-13.59466 3.542673 5.358909 
-13.99594 3.882207 5.293061 
-14.13046 4.122407 5.054229 
-13.92114 4.038085 5.188208 
-13.8429 3.657867 5.375559 
-14.14771 3.712448 5.378997 
-14.50258 4.025187 5.076423 
-13.86976 3.338718 5.428119 
-14.25098 3.857487 5.291291 
-14.28303 3.978317 5.184829 
-13.24754 2.545952 5.407454 
-13.53398 2.567253 5.522266 
-13.55777 2.825706 5.435091 
-14.43439 3.662893 5.407662 
-14.54925 3.751395 5.339328 
-14.75002 3.739298 5.31405 
-12.71329 1.841626 5.31085 
-14.28717 2.969226 5.617835 
-14.1332 3.419381 5.466399 
-14.45272 3.513339 5.485313 
-14.80258 3.826915 5.197077 
-14.25032 3.528986 5.455565 
-14.10599 3.144089 5.5181 
-14.98576 3.827474 5.109162 
-12.67223 0.9595391 5.430615 
-15.11882 3.607604 5.276547 
-15.37023 3.52679 5.1423 
-15.2697 3.379475 5.361715 
-12.89567 0.1807219 5.650868 
-12.65013 0.3330822 5.437316 
-15.58136 3.296327 5.118571 
-15.6441 3.142976 5.140668 
-15.67599 2.969078 5.176752 
-12.70105 -0.2132484 5.459992 
-15.61828 2.767481 5.333165 
-15.64521 2.617798 5.322485 
-15.72889 2.680516 5.148039 
-12.97818 -0.8680488 5.595234 
-15.79024 2.520678 4.947851 
-15.6824 2.477035 5.215229 
-15.47743 1.666828 5.378276 
-15.60285 1.988121 5.215653 
-13.18509 -1.387349 5.618737 
-15.36722 1.128293 5.302733 
-15.42243 1.418467 5.37702 
-15.22111 0.7529798 5.372724 
-15.34751 0.9092664 5.173907 
-15.12308 0.5251626 5.433235 
-15.2252 0.5908484 5.22717 
-15.04791 0.2581415 5.438902 
-15.03298 0.02521086 5.378147 
-15.00223 -0.9231088 5.622344 
-15.0953 -1.156142 5.417572 
-15.00695 -1.124872 5.640471 
-15.11838 -1.431373 5.482134 
-14.17629 -2.91361 5.627266 
-15.15545 -1.591683 5.494892 
-15.16685 -1.771931 5.61137 
-15.27775 -1.719584 5.261123 
-15.36197 -2.194431 5.463015 
-14.53071 -3.07003 5.745584 
-15.47176 -2.547671 5.535483 
-14.84952 -3.63827 5.573328 
-14.60718 -3.696821 5.451999 
-15.58549 -2.864636 5.523511 
-14.99743 -3.569688 5.640249 
-15.60762 -2.987588 5.505743 
-15.64163 -3.159207 5.514513 
-15.15577 -3.589483 5.635786 
-15.67981 -3.448102 5.429311 
-15.07138 -4.042889 5.392725 
-15.33526 -3.851233 5.466558 
-15.5426 -3.782281 5.400704 
-15.32651 -4.220689 5.262672 
-15.56967 -4.059275 5.238725 
13.65354 4.57544 5.448214 
13.43649 4.770411 5.504717 
13.28813 4.915988 5.482731 
13.2915 5.043948 5.342642 
13.5325 4.45401 5.453376 
13.10391 4.839025 5.595582 
12.97106 5.041551 5.496166 
13.31861 4.401975 5.451449 
13.29473 4.572817 5.546378 
13.37059 4.630252 5.549661 
12.61855 5.134102 5.463452 
12.70878 5.245694 5.302533 
13.04484 4.635327 5.595197 
12.98512 4.700065 5.635439 
12.88484 4.616386 5.580289 
12.32402 5.259879 5.288946 
13.01152 4.38293 5.424194 
12.67536 4.657722 5.586954 
12.35951 4.942468 5.576874 
12.47355 5.030582 5.553796 
12.36517 4.820157 5.585132 
12.25557 5.152704 5.409009 
12.10836 5.239527 5.262004 
12.68654 4.446745 5.423806 
12.14642 4.887519 5.535591 
12.34943 4.68892 5.528534 
11.89852 4.801502 5.472129 
12.05568 4.977599 5.496144 
11.99235 4.574183 5.375538 
11.77442 5.071578 5.388581 
11.37147 5.047611 5.31215 
11.83602 4.699078 5.423587 
11.67136 4.90112 5.437925 
11.58155 4.987975 5.396387 
11.67385 4.605438 5.341622 
11.36477 4.731406 5.362155 
11.32595 4.846713 5.375397 
11.40282 4.928405 5.382851 
11.72044 4.497667 5.260789 
11.18435 4.929192 5.33717 
10.8621 4.803614 5.259548 
11.04721 4.718128 5.312064 
13.62035 -4.216134 5.917808 
13.56253 -4.020288 5.838525 
13.67191 -4.407506 5.927052 
13.48015 -4.258065 6.131817 
13.41834 -4.032975 6.008604 
13.23876 -4.029656 6.113826 
13.57459 -4.500721 6.03377 
13.20037 -3.83405 5.958293 
13.06763 -4.01924 6.124593 
13.0186 -3.845157 5.967207 
13.51226 -4.659771 6.018984 
12.95582 -4.203144 6.272544 
13.43935 -4.811029 5.953655 
12.6982 -4.070018 6.104012 
13.02126 -5.052807 5.963871 
12.64975 -5.032457 6.028378 
12.74421 -5.137658 5.807761 
11.86804 -4.400184 6.11142 
12.37173 -5.156648 5.720671 
12.33082 -5.076472 5.89283 
12.1069 -4.981085 6.008739 
11.77993 -4.869926 6.062359 
11.69851 -4.523143 6.116785 
11.53817 -4.401619 6.025057 
11.11408 -4.419765 5.933462 
11.7812 -4.994656 5.944506 
11.65596 -4.749711 6.100823 
10.95617 -4.50251 5.926764 
11.56156 -4.988058 5.918123 
11.46269 -4.856128 6.003109 
10.9421 -4.59157 5.939649 
11.20371 -4.979529 5.859925 
11.4108 -4.686813 6.058468 
11.12579 -4.772725 5.966379 
10.72327 -4.677623 5.869214 
11.00791 -4.888042 5.880619 
10.53207 -4.737837 5.787583 
-9.365568 4.606788 4.900269 
-9.313848 4.481778 4.916344 
-9.819905 4.53266 4.916217 
-9.599362 4.636057 4.881069 
-9.817986 4.629705 4.857182 
-9.747885 4.44469 4.938728 
-10.14832 4.47965 4.892719 
-9.886443 4.276901 4.915841 
-10.11413 4.369491 4.925022 
-10.42023 4.395222 4.864058 
-12.37598 3.910084 4.979371 
-12.37299 4.065878 4.876287 
-12.68409 4.219408 4.817726 
-12.44476 3.616385 5.034807 
-12.70036 4.030641 5.019137 
-12.61218 3.705755 5.100194 
-12.48062 3.820822 5.039516 
-12.99365 4.054839 5.115332 
-12.86087 4.177552 4.938997 
-12.99578 4.322714 4.783167 
-13.24752 4.352116 4.778467 
-12.84837 3.661822 5.188215 
-13.14484 4.263449 4.91089 
-13.55909 4.337533 4.813684 
-13.18514 3.279882 5.254922 
-13.82219 4.322878 4.782261 
-12.88749 3.236067 5.147635 
-13.86213 4.164438 5.061044 
-12.73881 2.838366 5.06868 
-12.99022 2.96232 5.184533 
-13.25488 2.982396 5.291934 
-13.51657 3.251541 5.350708 
-14.13306 4.265246 4.782714 
-12.59417 2.308183 5.059107 
-12.85717 2.167347 5.325191 
-12.92105 2.656684 5.200822 
-14.3552 4.194704 4.828111 
-13.03278 2.407329 5.3484 
-13.13523 2.728258 5.293284 
-13.74243 3.036199 5.437548 
-14.5706 4.170696 4.738358 
-14.84956 4.013418 4.867561 
-12.51386 1.572094 5.175805 
-12.73836 1.435603 5.446652 
-15.09928 3.946854 4.779381 
-12.40514 1.084792 5.142136 
-12.35468 0.7154819 5.126175 
-15.14939 3.849052 4.930636 
-15.30121 3.722384 4.997967 
-15.45268 3.576269 4.982603 
-15.59235 3.431783 4.982882 
-12.46957 -0.198524 5.239676 
-15.69556 3.391031 4.793082 
-15.75006 2.897178 5.105132 
-15.72655 3.163023 5.000589 
-15.79994 3.003973 4.929867 
-15.81672 2.807171 4.951382 
-12.85423 -1.154222 5.41715 
-15.71801 2.280464 5.036922 
-15.73337 2.065207 4.785114 
-15.68412 1.933714 4.886507 
-15.55034 1.650799 5.148973 
-13.21966 -1.877342 5.464333 
-15.09635 0.229504 5.291488 
-15.1388 0.121782 5.089734 
-15.06468 -0.1120701 5.252488 
-15.01315 -0.3138939 5.444848 
-15.10578 -0.4228793 5.121009 
-13.32828 -2.31324 5.346678 
-15.08412 -0.5881908 5.295055 
-15.04108 -0.7454008 5.443978 
-15.12409 -0.7695299 5.162695 
-15.15523 -1.093472 5.170005 
-15.16623 -1.238864 5.251788 
-15.18757 -1.410294 5.240843 
-15.26829 -1.617565 5.150497 
-15.27264 -1.870823 5.399397 
-15.48146 -2.2838 5.219288 
-15.58085 -2.529871 5.235268 
-15.59655 -2.725171 5.381102 
-15.70815 -2.990766 5.30023 
-14.86807 -4.114167 5.325091 
-15.67907 -3.052986 5.43244 
-15.75675 -3.204513 5.320713 
-15.15559 -4.201448 5.306183 
-15.76555 -3.310358 5.323806 
-15.20383 -4.457286 5.173305 
-15.46033 -4.222703 5.205756 
-15.68684 -3.788575 5.288059 
-15.74606 -4.030166 5.109831 
-15.7879 -4.313581 4.896504 
13.83035 4.894179 5.092584 
14.00817 4.570255 5.233046 
13.67313 4.929743 5.21425 
13.74911 4.717222 5.344386 
13.50346 4.910522 5.364628 
13.80799 4.542412 5.364497 
13.02776 5.151185 5.326073 
12.98411 5.254813 5.129342 
13.76935 4.441759 5.3662 
13.65557 4.303751 5.327496 
12.69918 5.314331 5.136269 
13.55508 4.23148 5.285259 
13.39096 4.195796 5.247681 
12.04395 5.327508 5.073701 
12.9144 4.225486 5.214867 
12.47303 4.377743 5.300357 
11.65118 5.30721 4.976688 
11.83896 5.185027 5.299943 
12.57693 4.278631 5.198947 
12.16968 4.483952 5.344256 
11.61666 5.145045 5.271479 
11.60231 5.229692 5.129689 
11.29471 5.177473 5.110341 
11.93312 4.394371 5.185417 
11.06624 5.083749 5.163142 
10.97743 5.171172 5.020268 
11.333 4.586991 5.292488 
10.92821 5.00256 5.202914 
11.59202 4.377758 5.112588 
10.85093 4.915059 5.232616 
10.5549 5.042015 5.084496 
10.9544 4.534403 5.163447 
11.11864 4.41839 5.082335 
10.81768 4.662205 5.213526 
10.58033 4.746025 5.192194 
11.17663 4.292283 4.940939 
10.57174 4.835696 5.190878 
10.27005 4.931227 5.094792 
10.31466 5.019655 5.047681 
10.62839 4.52854 5.106115 
10.26757 4.596497 5.093031 
10.17049 4.855104 5.095986 
10.11413 4.755162 5.095955 
9.974 4.557214 5.004332 
10.05388 4.669592 5.068799 
9.798752 4.739757 4.966716 
9.754378 4.64643 4.900945 
13.56924 -3.612488 5.381612 
13.502 -3.861124 5.774674 
13.64961 -3.87807 5.568093 
13.35819 -3.818389 5.871215 
13.71269 -4.288598 5.787246 
13.67727 -4.019862 5.661757 
13.22493 -3.687951 5.794194 
13.07248 -3.601581 5.729153 
13.67301 -4.539279 5.867342 
13.60267 -4.758577 5.733267 
13.417 -5.001997 5.658926 
13.41144 -4.97122 5.747274 
13.25219 -4.963913 5.977115 
12.33712 -4.078726 5.985322 
13.15612 -5.094219 5.732942 
12.93476 -5.125692 5.769567 
11.98778 -4.076132 5.859461 
12.57257 -5.15517 5.761262 
11.92994 -4.251298 6.020453 
10.87967 -4.160656 5.647711 
12.08015 -5.171858 5.601096 
12.08714 -5.12203 5.750421 
12.02065 -5.062858 5.865927 
11.34448 -4.274869 5.882761 
11.5435 -5.075067 5.783187 
11.49084 -5.150193 5.630875 
10.80846 -4.309466 5.76845 
11.64244 -5.216495 5.467891 
11.19121 -5.11648 5.656974 
11.28021 -5.224302 5.460697 
10.47919 -4.508225 5.77745 
10.9897 -5.011173 5.759009 
10.5361 -4.61508 5.809115 
10.59277 -4.414733 5.772873 
10.41484 -4.945377 5.611407 
10.48412 -4.843547 5.716554 
10.24477 -4.670337 5.721697 
10.08232 -4.432658 5.671059 
10.56056 -5.027979 5.572626 
10.1629 -4.758145 5.668654 
10.75595 -5.13372 5.510812 
10.17563 -4.578096 5.711753 
9.84087 -4.460608 5.63118 
10.53084 -5.102473 5.447537 
10.24724 -5.017053 5.476233 
9.780585 -4.575007 5.622352 
10.0296 -4.882942 5.55248 
9.592196 -4.831973 5.443929 
9.733775 -4.657457 5.595724 
9.386879 -4.608493 5.516383 
9.526077 -4.469611 5.557137 
-7.816591 4.461504 4.639526 
-8.500245 4.598032 4.724326 
-8.560318 4.752611 4.630066 
-8.055931 4.485851 4.668993 
-8.504809 4.672145 4.683744 
-8.239786 4.419159 4.708619 
-8.931946 4.765191 4.68134 
-8.703653 4.832281 4.553933 
-9.050752 4.876284 4.564335 
-8.553525 4.303374 4.733372 
-9.100705 4.676684 4.789651 
-9.255031 4.892014 4.559137 
-8.877137 4.524901 4.814158 
-9.039996 4.585072 4.829687 
-9.03923 4.362131 4.826968 
-9.007998 4.45956 4.839846 
-9.347484 4.730883 4.780022 
-9.557981 4.768225 4.731225 
-9.0831 4.232326 4.782597 
-9.521208 4.340053 4.913944 
-9.635252 4.838199 4.611329 
-9.941322 4.782995 4.630747 
-9.705175 4.186995 4.853926 
-10.17507 4.617638 4.766639 
-10.18074 4.733513 4.612774 
-10.4242 4.456992 4.822931 
-10.27603 4.042719 4.786345 
-10.39306 4.253172 4.855018 
-10.42825 4.603522 4.692945 
-9.898913 4.009152 4.754818 
-10.40019 4.125279 4.818805 
-10.66866 4.149709 4.809003 
-10.54307 4.35468 4.830677 
-10.7029 4.495364 4.702252 
-10.80301 4.561243 4.593257 
-10.41375 3.79752 4.630755 
-10.66759 4.250001 4.815289 
-11.07859 4.241754 4.748479 
-10.82231 4.37808 4.746972 
-11.00533 4.397943 4.68025 
-10.74432 3.973556 4.76485 
-11.10203 4.099223 4.775013 
-11.21709 4.391979 4.610607 
-11.34033 4.087458 4.760418 
-10.95812 3.976705 4.770123 
-11.34894 4.214989 4.711808 
-11.46161 4.29914 4.627748 
-11.35238 3.908116 4.772361 
-11.5023 3.747691 4.761066 
-11.55079 3.97709 4.783943 
-11.64638 4.088448 4.752773 
-11.7684 4.149569 4.711231 
-11.64691 3.885144 4.80408 
-11.94421 4.20876 4.648876 
-11.7455 3.781437 4.821141 
-11.95567 3.858872 4.867088 
-11.92246 3.985548 4.821769 
-12.20966 4.111736 4.787793 
-11.99752 3.745668 4.885185 
-12.29036 4.197943 4.696533 
-12.44261 4.242652 4.672035 
-12.39208 4.326818 4.479453 
-12.78197 4.404257 4.471609 
-11.81327 3.575642 4.790894 
-12.91339 4.353995 4.672948 
-13.13834 4.426463 4.581096 
-12.38178 3.484423 4.986895 
-13.41938 4.456541 4.523402 
-12.5422 3.134027 4.976707 
-12.60588 2.556662 5.014635 
-14.34802 4.316863 4.546721 
-12.40294 2.35331 4.878789 
-14.51704 4.253266 4.558346 
-14.66033 4.186792 4.596772 
-14.89961 4.116017 4.546898 
-14.92769 4.036374 4.772974 
-15.10639 4.002402 4.624351 
-15.23733 3.92211 4.705822 
-15.38696 3.848308 4.587308 
-12.22991 0.1314867 5.001808 
-15.48418 3.735512 4.728264 
-15.58308 3.54599 4.806186 
-12.56264 -0.811126 5.242497 
-15.80259 3.223382 4.693315 
-15.86774 3.053657 4.773512 
-15.86135 2.94304 4.726219 
-15.88242 2.788022 4.677392 
-15.84324 2.58809 4.758994 
-15.79718 2.185378 4.617521 
-15.56258 1.441623 4.895922 
-15.65554 1.761091 4.780386 
-12.72668 -1.568757 5.183094 
-12.9166 -1.754496 5.276551 
-15.46154 1.155445 5.033136 
-15.44198 0.8606976 4.757446 
-15.28421 0.5027145 4.944605 
-12.791 -2.243335 4.983112 
-15.14258 -0.07703641 4.947125 
-15.10803 -0.1946507 5.093662 
-15.16596 -0.5466804 4.836833 
-15.13192 -0.8926752 5.227535 
-13.13183 -2.775586 4.971981 
-15.19325 -1.052222 5.001117 
-15.25462 -1.439224 4.986667 
-13.99402 -3.431969 5.236978 
-15.50262 -2.222528 4.960238 
-15.43978 -2.17295 5.17417 
-14.32585 -3.63098 5.342016 
-15.63678 -2.569385 5.051303 
-15.70592 -2.698551 5.021211 
-14.43225 -4.035424 5.205418 
-14.75033 -3.993867 5.353376 
-15.72878 -2.802485 5.023336 
-14.66689 -4.235874 5.21185 
-15.83735 -3.185555 5.052871 
-14.87653 -4.47293 5.156193 
-15.9456 -3.426402 4.8385 
-14.99534 -4.574765 5.118768 
-15.85211 -3.603073 5.150132 
-15.24511 -4.628633 5.061378 
-15.85533 -3.9075 5.030001 
-15.07819 -5.011448 4.881733 
-15.83313 -4.135042 4.938883 
-15.28656 -4.965007 4.853601 
-15.43087 -4.533806 5.045116 
-15.61062 -4.445271 4.984058 
-15.7534 -4.471267 4.846373 
-15.48692 -4.910348 4.784086 
14.25563 4.664802 4.892241 
13.94718 4.741607 5.15484 
13.65947 5.09382 4.882828 
14.19975 4.453464 5.127773 
14.20296 4.573083 5.055537 
13.43469 5.127061 5.079381 
13.2176 5.244135 4.956754 
14.36667 4.19056 5.097817 
14.47449 4.267007 5.040719 
14.17921 4.33868 5.162004 
14.25434 4.099241 5.119435 
14.1192 4.236109 5.177284 
13.94182 4.222303 5.224905 
12.91753 5.343504 4.860652 
14.087 4.077206 5.132855 
13.89507 4.101038 5.16456 
14.01756 3.93068 5.053164 
13.79958 3.92505 5.027291 
13.55831 4.021078 5.087385 
12.38363 5.391548 4.925844 
13.27843 4.118254 5.150564 
13.09938 4.031482 4.991399 
11.90949 5.407654 4.736733 
12.19993 4.249012 5.050708 
11.35769 5.247239 4.993578 
11.15181 5.310992 4.708127 
11.0211 5.258797 4.842043 
10.41706 5.226966 4.704998 
10.43472 5.129605 4.924336 
10.10024 5.179743 4.693084 
10.81932 4.316858 4.934801 
10.56607 4.417636 5.016257 
9.945755 4.901361 5.011672 
9.975413 5.064582 4.843907 
9.782543 5.11165 4.687846 
9.729548 5.006862 4.788877 
9.613644 4.750304 4.833018 
9.667888 4.910176 4.834014 
9.482039 4.589717 4.726641 
9.245302 4.451977 4.572868 
13.65808 -3.745188 5.371863 
13.41843 -3.627472 5.60741 
13.32388 -3.438597 5.471337 
13.18757 -3.413584 5.516003 
13.28523 -3.588635 5.669028 
13.78629 -4.12418 5.437527 
13.08941 -3.474637 5.592882 
13.77049 -4.471914 5.565999 
12.91053 -3.592439 5.692024 
12.86138 -3.442087 5.525674 
13.59995 -4.875691 5.467991 
12.59458 -3.68026 5.666281 
12.14331 -3.734672 5.51287 
11.72165 -4.088365 5.791773 
12.30688 -5.205515 5.477256 
10.26455 -4.301252 5.624841 
10.41336 -4.157661 5.523913 
9.815578 -4.166401 5.406578 
10.18154 -5.105953 5.292919 
9.8118 -4.32424 5.547705 
9.934013 -5.036768 5.305367 
9.299119 -4.294644 5.383354 
9.373978 -4.158207 5.305771 
9.948685 -5.13518 5.106913 
9.69375 -4.757787 5.543723 
9.522908 -5.02897 5.166246 
9.782872 -4.929291 5.408044 
9.202366 -4.608356 5.433602 
9.283751 -4.397233 5.432826 
8.953992 -4.271261 5.27318 
9.189344 -4.902874 5.215645 
9.125775 -4.718501 5.354978 
8.883178 -4.617665 5.309309 
9.217955 -4.499575 5.438523 
8.72322 -4.516192 5.259093 
9.094759 -4.814615 5.274747 
-6.767127 4.450161 4.441239 
-6.494495 4.298864 4.375893 
-6.853728 4.591166 4.381844 
-6.72273 4.284554 4.464829 
-6.99568 4.330192 4.52461 
-7.098659 4.490506 4.511919 
-7.117431 4.625852 4.433765 
-7.006163 4.183181 4.501461 
-7.405261 4.726136 4.397057 
-7.51738 4.341144 4.587688 
-7.250842 4.23389 4.547093 
-7.49935 4.47169 4.583545 
-7.71029 4.540941 4.596497 
-7.926528 4.635933 4.571092 
-8.301401 4.807873 4.475207 
-7.857621 4.807405 4.356364 
-7.985872 4.553165 4.63604 
-8.260386 4.892494 4.309918 
-7.922335 4.726644 4.483645 
-8.663484 4.900153 4.401209 
-8.055607 4.238136 4.599006 
-7.987893 4.357842 4.64096 
-8.951777 4.999237 4.233408 
-9.288814 5.019004 4.223797 
-8.29712 4.094944 4.545201 
-9.608054 5.019846 4.165241 
-8.834161 4.19508 4.717729 
-9.517796 4.89992 4.519969 
-9.0587 4.006142 4.605932 
-9.352098 4.115787 4.765132 
-10.37273 4.759467 4.468686 
-10.67876 4.775923 4.252766 
-10.66938 4.683472 4.457558 
-11.35797 4.446884 4.477839 
-10.99121 4.657871 4.324704 
-10.7759 3.766852 4.648208 
-11.087 3.773356 4.69495 
-11.66776 4.345446 4.501741 
-11.96295 4.294071 4.514059 
-12.20536 4.374459 4.305961 
-11.46895 3.599948 4.690183 
-12.21124 4.297699 4.502459 
-12.38401 4.434803 4.122412 
-12.47454 4.391474 4.32482 
-11.63621 3.37555 4.62584 
-11.89028 3.310345 4.705665 
-13.05176 4.486382 4.337899 
-12.06546 3.498616 4.859579 
-12.08015 3.049047 4.696365 
-12.24599 3.16296 4.829153 
-13.42016 4.505661 4.347828 
-12.20114 2.864426 4.727259 
-13.84642 4.429125 4.467558 
-12.03898 2.367732 4.539782 
-12.39989 2.715688 4.849793 
-12.53096 2.945738 4.944529 
-13.98933 4.424088 4.456037 
-12.28459 2.553257 4.760756 
-14.17102 4.359903 4.48509 
-14.43451 4.303493 4.410631 
-12.22934 2.188696 4.732535 
-12.23421 1.833867 4.790636 
-12.41219 1.961042 4.964385 
-14.62155 4.235273 4.403618 
-15.06074 4.049232 4.435951 
-15.19786 3.981177 4.440554 
-15.4806 3.789916 4.44384 
-12.15794 -0.3633259 4.897542 
-15.57108 3.694736 4.587951 
-15.67204 3.586949 4.459075 
-15.82709 3.281224 4.543151 
-15.86566 3.154838 4.49358 
-15.89299 2.913712 4.50484 
-15.84516 2.452256 4.610978 
-12.38847 -1.291239 4.960634 
-15.7501 2.022513 4.598389 
-15.62913 1.641343 4.693959 
-15.56892 1.309036 4.718566 
-15.58087 1.372952 4.574729 
-15.51714 1.04609 4.66658 
-15.463 0.7811123 4.567155 
-15.25821 0.3477824 4.87689 
-15.38736 0.6062184 4.650174 
-15.27449 0.2898366 4.705668 
-15.39438 0.499877 4.469797 
-12.79573 -2.758035 4.741261 
-15.19993 -0.1790853 4.513283 
-11.20698 -5.453448 4.80977 
-11.34731 -5.417395 4.848847 
-11.49762 -5.283335 4.75387 
-15.2272 -1.216234 4.916836 
-11.19155 -5.65619 4.749659 
-15.32513 -1.552954 4.612164 
-11.4985 -5.587951 4.781424 
-15.37441 -1.773047 4.731253 
-13.68193 -3.372259 5.05744 
-15.32468 -1.703498 4.985346 
-15.40274 -1.954906 4.982885 
-15.53926 -2.248204 4.723398 
-14.11895 -4.097959 5.030508 
-15.66495 -2.540535 4.774581 
-12.99429 -5.577695 4.678103 
-13.03925 -5.496632 4.721314 
-15.778 -2.786295 4.788206 
-15.82219 -2.939744 4.81086 
-13.67762 -5.555454 4.644759 
-15.82368 -3.052846 5.040565 
-13.46492 -5.442145 4.728612 
-13.92306 -5.242844 4.810116 
-14.39074 -4.633469 4.997962 
-14.67101 -4.461542 5.123104 
-15.88046 -3.139935 4.834027 
-14.0307 -5.080432 4.854799 
-14.63831 -4.73226 5.021179 
-14.09058 -5.373305 4.742252 
-14.39318 -5.019292 4.896931 
-14.33332 -5.21798 4.812812 
-15.94093 -3.534125 4.907991 
-14.98009 -4.81235 5.004187 
-14.50313 -5.385669 4.694659 
-14.59338 -5.250475 4.777722 
-14.69212 -5.015112 4.910709 
-14.91507 -5.196929 4.763441 
-15.02402 -5.369658 4.582384 
-15.1884 -5.13439 4.747971 
-15.90812 -4.273759 4.705233 
-15.7312 -4.62833 4.76072 
-15.86364 -4.450443 4.694418 
-15.14499 -5.612085 4.247768 
-15.28602 -5.369847 4.488082 
-15.65454 -4.901969 4.663672 
-15.78416 -4.730307 4.622416 
15.3734 4.171525 4.788703 
15.06762 4.295986 4.796604 
15.46866 3.953537 4.878973 
15.15458 4.137819 4.889529 
15.34821 3.744251 4.93484 
15.17504 3.972094 4.951054 
14.71943 4.249969 4.949759 
14.33632 4.758439 4.559432 
13.97708 4.909079 4.839026 
15.13279 3.764217 4.976081 
14.68142 4.346067 4.896222 
14.6847 4.424764 4.807961 
14.42543 4.417817 4.993515 
14.50073 4.564075 4.763672 
13.96337 5.0005 4.594211 
15.14034 3.503224 4.92503 
14.81262 3.754424 4.999048 
14.82753 4.02277 5.01009 
14.63339 4.146522 5.020576 
13.46601 5.231676 4.64724 
14.99431 3.462312 4.916376 
14.59655 3.991069 5.044777 
13.33864 5.276716 4.55773 
14.58775 3.763359 5.000159 
14.47486 3.907803 5.044692 
14.6921 3.44404 4.877172 
14.43155 3.782953 4.998089 
12.858 5.377498 4.728811 
12.65131 5.381979 4.897014 
14.34032 3.683069 4.935417 
12.47718 5.413702 4.778025 
14.38771 3.483171 4.812802 
12.21604 5.416114 4.774366 
12.01611 5.419436 4.640954 
11.6905 5.375933 4.752059 
11.55969 5.383508 4.607574 
11.3906 5.348192 4.681771 
12.99462 3.864968 4.676491 
12.51948 4.110949 4.928172 
10.62974 5.33324 4.399148 
10.48541 5.284311 4.541584 
11.15282 4.172368 4.747354 
10.53392 4.253512 4.834978 
9.643706 5.183845 4.41152 
10.19901 4.359823 4.935742 
9.540795 5.099067 4.524393 
9.935434 4.28615 4.761873 
9.321294 5.057449 4.4241 
9.27707 4.886542 4.573779 
9.285225 4.968874 4.506791 
9.717204 4.207866 4.576853 
9.700356 4.385952 4.725863 
9.441626 4.821238 4.713255 
9.322902 4.70684 4.664163 
9.050935 4.794048 4.488401 
9.124969 4.932023 4.429175 
9.002645 4.677274 4.511527 
9.145729 4.598134 4.573493 
8.990966 4.437924 4.50543 
9.023364 4.319833 4.458932 
8.67133 4.296091 4.385456 
13.6329 -3.516025 5.139499 
13.44867 -3.491154 5.409583 
13.33812 -3.170823 5.20777 
13.2205 -3.168165 5.278279 
13.75107 -3.93132 5.366744 
13.73608 -3.702483 5.121224 
13.84566 -4.03922 5.028187 
13.06923 -3.250786 5.392897 
13.00216 -3.055574 5.216062 
13.78286 -4.343001 5.569198 
13.80335 -4.507547 5.321792 
13.7181 -4.705629 5.442695 
12.55124 -3.482337 5.43834 
13.13109 -5.155381 5.412212 
12.93221 -5.174196 5.523095 
11.48314 -3.836808 5.401357 
12.69256 -5.209544 5.480979 
12.48751 -5.229675 5.270746 
12.07096 -5.212675 5.42792 
10.44143 -4.020053 5.36407 
11.22841 -5.274446 5.214052 
10.9708 -5.230803 5.362825 
9.858471 -4.037341 5.256286 
10.56468 -5.193538 5.267997 
9.263518 -4.013382 5.103921 
10.25963 -5.172871 5.161918 
9.099907 -4.124385 5.19426 
8.772338 -4.19258 5.158748 
8.622222 -4.060923 5.019111 
9.308037 -5.066634 4.987879 
9.036573 -4.982046 5.017355 
8.858933 -4.732715 5.230611 
8.671431 -4.388192 5.218157 
8.645741 -4.294236 5.174181 
8.619174 -4.622493 5.167345 
8.407478 -4.415669 5.107539 
8.20152 -4.231947 4.988636 
8.781409 -4.877933 5.037171 
8.514924 -4.531013 5.144966 
8.108071 -4.359077 4.943309 
8.554628 -4.8202 4.974469 
-6.061999 4.307467 4.049882 
-6.456567 4.433931 4.266192 
-6.264588 4.44004 4.080137 
-6.627496 4.688929 4.042091 
-6.289904 4.282138 4.244134 
-6.034076 3.957718 4.158948 
-6.358753 4.144716 4.296368 
-6.758536 4.631568 4.279772 
-6.877717 4.80311 3.997639 
-6.434103 4.052724 4.301557 
-7.170409 4.849493 4.051242 
-6.407136 3.827395 4.188333 
-6.768093 4.151023 4.434438 
-6.751351 3.949892 4.316175 
-7.185723 4.738638 4.320207 
-7.518925 4.890411 4.061901 
-7.881592 4.936389 3.988827 
-7.102745 3.973739 4.371577 
-8.195297 4.94379 4.121878 
-7.861842 4.874437 4.196748 
-8.650627 4.960811 4.234464 
-8.61234 5.002717 4.051751 
-7.557665 4.172307 4.532846 
-8.668625 5.035391 3.928048 
-7.559484 3.97556 4.381924 
-9.061483 5.053837 4.034198 
-7.960824 4.060702 4.47485 
-9.371549 5.067847 4.003551 
-8.593485 3.853562 4.351055 
-8.731851 3.990219 4.522184 
-9.463106 5.080498 3.928187 
-9.899598 4.919249 4.354784 
-10.20715 4.868588 4.321008 
-10.29395 4.913587 4.133892 
-10.78488 4.807618 4.091647 
-9.693402 3.839377 4.575475 
-11.06468 4.748212 4.028756 
-11.31764 4.582932 4.253078 
-11.57279 4.527129 4.18416 
-10.7181 3.541585 4.458883 
-11.71947 4.512822 4.094615 
-11.25105 3.548201 4.597507 
-11.85377 4.386727 4.351836 
-11.29132 3.342201 4.468135 
-11.55087 3.164219 4.460765 
-12.79123 4.516027 3.93649 
-12.97106 4.50965 4.167703 
-13.43621 4.54191 4.171597 
-13.37559 4.545539 4.02384 
-11.86384 3.020712 4.552274 
-13.64195 4.492056 4.301012 
-11.99729 2.695687 4.543275 
-13.71521 4.501987 4.246872 
-13.92252 4.457331 4.164312 
-14.18787 4.388086 4.207963 
-11.96011 1.996852 4.468363 
-11.97296 1.732865 4.505454 
-14.48346 4.293171 4.16256 
-14.80974 4.162543 4.178781 
-12.00267 1.111518 4.638286 
-15.14441 4.000281 4.147813 
-12.00723 0.2855418 4.739386 
-15.3702 3.862585 4.239212 
-11.80627 -0.1973952 4.506793 
-15.6966 3.543663 4.275573 
-12.26995 -0.806178 4.954469 
-15.91223 3.010056 4.348723 
-15.89632 2.878171 4.26161 
-15.84748 2.416579 4.402057 
-12.2244 -1.854899 4.62301 
-15.70999 1.853561 4.430157 
-12.46535 -1.995841 4.799776 
-15.61379 1.54701 4.453216 
-9.466801 -5.709925 4.538263 
-15.55803 1.201775 4.512108 
-9.640029 -5.609956 4.592353 
-12.44316 -2.722251 4.491854 
-12.52154 -2.527953 4.63368 
-15.45828 0.709887 4.419137 
-9.405281 -5.912881 4.406958 
-9.757095 -5.755738 4.573434 
-9.884366 -5.526862 4.625199 
-15.19258 -0.007547677 4.718023 
-15.29002 0.2454177 4.515152 
-9.656436 -5.951146 4.449481 
-15.22371 0.004287861 4.470845 
-10.13733 -5.794924 4.608646 
-10.16396 -5.704817 4.639564 
-15.19024 -0.4075727 4.609697 
-10.17069 -5.612723 4.656246 
-10.0038 -5.953157 4.509905 
-15.21721 -0.5807095 4.441921 
-10.24829 -6.156492 4.353361 
-10.31389 -5.891554 4.576214 
-10.85604 -5.557656 4.731403 
-10.90972 -5.422058 4.731882 
-10.86181 -5.261262 4.644253 
-10.58914 -6.141866 4.36374 
-10.47261 -6.048143 4.465476 
-10.68395 -5.783213 4.648939 
-10.93926 -5.646817 4.721493 
-11.25585 -5.244239 4.707021 
-15.19229 -0.8366593 4.877391 
-10.69477 -5.962321 4.530883 
-11.00608 -5.756454 4.66805 
-15.2598 -1.034793 4.489467 
-10.95544 -6.031678 4.439409 
-11.10691 -5.845727 4.596615 
-13.42367 -3.508332 4.839105 
-15.2761 -1.263981 4.591988 
-11.50538 -5.711967 4.685346 
-11.83655 -5.461719 4.755546 
-11.40209 -5.983035 4.416451 
-12.09425 -5.416151 4.733247 
-11.89312 -5.296648 4.730607 
-11.35322 -5.859862 4.562027 
-11.85198 -5.613506 4.717789 
-11.96263 -5.53993 4.726739 
-14.01908 -3.842489 5.070235 
-11.84433 -5.947994 4.394163 
-12.23879 -5.632884 4.658631 
-12.35425 -5.310006 4.719059 
-12.69499 -5.205575 4.71555 
-15.46284 -2.024892 4.63997 
-12.38985 -5.485447 4.706886 
-12.68663 -5.047689 4.680401 
-13.59691 -3.914871 4.817599 
-11.97468 -5.750552 4.595886 
-12.76153 -5.383634 4.723257 
-13.0297 -5.113175 4.731271 
-13.7322 -4.222754 4.823679 
-15.64109 -2.449537 4.597335 
-12.16445 -5.863353 4.468004 
-12.76272 -5.532415 4.685281 
-13.41399 -5.013651 4.769796 
-13.91141 -4.620364 4.861736 
-12.75465 -5.764203 4.510641 
-12.78227 -5.638391 4.620716 
-13.62139 -4.811752 4.790396 
-12.92267 -5.738528 4.517066 
-13.2331 -5.395839 4.738484 
-13.14968 -5.23671 4.749205 
-13.59275 -5.202925 4.802244 
-14.26965 -4.330721 5.030643 
-15.70103 -2.587492 4.541227 
-13.29304 -5.529662 4.675148 
-13.84845 -5.003251 4.839172 
-13.30801 -5.632291 4.583519 
-14.11459 -4.48785 4.941069 
-13.27618 -5.764408 4.436229 
-13.4982 -5.721355 4.459706 
-14.19512 -4.87907 4.909936 
-15.8766 -3.044751 4.566212 
-13.57206 -5.814469 4.309682 
-13.89465 -5.712663 4.426129 
-14.0989 -5.521782 4.634676 
-15.93073 -3.29541 4.775098 
-15.96721 -3.413623 4.581913 
-16.03083 -3.784649 4.509967 
-13.95441 -5.825792 4.221969 
-14.64175 -5.474962 4.593312 
-15.92765 -3.885752 4.865888 
-15.9196 -4.024589 4.834614 
-15.9855 -3.994842 4.665361 
-14.51692 -5.677629 4.34951 
-15.97261 -4.318923 4.451089 
-14.84659 -5.525449 4.466328 
-15.89979 -4.526414 4.530267 
-15.7973 -4.854846 4.500155 
-15.41604 -5.219436 4.563221 
-15.57114 -5.009944 4.651839 
-15.66033 -5.116168 4.427724 
-15.33084 -5.528223 4.264503 
-15.5024 -5.302414 4.4088 
15.64271 4.149563 4.636864 
15.49624 4.308314 4.551697 
15.75657 3.993993 4.688112 
15.6594 3.926789 4.781585 
15.25198 4.446673 4.462063 
15.65326 3.795409 4.821053 
14.88672 4.466258 4.607343 
15.75597 3.508446 4.781882 
14.96303 4.52598 4.410519 
14.81349 4.567791 4.420783 
14.91606 4.359058 4.777147 
14.67103 4.505098 4.694769 
15.57555 3.39982 4.817858 
13.90199 5.064267 4.460794 
15.55412 3.133143 4.74348 
15.20519 3.271293 4.825723 
13.13937 5.316987 4.706591 
15.35034 2.84882 4.637608 
15.17414 2.949952 4.687061 
14.96673 3.248337 4.808582 
13.06361 5.335172 4.579047 
12.77223 5.386513 4.590009 
14.75205 3.237913 4.762258 
14.5505 3.228445 4.689017 
12.39134 5.410415 4.613639 
12.19407 5.413262 4.573658 
14.20691 3.37474 4.641518 
14.11296 3.644655 4.847141 
14.0073 3.403804 4.560938 
13.91409 3.712686 4.842225 
13.5814 3.841597 4.874547 
11.73897 5.39782 4.548978 
13.322 3.823683 4.751314 
11.37495 5.364242 4.39975 
11.19912 5.360378 4.480648 
10.96664 5.344412 4.49694 
11.65841 4.209029 4.872183 
10.48535 5.322761 4.268569 
10.35149 5.314037 4.305931 
10.26036 5.288942 4.390265 
10.04536 5.247735 4.467803 
9.83409 5.278664 4.200752 
10.37595 4.081673 4.55187 
10.05633 4.186195 4.683558 
9.308799 5.137316 4.236512 
9.118891 5.065228 4.221082 
9.771002 4.083222 4.438858 
8.926233 4.897599 4.304354 
8.760588 4.728607 4.354392 
8.568587 4.701165 4.244369 
8.758298 4.622397 4.415682 
9.318271 4.117151 4.366899 
8.734155 4.473555 4.442493 
8.423548 4.541113 4.280075 
9.052207 3.951122 4.200022 
8.817391 4.19426 4.363137 
8.33437 4.385149 4.297552 
8.094817 4.365523 4.195214 
8.406446 4.262776 4.319289 
7.888787 4.231562 4.135724 
8.033442 4.18437 4.21013 
13.31617 -2.573386 4.848919 
13.57326 -3.075565 4.866764 
13.46284 -2.986414 4.940948 
13.34054 -2.898573 4.989601 
13.07478 -2.670626 4.938924 
13.64473 -3.260611 4.87875 
13.58744 -3.355551 5.061514 
13.49047 -3.337909 5.194377 
13.21768 -2.77354 4.978718 
13.70197 -3.499091 4.956637 
13.17209 -2.90436 5.084256 
12.95437 -2.829077 5.024899 
13.81669 -3.916949 5.072065 
13.84015 -4.348159 5.180799 
12.7008 -2.870291 4.968248 
13.83386 -4.465569 5.114043 
12.77128 -3.065614 5.154324 
13.79158 -4.619739 5.059123 
13.7533 -4.732288 5.233192 
13.61942 -4.914208 5.173719 
11.99496 -3.379755 5.032011 
13.31565 -5.123096 5.225673 
11.68864 -3.575085 5.125464 
13.13781 -5.179506 5.244149 
13.06129 -5.185138 5.196529 
12.83828 -5.216873 5.194416 
12.58789 -5.234612 5.11445 
12.25186 -5.232442 5.228565 
11.91579 -5.244179 5.229547 
11.62906 -5.261718 5.160437 
10.00767 -3.903548 5.094414 
10.80779 -5.274793 5.066215 
10.55106 -5.237626 5.080122 
10.26394 -5.222168 4.909027 
8.810813 -4.030329 5.027124 
9.811516 -5.175582 4.851483 
9.552496 -5.121155 4.960036 
8.210117 -3.945735 4.786912 
9.175571 -5.103826 4.816123 
8.34153 -4.168684 5.020099 
8.881166 -5.047711 4.814396 
8.733352 -4.942066 4.917704 
8.067617 -4.02233 4.807176 
8.000134 -4.150731 4.846958 
8.523087 -5.055549 4.512291 
8.379594 -4.662024 4.997183 
7.991209 -4.446016 4.833132 
7.961429 -4.282393 4.85143 
7.705018 -4.073062 4.710223 
-0.132874 4.263507 3.986203 
-0.3569295 4.158496 4.014276 
8.458704 -4.972487 4.661749 
7.947662 -4.560019 4.726362 
7.756105 -4.450186 4.669301 
7.775757 -4.328078 4.744556 
-0.5321541 4.333054 4.057707 
-0.6257874 4.467081 4.024295 
-0.6243473 4.204099 4.048793 
-0.7538247 4.105823 4.019182 
-1.144539 4.320728 4.111414 
-0.8972048 4.497039 4.041948 
-0.9664468 4.410951 4.086226 
-1.220038 4.576599 4.005316 
-1.033116 4.099482 4.04318 
-1.125755 4.22763 4.098365 
-1.551703 4.507316 4.065839 
-1.498819 4.593851 3.992455 
-1.530673 4.248685 4.115686 
-1.40661 4.419168 4.1039 
-1.66085 4.643445 3.916355 
-1.044916 3.935819 3.929545 
-1.852253 4.586606 3.975285 
-1.40238 4.147367 4.08772 
-1.660093 4.345371 4.118246 
-1.804761 4.43324 4.090398 
-2.085028 4.543855 3.997442 
-1.671525 4.029943 4.027009 
-2.130393 4.158049 4.078012 
-1.995534 4.256944 4.102291 
-2.02121 3.946508 3.97129 
-2.414752 4.040171 4.033121 
-2.349162 4.277395 4.086535 
-2.34882 4.367528 4.072026 
-2.375583 4.467402 4.024203 
-2.20474 4.039361 4.02989 
-2.426097 4.189424 4.078643 
-2.801244 4.326478 4.046695 
-2.718193 4.461455 3.971591 
-2.766091 4.074607 4.047377 
-2.665041 3.924371 3.972577 
-2.921819 3.956759 3.990859 
-2.866367 4.184903 4.060749 
-3.143284 4.241502 4.01875 
-3.145322 4.097288 4.021292 
-3.116256 4.364215 3.961784 
-3.433638 4.18106 3.962882 
-3.397862 4.058473 3.973058 
-5.286891 3.918106 3.891069 
-5.632526 3.894456 4.002849 
-5.640099 4.030219 3.98021 
-5.653503 4.109354 3.936318 
-5.96946 4.214385 4.058829 
-5.733812 4.202718 3.900395 
-6.065064 4.406583 3.909677 
-6.250575 4.573661 3.749496 
-6.56816 4.720814 3.822473 
-5.748224 3.785382 4.009644 
-5.874056 4.023363 4.083552 
-6.165477 4.169083 4.20495 
-5.879951 3.899273 4.079504 
-5.931895 3.738405 4.030583 
-5.987948 3.606611 3.960012 
-6.252049 3.876452 4.187469 
-7.35019 4.916411 3.870222 
-6.545972 3.66091 4.056852 
-8.068892 4.974602 3.86781 
-8.333941 4.995266 3.907062 
-8.450339 5.018062 3.737858 
-8.713094 5.055268 3.721513 
-8.823956 5.051504 3.846041 
-9.001598 5.059735 3.708333 
-9.177334 5.094262 3.872358 
-7.975945 3.842135 4.261781 
-9.297122 5.073638 3.73391 
-9.645758 5.055712 3.872109 
-9.752285 5.044851 4.032669 
-9.843761 5.027159 3.972508 
-10.02758 4.979128 4.053318 
-8.908862 3.849035 4.411866 
-10.42335 4.925835 3.782869 
-10.53629 4.901866 3.929245 
-9.602981 3.370206 4.05107 
-10.96106 4.802045 3.942262 
-11.04821 4.783811 3.860607 
-9.927828 3.279091 4.035018 
-1.822582 -5.440602 4.467875 
-10.25905 3.497552 4.326563 
-11.35426 4.669885 3.990955 
-11.5788 4.59005 3.974848 
-2.059209 -5.392184 4.505494 
-11.89491 4.478903 4.054482 
-10.73386 3.065115 4.055613 
-10.61667 3.274344 4.198365 
-12.1239 4.45879 3.997623 
-12.35706 4.475427 3.908079 
-3.277822 -5.374698 4.371487 
-12.57194 4.488408 3.950629 
-3.386084 -5.397784 4.349639 
-12.91116 4.536733 3.983274 
-13.03154 4.54363 3.880352 
-11.51548 2.887065 4.281894 
-13.59102 4.514716 4.010688 
-11.80086 2.495577 4.345047 
-13.69538 4.512374 4.115282 
-11.70546 1.549578 4.225887 
-14.47194 4.289767 3.993551 
-11.72586 0.4090217 4.392139 
-11.67787 0.7335486 4.299335 
-11.57077 -0.03417659 4.236428 
-15.5192 3.717735 4.073863 
-15.58845 3.680473 4.230126 
-15.72572 3.429849 4.04355 
-11.85465 -1.378244 4.386271 
-15.82647 3.132629 4.01597 
-15.85127 3.207708 4.259795 
-8.241727 -5.201059 4.298246 
-15.88444 3.044243 4.23153 
-15.8777 2.990739 4.07573 
-8.30409 -5.575441 4.170721 
-8.481448 -5.161105 4.347078 
-11.74467 -1.805966 4.160545 
-15.87607 2.746002 4.271322 
-8.390454 -5.445967 4.291888 
-8.601905 -5.380428 4.369588 
-8.992822 -5.232389 4.428823 
-8.856709 -5.754239 4.295075 
-8.599267 -5.772669 4.151823 
-8.797165 -5.531248 4.384989 
-8.906932 -5.350348 4.431642 
-15.72374 1.913356 4.245341 
-15.7921 2.151919 4.259244 
-12.11374 -2.231015 4.390221 
-15.56568 1.348622 4.2161 
-15.62727 1.631692 4.18608 
-9.021938 -5.925051 4.21196 
-9.182198 -5.842815 4.364458 
-9.040724 -5.684239 4.403487 
-9.15721 -5.539342 4.478245 
-9.298391 -5.406211 4.50533 
-15.51462 0.9590244 4.435153 
-15.56846 1.229961 4.337542 
-9.561312 -5.35751 4.529482 
-9.559693 -5.211537 4.46926 
-15.5057 0.8835362 4.22652 
-9.129269 -6.045974 4.094403 
-15.43465 0.5711494 4.141003 
-9.383503 -6.012094 4.284087 
-10.33234 -5.254254 4.562441 
-15.30108 0.2206908 4.279252 
-15.24139 0.007621191 4.227755 
-9.713628 -6.134296 4.256844 
-10.35781 -5.51679 4.676713 
-10.15545 -5.406089 4.617789 
-12.51594 -2.984885 4.451363 
-12.90715 -2.994658 4.712987 
-15.21903 -0.4315498 3.934921 
-9.947115 -6.124332 4.343308 
-15.24354 -0.6726593 4.16184 
-10.05472 -6.301122 4.076629 
-13.05733 -3.507089 4.622693 
-15.22802 -0.7464687 4.543371 
-11.57245 -5.119736 4.637739 
-10.55822 -6.318955 4.079622 
-11.8494 -5.11667 4.648903 
-15.30892 -1.416922 4.348809 
-10.8969 -6.163941 4.272319 
-12.20685 -4.949159 4.584892 
-12.71386 -4.251845 4.422438 
-13.02968 -3.78368 4.548311 
-11.40601 -6.075153 4.276343 
-12.25844 -5.141607 4.678094 
-15.39334 -1.79912 4.329255 
-12.64861 -4.769536 4.570848 
-13.36983 -4.002898 4.685902 
-11.67231 -6.156691 4.052776 
-12.98662 -4.836932 4.660806 
-13.13542 -4.184014 4.572062 
-13.33055 -4.785043 4.719201 
-13.52708 -4.408126 4.730502 
-15.53194 -2.205102 4.421933 
-13.20487 -4.504503 4.631424 
-11.84902 -6.047031 4.226552 
-12.67638 -5.895528 4.367172 
-15.69453 -2.575061 4.297048 
-13.01684 -5.844936 4.3718 
-15.81188 -2.836171 4.517497 
-15.93315 -3.221395 4.447762 
-15.96335 -3.388658 4.306591 
-15.99997 -3.557365 4.588964 
-16.02064 -3.634062 4.270513 
-16.0158 -4.106339 4.319 
-16.00271 -3.916306 4.575819 
-15.97521 -4.364895 4.331201 
-15.97463 -4.148517 4.510344 
-14.95467 -5.627184 4.277529 
-15.94095 -4.542109 4.3884 
-14.75796 -5.733469 4.154616 
-15.90899 -4.65866 4.332038 
-15.71515 -5.119897 4.326404 
-15.82165 -4.970391 4.207027 
-15.52215 -5.421545 4.226163 
16.37427 3.801266 4.37593 
16.20753 4.009993 4.306918 
15.91325 4.205858 4.333616 
16.52169 3.495887 4.414443 
15.89585 4.020855 4.570792 
16.01821 4.033543 4.456164 
15.56515 4.368532 4.375061 
16.18842 3.76441 4.540457 
15.98599 3.768845 4.658165 
16.23708 3.541169 4.575845 
15.9186 3.596759 4.718358 
16.173 3.149771 4.574612 
16.00716 3.019466 4.598368 
14.59538 4.613419 4.54072 
14.11001 4.981881 4.315237 
13.89934 5.086773 4.250189 
13.59608 5.205227 4.522123 
13.46009 5.231266 4.371469 
15.65054 2.589218 4.505486 
13.25583 5.292489 4.4605 
13.05438 5.29888 4.186159 
12.58978 5.357821 4.229806 
15.42997 2.431259 4.434326 
15.06582 2.87531 4.632239 
15.22904 2.509221 4.467782 
12.20119 5.395593 4.346426 
14.93341 2.811039 4.567648 
13.84758 3.438307 4.50549 
13.70544 3.556954 4.567699 
14.64065 2.897336 4.509912 
14.30873 3.227951 4.574262 
11.9425 5.389315 4.273168 
11.55399 5.36326 4.224342 
11.21147 5.347546 4.169432 
10.91029 5.346079 4.335627 
10.72848 5.322865 4.04913 
11.93589 4.193452 4.894066 
9.982722 5.293089 4.143182 
9.647769 5.234806 4.182923 
9.493821 5.231108 4.03452 
9.42845 5.204689 4.097469 
9.991081 4.052528 4.452762 
8.746377 5.01587 3.868325 
8.95455 5.024287 4.115304 
8.778703 4.897128 4.171509 
8.512068 4.848413 3.958227 
8.367283 4.700484 4.07961 
9.305106 3.850787 4.08102 
8.150675 4.580177 4.070524 
13.46448 -1.413151 4.475432 
8.717827 4.04955 4.269063 
13.57898 -1.652468 4.580217 
7.841228 4.460855 3.981311 
8.700783 3.875941 4.128464 
8.288795 4.073932 4.244567 
13.73791 -2.004493 4.606908 
13.53741 -1.856768 4.63537 
13.37238 -1.753197 4.606247 
7.905118 4.390681 4.079699 
13.24775 -1.664636 4.54057 
7.885158 4.110854 4.134147 
7.895621 3.969498 4.097646 
7.647815 4.206221 4.034569 
13.48677 -2.424811 4.731449 
13.43555 -2.23751 4.715489 
13.18163 -2.211379 4.722044 
7.528241 4.032917 3.992337 
13.53592 -2.556013 4.729615 
7.396113 4.132129 3.92534 
13.60497 -2.936386 4.754665 
13.66778 -2.818459 4.649535 
13.53287 -2.756515 4.772197 
13.36273 -2.696856 4.879211 
13.25476 -2.429198 4.801454 
13.0143 -2.363587 4.756884 
13.10624 -1.640309 4.465236 
13.68951 -2.998515 4.646582 
13.02963 -2.13483 4.659553 
12.90132 -2.130224 4.605543 
13.71856 -3.278679 4.72047 
13.78368 -3.604514 4.799727 
12.85131 -2.535734 4.803794 
12.79356 -2.351516 4.668952 
12.61919 -2.538485 4.693975 
13.87291 -4.221984 4.767404 
12.26187 -2.931945 4.764715 
12.3758 -3.250535 5.114511 
13.37744 -5.081827 5.264131 
13.36317 -5.076094 5.008921 
11.59765 -3.147449 4.604188 
13.214 -5.137452 4.938975 
11.48397 -3.354762 4.785735 
13.11781 -5.158685 4.952853 
12.9565 -5.216858 5.1292 
12.94256 -5.202993 4.9471 
12.7346 -5.239853 5.038164 
12.67158 -5.230272 4.939874 
11.17565 -3.540085 4.911315 
12.59059 -5.243655 4.917458 
12.48651 -5.22964 4.928222 
12.28734 -5.238224 4.912757 
11.75006 -5.267989 4.890671 
10.45371 -3.636889 4.82659 
2.676574 4.169731 3.797348 
11.55178 -5.300865 4.67191 
2.57505 4.053504 3.80019 
2.236674 4.282953 3.875059 
2.229533 4.445609 3.790998 
11.36415 -5.297875 4.970835 
2.403745 4.182159 3.855964 
2.078474 4.376488 3.859548 
11.19833 -5.305914 4.885139 
2.223334 3.907582 3.755398 
1.753722 4.449125 3.828072 
9.121473 -3.8839 4.893091 
1.972596 4.20401 3.896287 
2.155679 4.011081 3.823482 
10.57053 -5.283312 4.749003 
2.059441 4.115299 3.874603 
2.015322 3.808236 3.686673 
1.498165 4.031428 3.867744 
1.616007 4.313708 3.905976 
10.34787 -5.266197 4.560813 
1.33052 4.411586 3.878663 
1.112395 4.475534 3.841003 
1.336426 4.237267 3.927944 
0.7692494 4.361105 3.916261 
0.7846493 4.432269 3.882045 
8.398599 -3.835697 4.70374 
1.228192 4.162047 3.922484 
0.5660433 4.453979 3.875449 
1.162828 4.081174 3.897377 
0.5011461 4.277812 3.931875 
0.3489591 4.375518 3.918334 
0.4418009 4.083083 3.893467 
0.3908817 4.17967 3.924902 
0.003927236 4.456341 3.90061 
7.848962 -3.788925 4.522315 
0.0274779 4.36512 3.945899 
7.671246 -3.924805 4.60314 
0.1895797 4.056976 3.886521 
0.1852656 4.278229 3.946782 
8.856182 -5.090201 4.687611 
0.2120115 3.936178 3.803157 
0.1003002 4.184927 3.945946 
-0.3042593 4.360588 4.005651 
-0.3532361 4.44381 3.977287 
-0.2224337 4.547177 3.856952 
7.52268 -4.040926 4.618847 
-0.1762978 4.128213 3.960547 
-0.715964 4.565665 3.929709 
-0.6922486 4.643556 3.801787 
8.251777 -4.813072 4.736713 
7.476685 -4.359446 4.55989 
7.459055 -4.259712 4.59725 
7.488913 -4.156538 4.627669 
-0.6144074 4.69858 3.662941 
8.224384 -4.884151 4.577538 
7.997863 -4.689209 4.63704 
7.846336 -4.65154 4.533187 
7.452281 -4.455586 4.47066 
7.169101 -4.004303 4.499048 
-0.3095727 3.993949 3.899462 
7.861371 -4.744206 4.390766 
7.593048 -4.530591 4.481138 
7.157777 -4.239205 4.489329 
7.164001 -4.111079 4.519255 
-1.083585 4.729672 3.70339 
7.177687 -4.334123 4.444988 
6.885986 -4.068249 4.456829 
-0.4795999 3.802287 3.748486 
-0.688104 3.986476 3.938546 
-1.14614 4.632447 3.912355 
-1.436483 4.737114 3.710277 
-1.052157 3.854673 3.844697 
-1.743855 4.748302 3.664964 
6.472696 -4.04287 4.409838 
-2.021254 4.642096 3.863174 
-1.395319 3.999132 4.016476 
-2.449125 4.641784 3.755808 
-2.535958 4.558239 3.878566 
-3.046915 4.464299 3.854784 
-2.916396 4.569312 3.738909 
-3.288552 4.552774 3.547877 
5.136456 -4.519387 4.354294 
4.857418 -4.448564 4.418835 
-3.153337 3.98655 3.987981 
-3.439749 4.384244 3.779954 
4.771266 -4.718035 4.303125 
4.742297 -4.582051 4.386127 
4.156796 -4.402817 4.412568 
4.486429 -4.324647 4.415076 
-3.418877 3.636299 3.704322 
-3.551613 4.232865 3.883857 
4.463836 -4.49545 4.423625 
-3.574154 3.965761 3.90256 
-3.653012 4.081498 3.898603 
-3.667065 4.307134 3.770427 
-3.499103 3.864732 3.869802 
-3.765403 3.819121 3.826128 
-3.92471 4.077089 3.838518 
-4.147139 4.184207 3.717223 
4.298985 -4.666567 4.376683 
3.901885 -4.522894 4.416354 
3.75896 -4.409069 4.402074 
-3.786621 3.954167 3.865665 
-3.867008 4.214778 3.781018 
-4.016642 3.96802 3.838307 
-4.210301 4.072787 3.785201 
4.112326 -4.779651 4.308283 
3.685523 -4.744153 4.367712 
4.013694 -4.618406 4.400594 
-4.17376 3.700036 3.783144 
-4.138152 3.874947 3.824968 
-4.404482 3.985701 3.8012 
-4.443056 4.080961 3.748225 
3.453238 -4.569294 4.407336 
-4.376386 3.848369 3.821134 
3.500856 -4.826507 4.320566 
-4.661946 3.685477 3.805788 
-4.60311 3.802665 3.823077 
-4.64221 3.913259 3.817494 
3.35474 -4.696873 4.373247 
3.127922 -4.590888 4.369953 
2.881849 -4.46236 4.294225 
-5.24522 4.147368 3.714221 
3.275416 -4.818655 4.294885 
2.827616 -4.593116 4.285609 
-5.01119 3.879283 3.854348 
-5.057487 4.032367 3.804998 
-5.303401 4.057745 3.827397 
-5.025239 3.705742 3.841851 
-5.514097 4.180512 3.785016 
-5.658284 4.309285 3.659202 
-5.720684 4.276443 3.783468 
-6.00026 4.455751 3.701312 
-6.019934 4.520659 3.428071 
-5.293512 3.795558 3.898133 
-5.423892 3.546322 3.832375 
-5.410259 3.638176 3.877559 
-5.537731 3.449095 3.7858 
-7.01934 4.878876 3.794875 
-5.700101 3.384329 3.754329 
-7.260277 4.935155 3.584803 
-7.52072 4.946018 3.807711 
-6.17284 3.58318 3.968608 
-7.602407 4.970211 3.683322 
-7.747102 4.973367 3.580623 
-7.87753 4.984823 3.751168 
1.32883 -4.950724 4.340182 
-8.015276 4.977475 3.63728 
-8.188125 4.994308 3.752697 
0.9498752 -4.925659 4.387084 
-6.931904 3.677222 4.076216 
0.9302565 -5.266459 4.306459 
-8.553553 5.014208 3.500828 
0.923288 -5.104886 4.373469 
-7.233008 3.450761 3.818159 
-7.604689 3.510383 3.880685 
-8.828595 5.049152 3.688821 
0.4893233 -5.125226 4.387979 
0.6201411 -4.956484 4.384844 
0.6252538 -5.26353 4.333673 
0.1079997 -5.094684 4.391672 
-9.519647 5.064384 3.772744 
0.2806607 -5.266996 4.350179 
-0.2349311 -5.142769 4.392698 
-0.1982635 -5.051215 4.379908 
-8.345988 3.543723 3.963091 
-9.960863 5.004507 3.794702 
-0.0980326 -5.278508 4.361556 
-0.2572805 -5.227157 4.38702 
-0.5702751 -5.119464 4.398921 
-10.06194 4.997113 3.92833 
-0.05833472 -5.373746 4.30904 
-0.362048 -5.413547 4.333137 
-10.25992 4.951169 3.649552 
-0.5437831 -5.307524 4.39698 
-0.6278456 -5.215104 4.412993 
-0.4309771 -5.546463 4.247319 
-0.7235326 -5.544762 4.317394 
-1.082223 -5.1925 4.433004 
-0.7493122 -5.422685 4.388713 
-8.939711 3.338137 3.836771 
-10.56382 4.897407 3.527693 
-0.8025835 -5.676709 4.211809 
-0.9912284 -5.328443 4.437122 
-10.77492 4.858371 3.73478 
-1.15914 -5.660194 4.294087 
-1.085899 -5.487405 4.402512 
-1.497159 -5.16626 4.430658 
-1.251191 -5.761218 4.190557 
-1.653663 -5.376711 4.470078 
-1.34134 -5.277994 4.453428 
-1.692181 -5.46012 4.452932 
-1.840817 -5.230045 4.447986 
-1.831186 -5.097694 4.383459 
-11.33978 4.692726 3.717436 
-1.73453 -5.707583 4.261514 
-1.454865 -5.551199 4.393511 
-1.881533 -5.371356 4.47797 
-2.357443 -5.259576 4.428228 
-11.45667 4.642622 3.887136 
-2.338969 -5.38393 4.436985 
-2.259329 -5.154927 4.401508 
-11.72779 4.550008 3.915507 
-2.056684 -5.55104 4.3879 
-2.293908 -5.488777 4.400779 
-2.564053 -5.670992 4.217988 
-2.875497 -5.03615 4.312588 
-11.88476 4.52591 3.710224 
-2.176809 -5.699109 4.241522 
-2.63833 -5.52658 4.337811 
-2.651672 -5.404321 4.392963 
-2.7501 -5.315863 4.399932 
-2.843966 -5.141501 4.365217 
-12.18258 4.489434 3.63079 
-2.687846 -5.767497 4.078271 
-3.073192 -5.667756 4.175623 
-3.145586 -5.345676 4.376259 
-3.119683 -5.230743 4.367854 
-3.405826 -5.122623 4.319754 
-11.05338 3.022048 4.142036 
-12.4315 4.49722 3.781171 
-3.147186 -5.438169 4.345136 
-12.61688 4.509917 3.624095 
-12.68225 4.519787 3.817111 
-3.456902 -5.226731 4.337034 
-3.807214 -5.10846 4.293659 
-11.02442 2.740666 3.947216 
-12.81482 4.535133 3.647843 
-3.220997 -5.533602 4.274458 
-3.508242 -5.425952 4.302333 
-13.17743 4.543952 3.784595 
-3.861337 -5.544263 4.12963 
-3.537417 -5.321508 4.328284 
-3.821671 -5.214208 4.298861 
-11.30653 2.698801 4.074964 
-13.20269 4.528109 3.583155 
-13.44126 4.511559 3.66203 
-3.543056 -5.628477 4.114779 
-3.83728 -5.377469 4.256084 
-4.186635 -5.09426 4.25483 
-11.66191 2.729393 4.305008 
-4.086184 -5.540504 4.082053 
-11.42517 2.462884 4.059299 
-13.68192 4.478525 3.721865 
-3.888796 -5.465712 4.192369 
-4.218739 -5.309025 4.221641 
-4.453772 -5.162315 4.217605 
-4.618367 -5.234731 4.166403 
-13.93693 4.433735 3.776392 
-4.408404 -5.504124 4.044532 
-4.517526 -5.377981 4.122395 
-5.006678 -5.102666 4.099432 
-4.811229 -5.001928 4.143284 
-4.770244 -5.394793 4.026158 
-11.68722 2.074312 4.192305 
-14.16101 4.379776 3.840655 
-5.218678 -5.143077 4.004324 
-11.32738 1.583967 3.851819 
-11.33075 1.202303 3.867911 
-14.52584 4.244658 3.768567 
-15.21695 3.940094 3.990631 
-7.136769 -4.964651 3.981222 
-15.25673 3.880949 3.852005 
-7.527384 -5.11235 4.059485 
-7.34631 -4.821459 4.031259 
-7.785055 -5.033395 4.146608 
-11.80167 -0.7944928 4.443982 
-7.652715 -5.240766 4.046916 
-7.966321 -5.158181 4.195815 
-8.047343 -5.042064 4.212187 
-7.831158 -4.805213 4.114329 
-15.62493 3.570938 3.956306 
-7.816156 -5.436371 3.980223 
-8.048874 -5.301182 4.204294 
-8.149641 -4.976358 4.217364 
-8.092413 -4.794403 4.135329 
-15.77633 3.254816 3.855896 
-8.026257 -5.402587 4.135481 
-8.543349 -4.889845 4.226501 
-8.108905 -5.537642 4.072668 
-8.307504 -5.740578 3.988681 
-9.011236 -4.921009 4.258897 
-15.82567 2.652003 3.893126 
-9.070076 -5.085505 4.363996 
-15.8397 2.431884 4.138525 
-15.65444 1.798133 3.95597 
-8.70638 -5.89147 4.055848 
-15.54913 1.427804 3.959421 
-9.677961 -5.008304 4.338055 
-15.49975 0.9587343 3.975665 
-10.07262 -5.045823 4.39036 
-15.48173 0.779382 3.987497 
-15.34251 0.3326123 4.020693 
-15.21251 -0.2784443 4.253439 
-15.22217 -0.06402382 3.907582 
-15.2783 0.1560208 3.961875 
-10.94722 -4.738922 4.236887 
-12.22542 -3.222638 4.198626 
-15.21404 -0.2879864 3.991737 
-10.52105 -5.098937 4.474338 
-12.37574 -3.530246 4.244392 
-12.35821 -3.067423 4.32002 
-9.57573 -6.206262 4.084022 
-12.71804 -3.319389 4.475373 
-15.25459 -0.7721989 3.88343 
-11.47274 -4.948186 4.494729 
-12.65558 -3.696529 4.374529 
-11.98303 -4.229171 4.17946 
-12.66386 -3.903707 4.370444 
-15.28974 -1.137706 4.17972 
-11.75969 -4.798984 4.430899 
-11.97418 -4.649446 4.380239 
-12.2409 -4.554809 4.390025 
-12.63116 -4.088556 4.370825 
-15.30359 -1.406654 4.014026 
-15.36467 -1.783244 4.008962 
-15.33294 -1.566167 4.157321 
-10.91635 -6.26519 4.093452 
-12.49252 -4.439766 4.40599 
-11.41191 -6.168528 4.113092 
-15.46785 -2.062469 4.167192 
-12.2986 -6.089469 4.060255 
-15.56162 -2.303678 4.187055 
-12.76498 -6.029996 4.111496 
-15.77835 -2.823893 4.061517 
-15.91303 -3.167912 4.250207 
-15.8901 -3.170703 3.988357 
-13.01814 -5.995225 4.105553 
-15.96233 -3.453677 4.067775 
-16.02003 -3.744196 4.120337 
-16.05303 -4.103796 4.059411 
-16.02159 -3.928311 4.253949 
-14.28361 -5.847151 4.072202 
-16.01161 -4.218699 4.176684 
-14.57392 -5.796 4.070057 
-14.94109 -5.722596 4.069619 
-15.92954 -4.689259 4.182023 
-15.88926 -4.848362 4.088578 
-15.62934 -5.33209 4.150918 
-15.76072 -5.168705 4.065533 
16.6574 3.798686 4.098974 
16.89566 3.449429 4.14696 
16.79277 3.671967 4.088464 
16.59948 3.695406 4.257317 
16.45478 3.987053 4.03677 
16.7296 3.378754 4.312245 
16.5099 3.611673 4.381101 
15.72233 4.413605 4.082757 
16.90537 3.267452 4.199507 
15.51685 4.478899 4.141829 
16.52425 3.302479 4.436142 
15.27606 4.561063 4.051524 
16.62729 3.094598 4.371179 
16.62912 2.66402 4.27235 
16.19382 3.335676 4.596073 
14.91355 4.611073 4.077592 
16.41488 2.940347 4.439811 
14.69211 4.665011 4.150212 
14.59778 4.662661 4.36738 
14.52353 4.745484 4.131772 
14.32553 4.874958 3.969395 
16.39086 2.675665 4.370962 
14.22686 4.908831 4.232753 
14.04451 5.02819 4.242609 
16.29016 2.421452 4.303107 
13.66618 5.16821 4.260172 
15.91642 2.742944 4.533156 
13.36545 5.218988 4.082093 
16.10571 2.262197 4.281258 
15.83158 2.214416 4.301637 
12.52363 5.306714 3.908402 
15.50706 2.180167 4.299911 
15.18556 2.326865 4.354694 
14.33889 2.987553 4.40226 
14.94167 2.032385 4.148441 
14.90152 2.276118 4.263974 
14.56367 2.641819 4.318944 
13.81306 3.04489 4.099236 
14.91294 2.519241 4.402112 
13.52564 3.649596 4.594077 
13.53346 3.332999 4.196198 
10.20101 5.2953 4.040408 
9.673467 5.252049 3.961769 
11.00432 3.886243 4.226353 
9.811544 3.84791 4.098738 
9.171457 5.182864 3.914096 
8.973372 5.112051 3.863567 
8.431973 4.895525 3.720475 
13.96059 -1.422983 4.378032 
13.64478 -1.432356 4.481275 
13.63976 -1.031404 4.205628 
14.05908 -1.643808 4.420203 
14.04134 -1.900992 4.475295 
13.77817 -1.609669 4.527722 
13.42982 -1.024336 4.172681 
9.012986 3.747238 3.966304 
7.957775 4.621161 3.841308 
13.41348 -1.355801 4.424979 
14.15365 -2.246298 4.384599 
8.268684 3.877794 4.105968 
7.66394 4.621905 3.562251 
14.02432 -2.1031 4.478737 
13.05489 -1.450846 4.315929 
8.427362 3.70596 3.925227 
7.600099 4.498569 3.754391 
13.84385 -2.398076 4.546131 
13.71777 -2.269623 4.623311 
7.63317 4.331121 3.968494 
7.443914 4.413455 3.7688 
13.68721 -2.601248 4.631985 
7.781166 3.835302 3.991235 
13.76832 -2.689823 4.550883 
13.86793 -2.717022 4.438858 
7.595276 3.913408 3.995147 
7.182025 4.321681 3.713318 
13.77039 -3.06411 4.509011 
13.83118 -3.259164 4.366749 
13.79417 -2.891062 4.476185 
12.72221 -1.80594 4.3056 
7.360795 3.841077 3.848567 
7.319481 4.225632 3.850273 
13.79309 -3.38281 4.558553 
13.83222 -3.642938 4.600016 
13.86958 -4.047739 4.793656 
12.4284 -2.617455 4.628275 
13.83912 -4.47113 4.870438 
11.71964 -2.472397 4.039124 
11.98656 -3.104614 4.750929 
13.54911 -4.965869 5.028732 
13.36253 -5.034092 4.769495 
13.15152 -5.096407 4.648458 
12.96294 -5.142122 4.662615 
10.86662 -3.072273 4.244288 
4.134035 4.040108 3.639844 
12.7856 -5.203283 4.772976 
12.37881 -5.202451 4.628265 
10.98887 -3.319033 4.572632 
12.223 -5.237137 4.662799 
3.807525 4.050107 3.66548 
3.49391 4.109309 3.622924 
3.129098 4.197441 3.663159 
3.351271 4.245631 3.57179 
3.099853 4.361603 3.545453 
2.738549 4.490542 3.557755 
12.05262 -5.255826 4.686218 
2.765589 4.279383 3.732415 
2.848714 4.372684 3.634331 
11.87799 -5.252634 4.564319 
11.69535 -5.270649 4.631401 
10.24035 -3.431434 4.473784 
2.794199 4.027188 3.739301 
3.110604 4.091954 3.691786 
2.798301 4.173857 3.752654 
2.443769 4.368138 3.813003 
2.520797 4.557075 3.566863 
11.46604 -5.297578 4.666561 
2.994883 3.852333 3.64636 
2.592307 3.936088 3.737531 
2.264434 4.58355 3.589761 
11.32544 -5.32234 4.764665 
11.25015 -5.30938 4.617573 
1.906746 4.497146 3.756316 
1.784831 4.57997 3.629225 
11.13433 -5.316001 4.445403 
2.692082 3.761325 3.608365 
1.834165 4.675362 3.408815 
10.85718 -5.30371 4.760282 
10.72752 -5.299376 4.428409 
1.364461 4.623448 3.589902 
10.53196 -5.298642 4.530132 
1.507762 3.816272 3.676752 
1.618286 3.946386 3.807222 
0.887087 4.638111 3.601077 
1.177836 4.524429 3.774066 
1.206302 3.990364 3.844534 
10.00348 -5.219696 4.651707 
8.535262 -3.739276 4.583861 
0.7462075 4.530148 3.775634 
9.599091 -5.191667 4.580152 
7.858464 -3.690428 4.402917 
0.8983338 4.000769 3.84787 
0.4833196 4.627094 3.616056 
0.2791218 4.679639 3.509029 
0.3688326 4.506771 3.827385 
0.07023491 4.579589 3.762433 
0.8690317 3.842865 3.691268 
0.4873879 3.992426 3.842 
-0.2197172 4.726754 3.523315 
9.219854 -5.155756 4.607415 
7.56229 -3.844317 4.512757 
-0.3157818 4.620262 3.784398 
7.181514 -3.693007 4.265579 
0.3365537 3.831298 3.699762 
-0.6095802 4.754225 3.497071 
-0.2272173 3.886577 3.807092 
7.084296 -3.806782 4.35546 
7.090265 -3.919481 4.438175 
8.01946 -4.861931 4.328319 
7.563222 -4.69812 4.160335 
7.365999 -4.534044 4.323996 
-1.463866 4.831872 3.376919 
6.714718 -3.94431 4.379808 
7.126148 -4.530192 4.199077 
7.091976 -4.424377 4.329039 
6.948963 -4.312922 4.383675 
6.884449 -4.202688 4.432147 
6.704069 -4.105327 4.436127 
6.396673 -3.760756 4.191335 
-0.9016588 3.679292 3.631179 
-1.837923 4.823767 3.371573 
6.595874 -4.156381 4.41449 
6.882239 -4.515471 4.147837 
6.626351 -4.412621 4.246672 
6.629518 -4.282198 4.349944 
6.11814 -4.080469 4.350769 
6.080714 -3.967825 4.294015 
6.445259 -3.878021 4.298773 
5.888832 -3.86578 4.199067 
-2.105111 4.718963 3.687421 
6.238242 -4.157307 4.378822 
-2.309751 4.804743 3.312283 
6.26823 -4.326033 4.303616 
6.099618 -4.152054 4.364401 
-2.598769 4.666832 3.642717 
6.180492 -4.502199 4.157649 
6.070072 -4.294641 4.315432 
5.752769 -4.205596 4.33203 
-1.733769 3.805455 3.813728 
5.916472 -4.410711 4.26019 
5.589628 -4.031149 4.26917 
5.71455 -4.319338 4.31826 
5.341142 -4.227924 4.338678 
5.547693 -4.13448 4.311157 
-2.248862 3.851385 3.883784 
5.509269 -4.572563 4.218333 
5.383644 -4.481127 4.310105 
5.6308 -4.406798 4.299047 
5.371725 -4.349132 4.349306 
5.152519 -4.06581 4.263786 
5.804165 -4.540978 4.172248 
5.18035 -4.390512 4.393674 
5.242794 -4.133389 4.305194 
-2.556034 3.632886 3.656364 
-3.256756 4.615176 3.409084 
5.496924 -4.697319 4.096171 
4.869656 -4.357626 4.42449 
4.793706 -4.242535 4.37315 
4.827907 -4.028993 4.199182 
5.130097 -4.688018 4.232725 
-3.628669 4.500422 3.44456 
4.488704 -4.149521 4.283219 
5.083741 -4.815559 4.099758 
-3.42873 4.470139 3.642714 
4.786927 -4.951778 3.973315 
4.525288 -4.731088 4.314126 
-3.369359 3.786807 3.832195 
-3.82089 4.380761 3.587555 
-4.088713 4.347925 3.489154 
4.563342 -5.001953 3.876994 
4.804395 -4.875162 4.093036 
4.155597 -4.228177 4.314197 
-4.131958 4.275306 3.605605 
4.348411 -4.854655 4.190904 
3.828055 -4.318223 4.355055 
-3.732431 3.663924 3.735172 
-4.428254 4.265738 3.502054 
4.234964 -4.959693 4.056751 
3.771137 -4.870232 4.258833 
3.446774 -4.232109 4.273064 
-4.457406 4.168219 3.656188 
3.881469 -4.957481 4.141649 
3.228097 -4.442766 4.376311 
2.988272 -4.086143 4.09389 
-4.637483 4.042156 3.773045 
3.147604 -4.276936 4.268043 
2.884131 -4.212354 4.177593 
-4.765973 4.160231 3.63589 
3.472145 -4.997491 4.138025 
2.928266 -4.326619 4.253103 
3.360727 -5.084433 4.01432 
-4.652957 3.524158 3.717233 
-5.121154 4.216639 3.563185 
-5.380327 4.226761 3.633796 
-5.343222 4.283808 3.473205 
2.858596 -4.727463 4.246303 
2.473724 -4.289763 4.12985 
-5.554517 4.33649 3.485257 
3.162984 -4.966185 4.114265 
2.512797 -4.56367 4.226279 
2.426783 -4.380386 4.170875 
-5.839198 4.445259 3.435481 
-6.328268 4.639109 3.630416 
2.913546 -5.033228 3.94312 
2.917318 -4.852488 4.165938 
2.334871 -4.484656 4.192935 
-5.05407 3.46929 3.741833 
-6.556173 4.753556 3.53588 
2.628551 -4.86781 4.091134 
2.573861 -4.779184 4.157647 
2.580657 -4.683686 4.210846 
2.127613 -4.591713 4.190285 
-6.767338 4.826674 3.677347 
2.128993 -4.418201 4.151639 
-6.936481 4.881539 3.525323 
1.833896 -4.756849 4.200038 
1.642675 -4.62995 4.210183 
-7.442527 4.931476 3.46715 
1.73548 -4.887452 4.19302 
1.700766 -4.716438 4.22104 
1.482273 -4.947803 4.275236 
1.423428 -4.784909 4.276286 
1.387173 -4.678201 4.240683 
-7.538685 4.942797 3.439234 
1.236545 -4.624139 4.212405 
-6.317677 3.371471 3.786203 
1.607025 -5.05638 4.163909 
1.24962 -5.171608 4.265136 
1.470691 -5.289654 4.039681 
-6.717408 3.400985 3.800531 
-8.4152 4.980323 3.4571 
1.192637 -5.355268 4.140588 
0.6282178 -4.681929 4.192631 
1.052198 -5.492782 4.046031 
0.8259209 -5.406023 4.17703 
-9.165367 5.0714 3.578144 
0.8683856 -5.552108 3.979298 
0.7450781 -4.798307 4.302193 
-0.009689224 -4.740888 4.155267 
-9.310246 5.015939 3.312198 
0.4889263 -5.540536 4.007021 
0.6083961 -5.422138 4.174232 
0.10696 -4.836124 4.260956 
0.695839 -5.588048 3.892596 
0.2281453 -5.451033 4.187138 
0.06741254 -4.952942 4.340201 
-8.086576 3.521364 3.912916 
-9.431881 5.032663 3.431219 
-9.826789 5.008726 3.547839 
-7.912127 3.148087 3.556251 
0.1996225 -5.597066 3.969273 
0.1929179 -5.532794 4.083938 
0.1281626 -5.388462 4.271674 
-0.3860393 -4.876452 4.251426 
-0.2114247 -5.567478 4.15215 
-10.11631 4.973781 3.604846 
-0.4692497 -5.011026 4.354961 
-8.181965 3.294368 3.691533 
-0.9697124 -5.041388 4.368419 
-8.7844 3.209727 3.658329 
-0.2107994 -5.644715 4.034598 
-0.5085434 -5.701774 4.076643 
-1.678992 -4.904233 4.212033 
-1.294175 -5.063027 4.374115 
-10.79538 4.830717 3.294964 
-0.8087372 -5.775053 4.068972 
-9.080606 3.086554 3.600619 
-1.827345 -5.007206 4.307446 
-2.163681 -4.865526 4.162307 
-11.07352 4.776184 3.560141 
-11.54901 4.620495 3.404107 
-1.417856 -5.867102 3.995914 
-10.17083 3.014732 3.842015 
-1.830112 -5.939916 3.825302 
-1.806607 -5.872267 3.984015 
-2.381423 -5.044255 4.324665 
-2.554395 -4.913633 4.208454 
-11.75907 4.558237 3.621438 
-1.794035 -5.794677 4.129539 
-11.9266 4.516412 3.38561 
-3.271255 -4.899324 4.192857 
-2.447743 -5.811657 4.033814 
-3.217439 -5.012206 4.284212 
-12.46723 4.491293 3.446513 
-3.606452 -4.986533 4.261174 
-2.929486 -5.792607 4.002402 
-10.84797 2.347564 3.633312 
-4.072132 -4.809192 4.110096 
-12.99302 4.517117 3.52773 
-4.059669 -4.965055 4.229669 
-3.60656 -5.6997 3.985946 
-4.50145 -4.985671 4.199366 
-11.15294 2.33414 3.826685 
-13.47893 4.479914 3.456321 
-3.334935 -5.780228 3.932243 
-11.37405 2.168689 3.941571 
-3.660451 -5.805861 3.740711 
-3.945942 -5.657111 3.939798 
-4.931587 -4.817645 4.040888 
-11.39662 1.947695 3.928491 
-4.598066 -5.552314 3.90234 
-5.127499 -4.907263 4.042125 
-10.90463 1.261788 3.464232 
-14.28529 4.291099 3.520754 
-14.01311 4.359806 3.415768 
-4.854953 -5.302852 4.065169 
-5.242249 -5.016011 4.024038 
-5.45405 -4.857893 3.9785 
-4.963615 -5.511209 3.796288 
-5.449415 -5.073126 3.956663 
-5.707959 -4.98286 3.924599 
-5.205207 -5.369565 3.847003 
-5.367222 -5.23762 3.893704 
-5.502827 -5.161236 3.897542 
-5.708687 -5.086354 3.885965 
-5.585007 -5.267645 3.776235 
-5.932639 -5.169568 3.783831 
-6.382452 -4.846818 3.906979 
-5.995345 -5.063746 3.851342 
-6.087555 -4.922495 3.900336 
-6.66268 -4.758134 3.92187 
-6.356592 -4.631081 3.873175 
-14.79338 4.141444 3.839434 
-14.57028 4.189959 3.562443 
-6.21867 -5.159991 3.752248 
-6.504671 -4.964685 3.88114 
-11.12629 0.1696351 3.728212 
-11.33083 0.6662478 3.916278 
-6.388195 -5.054867 3.832745 
-6.670747 -4.566256 3.866008 
-6.685063 -5.062183 3.848254 
-6.74321 -4.873336 3.926456 
-7.137103 -4.541158 3.897162 
-14.92641 4.009934 3.555131 
-6.819757 -4.964539 3.915639 
-7.058688 -4.747105 3.965524 
-6.656 -5.13964 3.778453 
-6.943301 -5.091223 3.879988 
-7.125153 -4.877092 3.986883 
-7.463632 -4.662476 3.990734 
-7.599165 -4.537074 3.926969 
-7.206614 -5.10474 3.945882 
-10.99507 -0.8289926 3.554099 
-11.50198 -0.5548812 4.13783 
-15.36986 3.732648 3.676737 
-7.237268 -5.230577 3.861433 
-15.53122 3.613781 3.790571 
-7.281018 -5.331844 3.7591 
-7.514069 -5.324024 3.905295 
-7.885555 -4.545294 3.949418 
-15.71935 3.329676 3.76494 
-11.34472 -1.513621 3.823142 
-15.82809 2.934056 3.865989 
-15.72921 3.122247 3.543249 
-7.859184 -5.582031 3.817253 
-9.626253 -4.810246 4.174115 
-11.65374 -2.060688 4.008539 
-8.154476 -5.746051 3.826919 
-15.68013 2.060856 3.72034 
-15.75791 2.41683 3.695769 
-15.75384 2.138777 3.973211 
-8.529714 -5.939854 3.818586 
-15.52947 1.505112 3.757908 
-12.08118 -2.637144 4.230598 
-15.48563 1.13251 3.77444 
-15.49733 1.243281 3.820951 
-9.866679 -4.512631 3.928887 
-11.89964 -2.787518 4.053824 
-15.47654 1.020088 3.813966 
-8.824244 -6.014729 3.914079 
-15.42056 0.5926965 3.778845 
-9.198156 -6.14105 3.94173 
-10.56323 -4.620204 4.080544 
-12.10687 -3.351911 4.109565 
-11.71273 -2.930197 3.896907 
-15.31538 0.3150672 3.810175 
-15.23199 0.08611888 3.711399 
-11.98859 -3.570614 4.03856 
-11.98083 -3.807436 4.061942 
-12.08181 -4.039754 4.15548 
-11.77496 -4.384993 4.185653 
-15.22936 -0.6609734 3.669928 
-12.45927 -4.227585 4.333968 
-12.31456 -3.837661 4.205223 
-15.27949 -1.098958 3.758901 
-15.29722 -1.5392 3.781166 
-15.36414 -1.869926 3.840422 
-11.20071 -6.308808 3.863343 
-11.538 -6.259239 3.793931 
-11.82171 -6.211944 3.851959 
-12.2768 -6.150542 3.871706 
-15.6631 -2.552004 4.063426 
-15.81705 -3.123591 3.702486 
-12.62158 -6.148897 3.768437 
-13.45829 -5.92382 4.119966 
-15.9057 -3.369089 3.826082 
-13.26224 -6.053931 3.82982 
-13.61531 -5.952447 3.997251 
-13.98061 -5.925873 3.910233 
-16.01448 -3.774924 3.884486 
-16.02598 -3.993037 3.946875 
-14.17008 -5.922473 3.805166 
-16.00821 -4.228835 3.932587 
-15.96815 -4.507773 3.79136 
-15.96738 -4.535717 4.087349 
-15.20757 -5.674757 3.995846 
-15.82885 -5.022643 3.942914 
-15.50351 -5.529827 4.019563 
-15.63825 -5.417378 3.903291 
17.18602 3.516631 3.647677 
16.99521 3.5347 3.963643 
16.88927 3.741979 3.836089 
17.14354 3.403491 3.891443 
16.7118 3.893594 3.778574 
17.13097 3.232671 4.00028 
16.31027 4.15933 3.812627 
16.10404 4.173064 4.147946 
17.08833 3.076731 4.073768 
15.93373 4.320959 3.941558 
17.11844 2.757471 4.028173 
15.39495 4.561966 3.87121 
16.84457 3.068034 4.247677 
16.78183 2.790323 4.234873 
15.09659 4.597437 3.925028 
16.75651 2.298087 4.06842 
14.94304 4.609123 3.753403 
14.65996 4.700162 3.932692 
14.38279 4.841897 3.805729 
14.23135 4.917328 3.877752 
13.5692 5.156731 3.947427 
16.323 2.114487 4.141355 
13.40566 5.155407 3.767042 
15.43519 1.96334 4.1683 
15.19022 1.946199 4.141833 
12.14014 5.261005 3.586531 
15.71898 1.969188 4.167625 
14.30837 2.723628 4.217793 
12.14268 5.337022 3.952446 
13.53417 3.126774 3.997531 
13.78503 3.185511 4.194388 
11.8765 5.332598 3.914147 
14.55647 2.411998 4.199363 
14.40514 2.214906 4.052592 
13.29268 3.21132 3.935331 
11.63119 5.331313 3.925689 
11.34063 5.320705 3.899435 
14.66615 2.158388 4.130871 
13.05419 3.486145 4.105666 
12.58632 3.630542 4.104665 
12.27783 3.63692 4.006357 
11.87173 3.807083 4.186048 
11.81169 3.661485 3.934164 
11.50505 3.842431 4.19828 
9.472649 5.209359 3.685115 
10.2597 3.798636 4.049602 
9.320661 5.200168 3.800041 
10.1301 3.633446 3.771204 
8.930339 5.115776 3.659116 
8.72924 5.046022 3.708242 
8.624388 4.978688 3.764703 
8.527946 4.969998 3.605308 
13.86342 -1.10146 4.228 
14.38644 -1.998205 4.296036 
14.33799 -1.748845 4.304949 
9.422753 3.712117 3.895575 
13.59155 -0.7973441 4.0453 
7.95797 4.69945 3.662432 
14.36977 -2.355281 4.201509 
14.44802 -2.16487 4.232012 
13.27382 -1.096115 4.16938 
14.18468 -2.672451 4.114251 
14.19213 -2.538517 4.219117 
7.273364 4.523454 3.475741 
14.01586 -2.493852 4.394366 
8.00602 3.86262 4.06795 
7.8244 3.500622 3.663301 
7.658103 3.618124 3.767471 
7.038823 4.486675 3.40025 
13.9577 -2.798808 4.275867 
7.01612 4.370177 3.559847 
13.88527 -3.192724 4.184466 
13.88755 -2.990883 4.272672 
7.379027 3.658021 3.736123 
7.184247 4.027802 3.815728 
7.038131 4.112529 3.732375 
6.958152 4.223287 3.64933 
6.770712 4.071697 3.619284 
6.681563 4.1758 3.559398 
6.78508 4.412047 3.421013 
6.548893 4.400836 3.36039 
13.86193 -3.693774 4.412219 
12.65957 -2.181703 4.493972 
12.39328 -2.102176 4.228629 
7.024874 3.731645 3.666104 
7.025095 3.890068 3.719037 
6.837742 3.961529 3.650603 
6.698775 4.284206 3.505277 
6.723229 3.775744 3.575176 
6.608511 3.912911 3.569242 
6.343315 4.159352 3.47281 
6.294335 4.274096 3.406014 
6.334467 4.412429 3.299277 
13.87772 -3.904587 4.351944 
13.87452 -3.99833 4.233202 
6.441998 4.035285 3.524203 
13.87018 -4.221895 4.513569 
6.617784 3.606883 3.478784 
6.516579 3.744391 3.513818 
6.351364 3.886727 3.506361 
6.021362 4.038801 3.451079 
5.985341 4.326309 3.325286 
6.119547 3.710412 3.44101 
6.017156 4.171119 3.415503 
5.747866 4.350875 3.273205 
12.13816 -2.396555 4.249384 
6.35164 3.605181 3.446696 
5.880156 3.709213 3.417351 
5.916013 3.891462 3.447158 
5.710193 4.21865 3.376487 
5.898873 3.516839 3.348796 
5.629773 3.948678 3.449826 
5.729621 4.073582 3.430118 
13.71562 -4.774783 4.971567 
11.60436 -2.754257 4.226581 
5.625443 3.553956 3.371131 
5.67283 3.78407 3.436466 
5.407265 4.258619 3.369444 
13.57828 -4.894022 4.820512 
5.387043 4.005888 3.462355 
5.458845 3.667766 3.428183 
5.347173 3.761387 3.457087 
5.268368 3.910227 3.479039 
5.213246 4.112727 3.44889 
5.046515 4.183184 3.422669 
4.79543 4.213075 3.427452 
5.296713 3.544395 3.388467 
4.742829 3.789001 3.511902 
4.697317 3.902447 3.533028 
4.680491 4.010698 3.528396 
4.627129 4.105426 3.504092 
4.504608 4.276664 3.375217 
11.21452 -2.881791 4.174258 
4.334545 4.195978 3.471832 
4.438524 4.389138 3.191831 
13.04405 -5.020258 4.332006 
4.348124 4.09142 3.550013 
4.139071 4.293262 3.376675 
4.087278 4.364794 3.27432 
4.328888 3.979263 3.585271 
12.67496 -5.130713 4.447752 
4.281566 3.875977 3.580987 
3.791511 4.215265 3.50758 
3.697766 4.322137 3.396364 
12.53049 -5.20577 4.669005 
4.409245 3.738519 3.525152 
3.964081 4.064512 3.631041 
3.628541 4.4101 3.278385 
4.352057 3.642014 3.485485 
3.928443 3.905603 3.629463 
3.662883 4.119687 3.605242 
3.535311 4.216002 3.546349 
3.425229 4.337555 3.450163 
3.302162 4.451058 3.332162 
10.09571 -3.200181 4.135376 
3.595359 4.024988 3.642951 
3.0429 4.422451 3.493258 
2.944432 4.552351 3.325571 
12.08177 -5.202479 4.445275 
3.593161 3.925111 3.637951 
3.361273 4.006513 3.656544 
3.288156 3.906825 3.646624 
2.59237 4.653557 3.331371 
11.58529 -5.266983 4.440995 
2.006315 4.638938 3.491805 
11.3678 -5.301941 4.50354 
9.721407 -3.553936 4.500397 
3.315892 3.800901 3.600151 
10.9179 -5.299199 4.396873 
9.178417 -3.609025 4.473952 
9.279231 -3.402086 4.192121 
1.489475 4.716328 3.333286 
2.275397 3.814679 3.679754 
10.41491 -5.271379 4.329039 
1.070068 4.743457 3.2825 
10.22888 -5.261143 4.331712 
10.04767 -5.236647 4.31412 
9.850727 -5.223557 4.306509 
0.6354908 4.707309 3.394866 
0.02167938 4.684192 3.56648 
9.493106 -5.210862 4.234198 
9.107149 -5.187552 4.188766 
-0.3234168 4.818028 3.191777 
7.227764 -3.598875 4.164995 
-0.5327273 4.822949 3.189117 
8.901245 -5.170255 4.178476 
-0.8664525 4.807969 3.372438 
8.699122 -5.116714 4.417882 
8.531471 -5.126118 4.107453 
-1.036912 4.827329 3.332466 
8.289104 -5.015996 4.305343 
6.547103 -3.595842 4.033342 
-0.07717022 3.554415 3.470871 
-1.237088 4.829152 3.350029 
7.902871 -4.834958 4.211188 
7.685953 -4.806364 3.92769 
7.507105 -4.61314 4.292823 
-1.590337 4.842626 3.213524 
-1.661449 4.837897 3.350776 
7.128741 -4.616894 4.023673 
7.100188 -4.692552 3.772931 
6.931006 -4.616204 3.95215 
-2.077449 4.803212 3.370011 
6.748009 -4.661736 3.794199 
6.545361 -4.515557 4.110137 
6.102688 -3.676709 4.045134 
6.691559 -4.606291 3.939559 
5.529613 -3.922338 4.186282 
-1.382685 3.792933 3.787838 
-2.499505 4.756996 3.352804 
6.316291 -4.611261 3.972967 
5.893426 -4.592483 4.088299 
5.233254 -3.944416 4.159831 
-2.732176 4.705511 3.477443 
-2.73674 4.751837 3.267073 
6.003136 -4.630949 3.996435 
-2.204878 3.716527 3.725491 
-3.022365 4.70041 3.251368 
5.997481 -4.717467 3.816446 
5.688797 -4.704206 3.99282 
5.648327 -4.795682 3.831681 
-3.186674 4.667163 3.260434 
4.826087 -3.903372 4.048685 
-3.537696 4.613949 3.149924 
5.212278 -4.898078 3.910213 
-2.639236 3.796146 3.854867 
4.253249 -4.072742 4.170494 
-3.119453 3.51369 3.564873 
-3.860579 4.490342 3.287718 
4.950425 -4.965258 3.90248 
-4.221953 4.369549 3.349702 
-4.463088 4.346491 3.27346 
3.758524 -4.142291 4.202136 
-4.662237 4.266986 3.433087 
3.036015 -3.902003 3.871854 
3.942826 -5.13604 3.741479 
3.860121 -5.084865 3.933719 
2.726678 -3.916887 3.821806 
-4.898763 4.218672 3.532196 
-4.88268 4.293023 3.319412 
-4.868588 4.347217 3.102164 
-5.133859 4.300124 3.324048 
3.628294 -5.194087 3.719367 
3.594753 -5.102026 3.976776 
-5.317101 4.336504 3.24843 
2.559816 -4.119771 4.014196 
-5.643459 4.412532 3.218135 
2.080083 -4.256372 4.02472 
-6.001901 4.527001 3.122468 
2.897557 -4.959664 4.044527 
-6.757592 4.836311 3.416319 
2.507505 -4.970548 3.947135 
2.396794 -4.896459 4.038662 
2.274589 -4.789132 4.13976 
2.104218 -4.715411 4.179565 
1.85454 -4.546951 4.185058 
-6.933681 4.855372 3.31783 
2.621926 -5.04495 3.836704 
2.216212 -5.007166 3.921426 
2.042432 -4.901759 4.08664 
1.982603 -4.805487 4.160947 
1.844345 -4.397797 4.098934 
2.291409 -5.082112 3.761274 
-7.341197 4.915321 3.36331 
2.016195 -5.014835 3.984761 
1.790269 -5.025164 4.085224 
-5.443709 3.058679 3.472436 
1.768791 -5.200266 3.886933 
1.452379 -4.510825 4.142738 
1.428724 -4.390188 4.018856 
-5.622467 2.939139 3.396907 
-5.842636 3.210601 3.622943 
-6.464903 3.167348 3.614433 
1.748822 -5.127458 4.007568 
-7.867357 4.945263 3.391245 
-8.253411 4.984785 3.589225 
-8.173383 4.921762 3.232427 
-8.474747 4.936674 3.209413 
1.48556 -5.410444 3.847694 
1.232895 -5.464716 4.002367 
-8.9435 5.013392 3.401834 
1.101448 -5.613989 3.813826 
-9.215036 4.958098 3.052278 
-7.497934 3.259716 3.640519 
0.6680933 -5.656757 3.692987 
-0.4206829 -4.719739 4.077731 
0.1225708 -5.675428 3.805353 
-7.788292 2.917646 3.391261 
-8.117579 2.990175 3.426583 
-8.182575 3.151775 3.559734 
-0.2268728 -5.73133 3.860335 
-0.8201886 -4.704265 4.016628 
-10.12989 4.944035 3.312525 
-10.35619 4.90266 3.221315 
-0.555261 -5.809725 3.882628 
-0.8785931 -4.867587 4.2108 
-11.12902 4.735246 3.193454 
-0.8643019 -5.871647 3.895844 
-1.075832 -5.889179 3.917653 
-1.443153 -5.929997 3.849725 
-10.37941 2.852184 3.764031 
-10.62164 2.687608 3.729598 
-2.215521 -5.910661 3.826544 
-2.490829 -5.89289 3.830487 
-2.719023 -5.854421 3.896319 
-3.775752 -4.765754 4.066637 
-12.31627 4.458716 3.154181 
-12.67732 4.476233 3.215611 
-2.672985 -5.924174 3.675482 
-10.64449 2.456132 3.589548 
-13.07826 4.488324 3.312358 
-3.050516 -5.878188 3.80324 
-13.27106 4.455671 3.178159 
-3.147647 -5.904317 3.656615 
-4.603235 -4.788852 4.058499 
-4.807216 -4.525182 3.778903 
-5.125556 -4.615256 3.866735 
-10.87577 1.689898 3.466964 
-13.7259 4.423105 3.373641 
-4.034408 -5.729024 3.761698 
-4.522102 -5.649968 3.782546 
-5.604547 -4.713971 3.906351 
-5.479791 -4.593349 3.838479 
-14.09975 4.263745 3.116179 
-4.715133 -5.647165 3.66326 
-5.981097 -4.573915 3.825111 
-14.37713 4.184147 3.199094 
-5.701577 -4.850666 3.9462 
-10.94813 0.5473753 3.521062 
-5.557852 -5.379905 3.63873 
-5.740734 -5.222843 3.776235 
-6.093801 -4.729357 3.902434 
-14.61956 4.124888 3.385426 
-5.218597 -5.536675 3.576518 
-5.779204 -5.431582 3.41232 
-5.930007 -5.295238 3.620558 
-6.290063 -4.45679 3.760919 
-5.989885 -5.358385 3.483698 
-7.200123 -4.379367 3.777831 
-6.477892 -5.178336 3.718179 
-6.394255 -5.262229 3.592067 
-11.15378 -0.2811103 3.761582 
-15.14461 3.841412 3.478127 
-6.702041 -5.26926 3.613921 
-6.980365 -5.225139 3.766533 
-6.923849 -5.302811 3.624313 
-6.990789 -5.363612 3.531266 
-11.03373 -1.219255 3.557654 
-11.26248 -1.085716 3.809515 
-7.350502 -5.439659 3.609351 
-15.65815 3.36777 3.633449 
-15.51516 3.274473 3.1963 
-7.426654 -5.53434 3.425851 
-8.28955 -4.542844 3.951925 
-15.62537 3.180547 3.338831 
-15.69098 2.98506 3.403957 
-7.581601 -5.490375 3.714842 
-11.2626 -1.940612 3.6748 
-15.77472 2.676331 3.644935 
-11.63778 -2.344017 3.932265 
-15.67571 2.581572 3.360044 
-9.128746 -4.388212 3.799409 
-15.50412 1.60299 3.559843 
-8.214995 -5.846051 3.650271 
-11.49154 -2.498131 3.787747 
-15.44485 1.335678 3.572906 
-11.49991 -2.878198 3.757541 
-15.43224 1.101222 3.623453 
-15.33905 1.146066 3.339174 
-10.4349 -4.288046 3.815361 
-11.66234 -3.237149 3.850887 
-15.43443 0.787964 3.684905 
-11.22421 -3.827798 3.768431 
-11.18106 -3.466695 3.641255 
-15.37376 0.609948 3.563746 
-11.04335 -4.509949 4.081158 
-11.04013 -4.006674 3.781332 
-11.56471 -3.404503 3.808763 
-15.13857 0.0005121231 3.38477 
-15.26186 0.2820642 3.586522 
-11.38223 -4.417358 4.097161 
-11.50004 -3.69228 3.832486 
-9.462267 -6.238078 3.881853 
-11.43747 -4.196404 3.992748 
-15.15068 -0.1987695 3.477656 
-15.18812 -0.08950435 3.645128 
-11.53596 -3.915857 3.913209 
-15.1435 -0.3344032 3.408604 
-10.03371 -6.35852 3.877288 
-15.19382 -0.3772519 3.682869 
-15.20467 -0.6656292 3.443152 
-15.24774 -1.035172 3.446015 
-15.27304 -1.341972 3.65129 
-10.50378 -6.399926 3.814203 
-15.29675 -1.744432 3.61678 
-10.96497 -6.344172 3.87055 
-15.4108 -2.11888 3.718256 
-15.40429 -2.220523 3.56216 
-15.51069 -2.272865 3.923543 
-12.17159 -6.183625 3.756952 
-15.66755 -2.752375 3.682217 
-13.09966 -6.062331 3.874292 
-13.50705 -5.99779 3.857698 
-15.97628 -3.652553 3.826194 
-15.86803 -3.395654 3.624129 
-15.9994 -3.83717 3.69459 
-15.98888 -3.984849 3.669897 
-15.99572 -4.118075 3.711894 
-14.46817 -5.873794 3.810434 
-14.62192 -5.859636 3.620614 
-14.70729 -5.815858 3.875634 
-14.83573 -5.827354 3.549596 
-14.99041 -5.76075 3.828555 
-15.8892 -4.783904 3.573745 
-15.90649 -4.785105 3.754074 
-15.36295 -5.645751 3.791234 
-15.78063 -5.11266 3.679782 
17.29183 3.191445 3.810592 
17.36181 3.284203 3.603005 
16.9957 3.741227 3.532734 
17.53276 3.006595 3.499115 
17.46623 2.940165 3.650985 
16.70947 3.932731 3.61455 
17.24169 3.018676 3.932449 
16.02886 4.293992 3.794944 
17.43499 2.69887 3.718932 
15.87909 4.364135 3.627286 
15.73253 4.459487 3.850232 
17.29329 2.717145 3.87043 
15.5401 4.517616 3.710105 
17.18468 2.449337 3.878402 
16.95592 2.547023 4.068484 
14.70904 4.676771 3.71654 
14.02089 5.0201 3.931092 
16.92283 1.926537 3.810812 
16.58896 2.264974 4.125912 
16.46734 1.537624 3.77634 
16.04683 1.854036 4.061181 
12.84716 5.251898 3.794 
15.51574 1.581375 3.945389 
12.4896 5.214767 3.485871 
13.85708 2.816386 3.974986 
15.20732 1.603954 3.958716 
14.94712 1.505216 3.896645 
13.54998 2.962986 3.899703 
11.4102 5.243952 3.451186 
14.65222 1.779722 3.978963 
14.33771 2.479365 4.11676 
13.68864 2.656479 3.804698 
14.14 2.399391 3.975659 
13.08914 3.275878 3.878502 
14.37714 1.727382 3.891403 
14.1217 2.112353 3.892164 
13.02973 3.09721 3.704978 
14.63849 1.53649 3.881235 
12.88456 3.581008 4.155939 
12.3887 3.728287 4.190414 
14.45811 1.602793 3.872129 
14.25996 1.878558 3.895897 
14.15013 1.572053 3.79356 
13.99214 1.827511 3.778725 
10.79438 5.267795 3.615116 
12.36589 3.438281 3.719365 
10.33719 5.263065 3.639983 
9.844965 5.241338 3.667477 
11.31022 3.623086 3.818808 
10.89923 3.632843 3.783006 
9.098968 5.142266 3.520237 
15.6654 -1.909656 3.775146 
15.55416 -1.841246 3.869574 
15.63262 -2.002458 3.754314 
15.38144 -1.687312 3.935341 
14.06191 -0.04674758 3.793683 
14.07669 -0.5108353 3.912732 
13.84065 -0.4109049 3.887597 
8.868285 5.069942 3.32598 
15.38655 -2.127229 3.825763 
15.41844 -1.954143 3.909778 
14.47506 -1.2483 4.092459 
14.07693 -0.9080545 4.072373 
13.56941 -0.2788883 3.799265 
8.620004 5.002936 3.523391 
15.40782 -2.271985 3.67162 
15.00813 -1.810257 4.053957 
14.26449 -0.9801726 4.055546 
13.88945 -0.8166329 4.057996 
13.73917 -0.6584765 3.980449 
8.395315 4.926828 3.402639 
15.13308 -2.180961 3.905792 
14.95294 -1.993 4.058414 
14.69154 -1.817354 4.158916 
14.79192 -1.544216 4.07366 
14.53772 -1.544538 4.167635 
13.54993 -0.4648065 3.865983 
8.335527 4.898403 3.559528 
15.22838 -2.368914 3.649084 
14.72341 -2.366255 3.963361 
14.70832 -2.140666 4.106742 
14.67275 -2.008082 4.158599 
14.97007 -2.395271 3.793147 
14.73661 -2.255499 4.036403 
13.47453 -0.6667725 3.943205 
14.76082 -2.444671 3.860237 
13.25903 -0.819981 3.962886 
8.129637 4.826295 3.431882 
7.971318 4.810693 3.180431 
14.64267 -2.56586 3.785187 
14.44704 -2.492789 4.044331 
13.08917 -0.9644631 3.973029 
14.37415 -2.637575 3.9456 
8.453777 3.49507 3.650061 
7.764385 4.742475 3.24237 
14.37981 -2.739909 3.770682 
14.18263 -2.807221 3.940533 
7.099902 4.587464 3.190702 
14.11223 -2.963663 3.791245 
14.01279 -2.901983 4.104614 
13.99883 -3.024826 3.990347 
8.117748 3.497544 3.666921 
13.93685 -3.110657 4.060475 
6.782956 4.508289 3.246947 
13.88389 -3.383617 4.129292 
13.9302 -3.261025 3.934572 
13.86632 -3.508633 4.284578 
6.431653 4.500996 3.172117 
13.88163 -3.705107 4.086976 
7.157478 3.274005 3.339222 
7.103456 3.534765 3.563392 
6.784981 3.591197 3.519707 
5.789895 4.447724 3.138395 
13.84713 -4.176372 4.201632 
13.79699 -4.278132 4.089422 
6.546831 3.481771 3.393853 
6.054539 4.415355 3.234351 
13.82727 -4.384856 4.44266 
11.88895 -2.300836 3.999233 
6.335629 3.49542 3.382727 
13.79423 -4.563073 4.665623 
13.64651 -4.662893 4.351093 
6.170877 3.399797 3.308605 
5.694142 3.252465 3.20523 
5.306804 4.338033 3.2799 
5.515296 4.448038 3.114135 
5.09327 4.40758 3.158067 
13.50217 -4.871328 4.548366 
5.095527 4.308143 3.312181 
13.31207 -4.911445 4.333878 
4.697552 4.400287 3.163328 
5.155526 3.469444 3.354738 
5.110761 3.314648 3.256539 
4.130891 4.430528 3.129147 
12.69882 -5.058495 4.243616 
4.642966 3.603322 3.453605 
3.911928 4.47394 3.06408 
10.77357 -2.79645 3.938765 
4.398057 3.455727 3.362554 
12.45331 -5.135168 4.369555 
3.614999 4.480443 3.136736 
3.253647 4.574572 3.075153 
12.20645 -5.112285 4.190401 
2.800227 4.670991 3.089453 
11.81252 -5.221102 4.393263 
3.639767 3.797728 3.60318 
2.546397 4.726351 3.052964 
10.00352 -3.05524 3.94799 
11.45115 -5.221873 4.195917 
9.715572 -3.338177 4.202607 
9.4344 -3.176506 3.94467 
2.109112 4.721879 3.202844 
1.972475 4.777329 2.952649 
11.20203 -5.254098 4.190815 
1.545118 4.758238 3.150503 
10.82153 -5.311513 4.404211 
10.67838 -5.265422 4.147031 
8.785877 -3.43229 4.155497 
10.55637 -5.276683 4.235544 
10.43875 -5.244425 4.072925 
10.33209 -5.257599 4.160822 
0.5840906 4.796047 3.021361 
9.875464 -5.211876 4.041907 
9.67447 -5.225851 4.140853 
9.671506 -5.212732 3.921909 
8.360597 -3.345038 3.97999 
0.2102358 4.761937 3.260957 
9.501597 -5.20571 3.970576 
0.9069573 3.548972 3.345783 
9.406465 -5.213594 3.942431 
8.702641 -5.158415 4.004605 
-0.8907035 4.844183 3.155739 
-0.975454 4.842616 2.947119 
-1.145731 4.854933 3.112966 
-1.383188 4.844295 3.158858 
8.14556 -5.01214 3.768147 
8.025972 -4.933643 4.019657 
7.366131 -4.705764 3.941279 
-0.4408741 3.530142 3.47452 
-1.928268 4.832017 3.28834 
7.160809 -4.734544 3.512704 
-0.7553441 3.500371 3.442576 
6.815119 -4.713144 3.576144 
-2.051945 4.825027 3.179995 
5.283145 -3.798097 4.002701 
6.520438 -4.680691 3.759107 
-2.578694 4.770745 3.147272 
6.297652 -4.672783 3.840588 
6.230864 -4.748057 3.608316 
-3.046606 4.716147 3.076978 
5.95281 -4.774208 3.665993 
-3.375075 4.666855 3.059287 
-3.691662 4.594236 3.036487 
5.34735 -4.937181 3.696249 
-3.814749 4.541045 3.11691 
-3.932002 4.514768 3.156528 
-2.610267 3.236287 3.219045 
-4.211101 4.439245 3.093576 
-4.498458 4.397585 3.017864 
3.878341 -4.007952 4.045483 
4.630444 -5.04676 3.679195 
4.22051 -5.043435 3.873296 
-4.685757 4.38083 3.012769 
4.218123 -5.091222 3.708263 
-5.109632 4.359219 3.012238 
-5.366037 4.381968 2.99414 
2.279241 -4.085966 3.892946 
-5.834568 4.471023 3.087841 
-6.146778 4.580328 3.03968 
3.209118 -5.223435 3.520619 
3.420774 -5.213987 3.711087 
3.009866 -5.128727 3.800633 
-6.3733 4.685891 3.211783 
-6.488315 4.718994 3.1538 
3.074651 -5.197167 3.600396 
1.727345 -4.181502 3.85319 
-6.593306 4.744284 3.126292 
2.754483 -5.147925 3.604014 
2.687593 -5.098008 3.730089 
-6.751376 4.796695 3.180207 
-7.087166 4.88284 3.35356 
2.200565 -5.152987 3.621228 
-5.180081 3.139823 3.505172 
-7.10582 4.777514 2.955399 
1.988536 -5.222149 3.595095 
2.031348 -5.121128 3.816578 
-7.551057 4.880847 3.189035 
1.364678 -4.275976 3.873536 
1.776266 -5.286351 3.706286 
0.7954955 -4.426115 3.929849 
-8.034819 4.864706 3.036615 
-8.287886 4.844235 2.915082 
1.276452 -5.591382 3.698418 
-8.678794 4.987618 3.316959 
0.329148 -4.570129 4.011038 
-7.103885 3.255256 3.6496 
-8.81773 4.985408 3.273146 
-0.1677432 -4.302867 3.576694 
0.9860921 -5.674537 3.558711 
-7.092701 2.965497 3.451475 
-7.536302 3.09839 3.522216 
-6.500894 2.948777 3.451576 
-7.003123 2.576706 3.217788 
-9.470385 4.98308 3.163947 
0.3833587 -5.66777 3.717384 
-6.58738 1.729975 2.757855 
-7.156955 2.349819 3.075854 
-7.444406 2.791296 3.323806 
-9.668268 4.976997 3.160011 
-7.529665 2.611367 3.208395 
-1.022779 -4.449574 3.674558 
-8.225811 2.62169 3.177985 
-8.070557 2.811201 3.30258 
-8.545167 3.058421 3.485584 
-0.1577686 -5.785825 3.584442 
-1.588068 -4.760508 4.047727 
-8.888041 2.976257 3.453725 
-0.6840023 -5.89808 3.626813 
-9.340401 2.844677 3.438216 
-0.9534325 -5.944666 3.56354 
-2.481236 -4.744781 4.01642 
-3.196097 -4.784005 4.07198 
-9.418415 2.635671 3.27768 
-11.82242 4.530282 3.188808 
-11.56064 4.580173 2.946753 
-9.833831 2.670572 3.429519 
-10.23674 2.503767 3.444245 
-10.00469 2.393876 3.27979 
-12.03488 4.4934 3.233853 
-12.50139 4.448455 3.04242 
-10.56913 2.127316 3.383234 
-10.81788 2.019242 3.4976 
-13.36652 4.397626 2.971794 
-3.697303 -5.860452 3.471934 
-4.024007 -5.800226 3.511371 
-13.83319 4.343544 3.12203 
-4.498113 -5.716088 3.619615 
-10.69452 1.266978 3.283892 
-4.401221 -5.77438 3.412774 
-6.069474 -4.330918 3.633135 
-4.682893 -5.723701 3.442415 
-5.047958 -5.634916 3.472635 
-10.84721 0.01210141 3.427483 
-6.039583 -5.44529 3.224971 
-6.911798 -4.239138 3.624743 
-10.82 -0.4330621 3.392853 
-6.415534 -5.318617 3.475398 
-14.91774 3.863596 3.106115 
-15.35499 3.649602 3.430097 
-7.659817 -4.312031 3.735334 
-7.127466 -5.442715 3.416152 
-11.08887 -2.038367 3.518549 
-15.56207 3.092944 3.107939 
-7.615831 -5.598187 3.485163 
-9.24247 -4.174211 3.617085 
-15.58884 2.839935 3.145294 
-7.944286 -5.707922 3.642666 
-15.57857 2.553097 3.134332 
-11.14415 -2.555708 3.525597 
-9.590824 -4.115132 3.592741 
-15.61615 2.197206 3.390496 
-15.46965 1.868875 3.235245 
-11.1127 -3.099087 3.531091 
-10.95711 -3.249264 3.486881 
-15.2356 1.284392 3.047877 
-15.36854 1.395455 3.308842 
-10.05123 -4.351129 3.813179 
-11.33158 -3.017367 3.644431 
-15.31341 0.844084 3.319786 
-10.77575 -4.163073 3.799838 
-11.32645 -3.295304 3.675018 
-15.27635 0.6884842 3.273934 
-15.21454 1.030045 3.093433 
-9.019002 -6.148097 3.65616 
-10.76596 -3.750254 3.589676 
-15.19 0.2511356 3.37347 
-15.12725 0.2054342 3.241015 
-15.13121 -0.5129975 3.252776 
-15.20093 -0.985851 3.183198 
-15.20753 -1.211699 3.20301 
-15.25385 -1.497277 3.473554 
-10.72815 -6.411948 3.692163 
-15.26332 -1.807566 3.411565 
-15.31632 -2.036873 3.443167 
-11.38548 -6.314203 3.636496 
-15.35727 -2.347192 3.282073 
-11.57444 -6.282951 3.609334 
-15.52027 -2.479298 3.598717 
-15.55767 -2.717701 3.40625 
-12.06816 -6.225328 3.560884 
-12.43107 -6.184284 3.628746 
-12.85683 -6.145946 3.614963 
-13.06658 -6.101056 3.658862 
-13.29218 -6.075149 3.632086 
-15.93565 -3.843477 3.417167 
-13.78915 -5.975335 3.802113 
-13.72002 -6.00343 3.557674 
-13.97569 -5.972165 3.574252 
-15.94148 -4.08898 3.343967 
-15.97025 -4.198054 3.362785 
-14.41153 -5.893581 3.505555 
-15.96251 -4.298241 3.50429 
-14.6977 -5.827254 3.312948 
-15.9246 -4.57554 3.517105 
-15.16614 -5.713078 3.798739 
-15.04757 -5.763621 3.577497 
-15.2401 -5.676557 3.530746 
-15.5193 -5.535948 3.800785 
-15.59778 -5.428743 3.702559 
17.16053 3.6274 3.461142 
16.86369 3.850068 3.462153 
16.55414 4.040157 3.530374 
17.5912 2.719936 3.455487 
16.40256 4.135684 3.516477 
16.33552 4.176899 3.621865 
16.08253 4.277796 3.615948 
17.55252 2.475778 3.491005 
17.38462 2.507037 3.720174 
17.48108 2.138342 3.477001 
15.33417 4.556183 3.724911 
17.33266 2.17724 3.650919 
15.13605 4.551033 3.569835 
15.05263 4.5364 3.39258 
14.88279 4.600407 3.47374 
17.08492 2.141078 3.819877 
14.71165 4.663058 3.465843 
14.49773 4.74827 3.331937 
14.10844 4.947078 3.616071 
13.84555 5.039915 3.669168 
13.64826 5.077583 3.622686 
16.72872 1.633238 3.744671 
13.11728 5.232246 3.890556 
13.08831 4.990576 2.834039 
16.21754 1.408542 3.765324 
15.87549 1.495212 3.866009 
15.85195 1.189586 3.711648 
15.28132 1.32117 3.81447 
11.79108 5.241291 3.454848 
13.7334 2.846943 3.915492 
13.32895 2.743445 3.680589 
13.28822 3.01892 3.803487 
15.81843 1.002418 3.642475 
13.52983 2.451255 3.657158 
13.46526 2.596509 3.678595 
11.02059 5.135396 2.917203 
13.77677 2.305039 3.748551 
14.90797 0.9196011 3.693926 
15.10872 1.124294 3.741507 
12.72966 3.231525 3.613339 
14.69831 1.208231 3.774564 
12.83605 3.371454 3.835092 
14.6057 0.8113768 3.692811 
14.57281 1.063456 3.736326 
14.30207 1.199724 3.745492 
13.62232 2.091874 3.629175 
10.33838 5.201801 3.275496 
14.50631 0.6135059 3.687666 
14.23465 0.797964 3.687088 
13.84895 1.490676 3.673099 
14.58612 0.3475656 3.68712 
13.85931 1.265974 3.652163 
13.64731 1.503806 3.580685 
14.16647 0.9450705 3.688691 
13.70895 1.067427 3.586772 
9.957365 5.169533 3.160323 
14.77735 0.2030086 3.669924 
14.03903 1.141454 3.687133 
13.48282 1.230896 3.483291 
11.31821 3.492805 3.629924 
15.58922 -1.183917 3.731465 
14.22681 0.4123094 3.702018 
13.99536 0.524997 3.676826 
9.606928 5.137516 3.103665 
15.55839 -1.501073 3.816232 
14.96204 -0.7130596 3.781743 
14.44598 0.0007358938 3.74501 
14.11727 0.2021854 3.735294 
13.82626 0.7583854 3.626583 
13.52885 0.7831982 3.522227 
9.470389 5.179566 3.416908 
15.87004 -1.94023 3.579022 
15.71591 -1.728253 3.772708 
14.59647 -0.837212 3.910083 
14.92962 -0.3711064 3.722797 
13.84204 0.3396113 3.682345 
15.32889 -1.290485 3.829183 
14.32993 -0.6305922 3.910949 
14.30086 -0.364568 3.843271 
13.77408 0.009935267 3.762472 
13.65454 0.5822066 3.59272 
15.61736 -2.111274 3.669285 
13.7117 0.1844755 3.692748 
13.37804 0.4643834 3.502201 
13.4826 0.2668628 3.59221 
10.27353 3.465977 3.513236 
15.57456 -2.258236 3.524509 
13.43967 -0.09576355 3.688972 
9.800425 3.402039 3.407946 
8.667951 5.012667 3.348432 
13.12315 -0.3254205 3.628441 
13.33746 -0.4994508 3.81057 
14.83145 -2.546492 3.633579 
13.13256 -0.6128828 3.777226 
8.16625 4.860498 3.275982 
12.85368 -0.5397095 3.567687 
12.9092 -0.998561 3.875835 
12.64649 -0.7241784 3.518335 
8.980758 3.385083 3.444765 
7.535328 4.720623 3.006104 
14.57833 -2.669145 3.633703 
12.68805 -1.167555 3.816484 
7.358374 4.633636 3.234683 
7.220203 4.653255 3.079996 
14.25404 -2.860713 3.707712 
6.701854 4.564285 3.063831 
13.99246 -3.152045 3.810463 
14.00154 -3.216999 3.619627 
13.92408 -3.416455 3.790015 
12.25392 -1.59844 3.734415 
6.130968 4.513206 3.076293 
13.87473 -3.813731 3.942691 
13.85758 -3.979181 3.917603 
11.91766 -1.934582 3.732699 
12.10249 -1.882264 3.818106 
6.874134 3.420957 3.419191 
13.81293 -4.133222 3.858409 
13.74958 -4.436781 4.174763 
5.796788 4.514381 2.988305 
11.64282 -2.110236 3.70732 
5.282723 4.458265 3.056626 
13.64104 -4.551467 4.075027 
11.33309 -2.588864 3.955118 
13.5414 -4.65402 4.090674 
11.3205 -2.229657 3.6691 
13.3888 -4.744474 4.050777 
5.009405 4.47273 2.988113 
10.97942 -2.376369 3.667794 
12.91418 -4.939242 4.03721 
5.138054 2.933586 3.002201 
12.59274 -4.885937 3.762892 
10.25627 -2.73285 3.728937 
3.597342 4.554139 2.927174 
12.03984 -5.009215 3.844365 
3.892206 3.701295 3.557626 
9.718442 -2.711859 3.583208 
9.432961 -2.982069 3.741428 
11.897 -5.152789 4.186777 
11.35014 -5.114768 3.822956 
2.187662 4.775261 2.965033 
3.194271 3.648407 3.495084 
10.98793 -5.269431 4.196402 
1.514431 4.797065 2.936064 
8.85484 -3.268677 3.94714 
2.499527 3.5812 3.4328 
10.65821 -5.198726 3.905181 
8.835802 -3.07468 3.723254 
1.034845 4.81689 2.875742 
10.10515 -5.217511 4.018516 
8.147054 -3.134217 3.696377 
1.93521 3.535979 3.35533 
9.964488 -5.229804 4.082037 
9.97149 -5.170097 3.787204 
7.780036 -3.325083 3.879087 
0.8951574 4.805099 2.998155 
0.40889 4.80636 2.997432 
0.2038878 4.809686 3.021147 
0.1880048 4.819141 2.88606 
-0.2211095 4.819355 3.112045 
-0.2289292 4.832608 2.875069 
9.352299 -5.190047 3.841432 
-0.4007314 4.849339 3.010772 
-0.5356551 4.850014 2.828654 
9.022907 -5.188086 3.906183 
-0.6324496 4.839731 3.112639 
8.898135 -5.183831 3.791991 
7.030486 -3.358412 3.810301 
-0.6625269 4.844529 2.885043 
8.533487 -5.151232 3.86379 
7.954348 -4.949958 3.64106 
6.546476 -3.279431 3.623774 
7.739246 -4.851554 3.664614 
-0.2022508 3.387058 3.340277 
-1.548263 4.8356 2.943702 
-1.73954 4.845856 3.063172 
-0.7283964 3.324977 3.279748 
-1.902869 4.80692 2.765094 
5.804152 -3.431587 3.654348 
-0.677481 3.202137 3.184292 
-2.208236 4.796621 2.850034 
5.061569 -3.54359 3.622666 
-2.579711 4.732286 2.584439 
6.564101 -4.735957 3.462954 
-1.483181 3.395303 3.257085 
-2.523957 4.768956 2.965904 
-1.756296 3.442675 3.314866 
4.49751 -3.635417 3.629415 
-2.221472 3.371257 3.29345 
-3.623057 4.610453 2.79288 
4.102728 -3.682069 3.627909 
-3.910235 4.53096 2.980605 
5.567628 -4.884839 3.634045 
-2.58098 3.386635 3.368167 
5.073957 -5.030998 3.478447 
-3.31809 3.358443 3.425088 
4.772889 -5.069085 3.401612 
3.684538 -3.815755 3.77388 
-2.606562 3.072944 3.068587 
-4.24337 4.446074 2.944836 
-3.405991 3.221692 3.312802 
3.108442 -3.591995 3.416281 
-4.217008 3.515858 3.65246 
4.544721 -5.084289 3.485457 
-4.114139 3.22168 3.395164 
-4.921988 4.374009 2.909011 
3.772117 -5.212629 3.46496 
-5.220425 4.377094 2.81852 
2.348911 -3.92685 3.70237 
-5.591422 4.422145 2.878394 
-5.839323 4.470494 2.858428 
-5.921915 4.4682 2.699667 
-6.250801 4.594142 2.884707 
2.73934 -5.188754 3.408696 
2.374907 -5.150992 3.548047 
1.092244 -4.078831 3.533219 
-6.523812 4.621088 2.760741 
2.363079 -5.193936 3.349207 
2.175629 -5.209928 3.424358 
1.955589 -5.276115 3.43228 
-7.775046 4.877254 3.087254 
-7.947102 4.789535 2.784405 
1.658333 -5.419568 3.459703 
-8.668524 4.840793 2.816981 
1.042461 -5.647756 3.739392 
-0.4254237 -4.266011 3.499949 
-9.077464 4.87933 2.823784 
-9.284066 4.915304 2.900195 
0.1594635 -5.749966 3.357657 
-7.450763 2.330267 3.052484 
-7.859469 2.530904 3.147539 
-9.86465 4.891042 2.814941 
0.1359285 -5.724142 3.612726 
-8.083794 2.237031 2.986331 
-10.06025 4.908524 3.004724 
-1.485145 -4.285502 3.469569 
-8.536797 2.533955 3.128355 
-8.455949 2.828778 3.302627 
-0.4371757 -5.847527 3.611922 
-2.506738 -4.307972 3.497289 
-10.60331 4.815817 2.883268 
-8.893215 2.780992 3.286964 
-10.92811 4.752932 2.936477 
-2.088581 -4.497581 3.712541 
-3.12464 -4.498604 3.727655 
-1.209565 -5.949178 3.71834 
-9.110048 2.454032 3.07562 
-1.484381 -5.990519 3.43574 
-3.238155 -4.320762 3.520868 
-9.568984 2.360619 3.12348 
-11.89765 4.478291 2.84917 
-9.767906 2.070051 3.003699 
-1.926568 -5.994188 3.426482 
-10.28131 2.176223 3.259455 
-4.211685 -4.399408 3.622552 
-12.03849 4.429584 2.690908 
-2.379435 -5.952078 3.575539 
-10.53004 1.870645 3.263065 
-3.041843 -5.955821 3.375874 
-10.2539 1.851241 3.101991 
-13.16841 4.419571 2.968012 
-10.30184 1.465421 3.026475 
-3.518858 -5.904654 3.346686 
-10.53452 1.402951 3.172983 
-13.44322 4.300913 2.650791 
-3.799016 -5.876091 3.249363 
-5.262965 -4.410614 3.657743 
-5.64851 -4.396363 3.663567 
-10.33879 0.3810684 2.951296 
-10.72417 0.6406795 3.297432 
-4.684066 -5.767541 3.210106 
-6.561697 -4.006076 3.357167 
-10.48178 0.003949888 3.060448 
-14.6215 4.030376 3.077097 
-5.1655 -5.65752 3.278314 
-5.624725 -5.523231 3.287257 
-7.300397 -3.960733 3.365884 
-6.385983 -5.382672 3.299051 
-10.66204 -0.9239601 3.218853 
-15.01337 3.671648 2.862499 
-10.8822 -1.44802 3.39308 
-15.36418 3.451648 3.116074 
-8.317528 -4.115773 3.543315 
-6.800411 -5.409056 3.289069 
-15.40333 3.238457 2.93139 
-8.454723 -3.93405 3.376461 
-15.36311 3.051027 2.72504 
-7.083338 -5.48797 3.132066 
-10.61495 -1.563523 3.162628 
-10.84735 -2.159952 3.32895 
-15.45698 2.885404 2.863244 
-9.108892 -3.744121 3.26605 
-7.509587 -5.600402 3.226035 
-9.711266 -3.702418 3.322222 
-15.53881 2.307673 3.125929 
-7.965703 -5.767995 3.46325 
-9.743839 -3.94364 3.484444 
-10.15549 -3.347415 3.225918 
-10.78209 -2.957145 3.351212 
-10.90846 -2.73553 3.386705 
-15.35731 2.082341 2.841498 
-10.34058 -3.863672 3.53407 
-10.77466 -3.324132 3.433851 
-15.2104 1.513309 2.864931 
-8.282416 -5.90298 3.514084 
-10.42401 -3.435711 3.349461 
-15.13635 1.121729 2.916113 
-15.02348 0.1938204 3.022334 
-14.91143 0.4495054 2.731967 
-15.19663 0.6479622 3.140499 
-15.02902 -0.06263644 3.099037 
-15.0762 -0.2142403 3.217724 
-9.463796 -6.286104 3.573181 
-15.06784 -0.505152 3.075852 
-15.18169 -0.7458584 3.235842 
-9.70016 -6.339192 3.606302 
-10.15162 -6.4393 3.50465 
-10.51712 -6.436268 3.604046 
-10.72954 -6.443442 3.460632 
-15.17935 -1.458764 3.119269 
-15.2249 -2.035015 3.161207 
-15.16821 -1.734297 3.074132 
-11.00613 -6.386352 3.578087 
-15.08416 -2.034661 2.789625 
-11.10651 -6.380841 3.495285 
-11.22772 -6.340857 3.356128 
-15.25188 -2.262059 3.084163 
-11.577 -6.284907 3.373429 
-11.91968 -6.230725 3.687492 
-15.40159 -2.683216 3.070139 
-12.06297 -6.224305 3.343651 
-12.41378 -6.199038 3.447073 
-12.845 -6.144786 3.420916 
-15.73523 -3.132732 3.438323 
-13.20587 -6.086226 3.388251 
-13.51202 -6.03016 3.587668 
-15.77389 -3.717945 3.047088 
-13.61857 -6.014599 3.338045 
-15.86622 -3.79685 3.233773 
-13.89946 -5.994866 3.48791 
-15.88714 -4.01207 3.164491 
-14.21072 -5.941876 3.590728 
-14.15177 -5.932235 3.323684 
-14.29065 -5.920718 3.403995 
-15.90998 -4.358112 3.281666 
-14.54887 -5.874883 3.426956 
-14.33417 -5.885176 3.208303 
-15.83109 -4.82338 3.318424 
-15.86212 -4.493798 3.147998 
-14.84762 -5.771697 3.261795 
-14.91576 -5.680903 2.992466 
-15.20712 -5.643776 3.301391 
-15.7677 -5.085303 3.52313 
-15.63078 -5.264191 3.369423 
17.45455 3.275614 3.392574 
17.44559 3.344543 3.166547 
17.64769 2.85109 3.240503 
17.00555 3.758519 3.322378 
17.69555 2.558103 3.191011 
16.57218 4.023455 3.369924 
17.73833 2.423002 3.043562 
16.18706 4.192851 3.405145 
16.02432 4.260052 3.45223 
17.67484 2.276958 3.202925 
15.70107 4.374892 3.41329 
17.62077 1.99874 3.216579 
15.33766 4.332573 2.946731 
15.24362 4.491566 3.4006 
17.40264 1.798686 3.433933 
15.16076 4.451385 3.130029 
17.20356 1.738014 3.566074 
17.42055 1.335582 3.27509 
14.39322 4.762456 3.095372 
17.23499 1.415533 3.432732 
16.99572 1.5832 3.615725 
17.07098 1.236265 3.459965 
16.77284 1.269825 3.573626 
13.49327 4.977895 3.017828 
17.05695 1.014275 3.40503 
16.85107 0.9483445 3.454818 
16.4632 1.253665 3.64315 
16.69029 0.6945945 3.445309 
16.33974 0.9952037 3.578286 
16.40941 0.7637841 3.5108 
16.58038 0.1714164 3.42419 
16.32764 0.4199552 3.481008 
11.96657 5.025444 2.552546 
15.90191 0.8352984 3.591493 
15.90292 0.5576081 3.546312 
16.18527 -0.1215457 3.497059 
15.90895 0.2220078 3.528787 
16.43263 -0.621969 3.45814 
11.07475 5.290182 3.723155 
16.42164 -0.919656 3.451719 
15.79042 -0.53879 3.5897 
15.76464 -0.1623792 3.560125 
14.91863 0.6918998 3.657033 
12.54632 3.255726 3.550265 
16.35661 -1.20074 3.445466 
15.14861 0.387765 3.616039 
12.27187 3.192011 3.412628 
11.96653 3.40636 3.596378 
10.64887 5.086842 2.649839 
16.10602 -1.018366 3.563783 
13.33358 1.932459 3.448336 
16.07482 -0.6767955 3.549213 
15.10624 -0.1405188 3.655705 
11.69228 3.346871 3.481265 
16.09294 -1.370301 3.563714 
13.38906 1.670776 3.447909 
11.78061 3.124176 3.263336 
15.96141 -1.657856 3.61069 
15.83539 -1.288213 3.674203 
15.72305 -0.8703055 3.644279 
12.0279 3.049343 3.243309 
16.15672 -1.695529 3.409122 
16.13916 -1.5761 3.484953 
15.90998 -1.540852 3.656501 
10.95975 3.447773 3.512436 
13.31527 0.8832486 3.406931 
15.85001 -2.105351 3.384482 
9.140196 5.105098 3.185904 
10.56546 3.486947 3.536651 
8.696888 4.985789 2.972497 
10.7649 3.293165 3.309321 
15.62333 -2.32463 3.334146 
15.4255 -2.393444 3.454294 
13.25454 0.1268511 3.527578 
10.2817 3.265344 3.248497 
8.410648 4.920903 2.992868 
15.19386 -2.46087 3.473975 
8.101263 4.845432 2.950733 
9.590541 3.37829 3.363867 
7.714289 4.763179 2.829122 
14.80714 -2.621301 3.427817 
7.382426 4.698606 2.930493 
7.169071 4.677919 2.770805 
7.075689 4.631885 2.976765 
14.29974 -2.93204 3.302415 
12.24331 -0.8050339 3.269125 
7.043324 4.668201 2.720331 
14.08701 -3.047655 3.666413 
12.13826 -1.335397 3.474438 
6.777675 4.646131 2.767925 
14.15218 -3.058122 3.35924 
13.98969 -3.317223 3.372023 
6.49041 4.616083 2.811527 
13.94384 -3.403053 3.567893 
13.89946 -3.613885 3.589518 
11.91403 -1.574778 3.484474 
6.261087 4.622827 2.746472 
5.998947 4.591979 2.777497 
13.84559 -3.877464 3.61906 
7.717501 3.206323 3.325988 
11.37329 -1.856748 3.430537 
5.71584 4.577059 2.745098 
13.63152 -4.204641 3.426856 
13.66966 -4.381886 3.820691 
13.50933 -4.51481 3.74324 
13.24111 -4.800303 3.980887 
4.732713 4.497741 2.884978 
4.375416 4.49234 2.907209 
4.530468 4.58234 2.516411 
12.82706 -4.712152 3.49232 
4.399472 4.5988 2.4353 
4.786546 3.189005 3.170374 
4.003926 2.990084 3.008203 
10.31167 -2.529514 3.595802 
5.190489 2.559994 2.765943 
4.953503 2.759973 2.875113 
3.96469 3.409499 3.323696 
3.229946 4.646209 2.836743 
12.33809 -4.838732 3.557846 
9.866013 -2.424658 3.421804 
5.475782 2.573642 2.790774 
3.09188 4.703164 2.653811 
2.915747 4.732717 2.683569 
2.561281 4.761463 2.840722 
2.312276 4.782054 2.901337 
11.59866 -5.112967 3.930163 
2.017623 4.801956 2.758297 
8.892516 -2.790946 3.477615 
3.490001 3.351355 3.261231 
1.740671 4.805664 2.859005 
1.515631 4.818179 2.687528 
10.99876 -5.151987 3.826495 
3.368299 3.176092 3.118371 
1.282752 4.814875 2.959431 
10.62104 -5.115031 3.655572 
3.356687 2.965582 2.962606 
3.140352 2.767617 2.815597 
1.234092 4.822501 2.747631 
10.30665 -5.10718 3.596827 
7.841918 -2.806427 3.355107 
8.393086 -2.832763 3.441579 
2.823273 3.25058 3.140495 
2.320544 3.221276 3.075258 
10.26121 -5.172306 3.803058 
7.940647 -2.95771 3.495499 
2.795694 3.027344 2.967209 
0.64846 4.81587 2.741765 
9.996918 -5.082265 3.484587 
9.574461 -5.10166 3.516849 
9.551036 -5.171522 3.747662 
9.312121 -5.153773 3.654636 
6.968075 -2.95953 3.357974 
1.477805 3.54681 3.327507 
7.325933 -3.165566 3.617596 
-0.3108757 4.828696 2.60583 
9.015752 -5.159717 3.676194 
8.783734 -5.15581 3.627832 
8.701758 -5.125677 3.525433 
0.8916555 3.132277 3.021447 
0.7355737 3.354239 3.207619 
8.728436 -5.163929 3.803579 
8.559754 -5.153495 3.652706 
8.393892 -5.086446 3.526203 
6.2992 -3.148695 3.425299 
6.883882 -3.088912 3.465965 
0.3297332 3.533132 3.401632 
8.202974 -5.039584 3.598296 
-1.055826 4.818318 2.585971 
8.09214 -5.001727 3.485793 
7.882927 -4.905373 3.494441 
7.696362 -4.832298 3.442464 
0.2889311 3.203332 3.158821 
7.448124 -4.774139 3.616242 
-0.1963636 3.193793 3.190212 
5.758727 -3.26266 3.444151 
-0.4521614 3.274531 3.251499 
-0.08606608 2.597195 2.782894 
-0.4384203 3.012199 3.057148 
6.986147 -4.742614 3.221683 
5.226264 -3.289896 3.366266 
-0.9146251 3.157395 3.114569 
6.799526 -4.746316 3.197432 
-1.126586 3.325038 3.206886 
6.546486 -4.766425 3.094002 
6.206904 -4.804314 3.209862 
5.87454 -4.842487 3.415886 
-1.7714 3.197709 3.062497 
-3.162604 4.694875 2.810927 
4.532365 -3.434717 3.402231 
-3.899571 4.526876 2.615745 
-4.114214 4.479085 2.824784 
-2.508714 2.854634 2.89093 
-4.41476 4.408002 2.356473 
-3.009395 2.835057 2.95099 
-3.352785 3.056262 3.166147 
2.884635 -3.560377 3.333075 
-3.751682 3.115338 3.269633 
2.623331 -3.608515 3.333273 
-3.735837 2.893977 3.101817 
4.216207 -5.132981 3.48471 
-3.56612 2.190416 2.647187 
-2.960359 2.645969 2.823857 
-3.82417 2.501586 2.858778 
-4.557178 3.215693 3.464876 
-5.138327 4.365323 2.497167 
3.957176 -5.198566 3.256936 
3.560457 -5.256072 3.225688 
1.905322 -3.764351 3.314123 
3.217727 -5.261963 3.159949 
2.820921 -5.226342 3.17861 
-6.147512 4.495102 2.57131 
1.255794 -3.835457 3.251998 
-6.849581 4.733286 2.901917 
-6.884429 4.590639 2.467506 
2.36202 -5.221076 3.134389 
2.001524 -5.289063 3.243402 
0.4663523 -4.177153 3.523099 
-7.349036 4.80884 2.975909 
-7.65388 4.6157 2.269934 
1.809959 -5.374393 3.17022 
-0.0856019 -4.024541 3.254575 
0.6180968 -5.696236 3.441523 
-0.9374415 -4.29537 3.496088 
-9.592511 4.894431 2.79787 
-10.30376 4.834651 2.750558 
-10.86515 4.691447 2.510501 
-0.6032303 -5.91876 3.219481 
-8.669411 2.323384 3.001302 
-8.878304 2.519039 3.109449 
-1.080566 -5.976345 3.353476 
-8.955172 2.236054 2.936833 
-9.240331 2.094243 2.888968 
-2.971607 -4.2187 3.407572 
-11.40235 4.598051 2.740086 
-1.665178 -5.983311 3.540622 
-3.681237 -3.98637 3.180989 
-9.524661 2.08886 2.944625 
-2.009738 -6.002785 3.106883 
-2.338506 -5.975254 3.357477 
-3.910421 -4.115229 3.30435 
-9.614165 1.47931 2.729688 
-9.77062 1.854121 2.912263 
-4.500978 -4.01394 3.211726 
-10.08347 1.908172 3.047784 
-12.26074 4.381356 2.58276 
-2.600242 -5.973567 3.290612 
-9.803445 1.301045 2.740288 
-12.65061 4.330497 2.466379 
-2.947125 -5.973422 3.254412 
-12.7416 4.377592 2.696805 
-3.116404 -5.968052 3.053466 
-4.754626 -4.219049 3.422436 
-13.02071 4.352062 2.647796 
-3.268246 -5.953587 3.1928 
-5.140226 -3.960033 3.184912 
-9.972092 0.70663 2.730124 
-5.525049 -4.035779 3.286758 
-10.11929 0.9116178 2.834524 
-4.048066 -5.834159 3.301689 
-10.36058 0.8193527 2.995056 
-10.17141 0.1626271 2.80955 
-4.311734 -5.819468 3.192664 
-13.71723 4.268543 2.749054 
-13.98256 4.195998 2.754633 
-6.19791 -3.746159 3.082592 
-14.10018 4.013229 2.361007 
-4.880229 -5.722743 3.240063 
-14.28981 4.076248 2.739804 
-5.050462 -5.738778 2.90886 
-7.177379 -3.813097 3.218344 
-10.24895 -0.2720873 2.851022 
-5.259869 -5.670053 3.065887 
-5.669424 -5.573419 2.932616 
-14.63415 3.935392 2.841226 
-5.806341 -5.517448 3.097559 
-7.401566 -3.569011 3.014365 
-10.46294 -1.065746 3.040206 
-6.049186 -5.501759 2.91415 
-14.83661 3.731203 2.690002 
-6.2129 -5.452793 3.068687 
-10.29741 -1.399206 2.917098 
-14.97872 3.560757 2.614183 
-6.520391 -5.433481 3.065639 
-8.93347 -3.459802 3.049635 
-10.25099 -1.838255 2.913132 
-15.17941 3.355711 2.670808 
-8.586231 -3.803542 3.270866 
-8.380992 -3.532336 3.041022 
-10.6174 -2.161997 3.172811 
-15.34513 3.152518 2.74018 
-7.107244 -5.512575 2.925119 
-9.824694 -2.93998 2.962429 
-10.06254 -2.629271 2.946442 
-10.60451 -2.533069 3.192936 
-9.746465 -3.228719 3.069586 
-7.577747 -5.638952 3.108671 
-10.29712 -2.894845 3.122023 
-15.39943 2.698807 2.725849 
-9.521249 -3.304262 3.056345 
-9.903468 -3.534444 3.259828 
-10.07718 -3.100652 3.107857 
-15.36977 2.383068 2.727651 
-8.123573 -5.86939 3.184027 
-14.9336 0.9104561 2.624584 
-8.525388 -6.009024 3.398968 
-14.78259 0.1387208 2.602293 
-14.89565 0.04997187 2.825231 
-9.01607 -6.174196 3.353921 
-14.95035 -0.2467253 2.919321 
-9.261938 -6.243919 3.240304 
-14.9752 -0.483578 2.888646 
-15.04754 -0.7768092 2.871258 
-9.976417 -6.414199 3.230203 
-15.04937 -0.9708636 2.800628 
-15.16279 -0.9382805 3.063492 
-10.13456 -6.432785 3.247047 
-10.31077 -6.452055 3.263576 
-10.66941 -6.436495 3.31609 
-15.12907 -1.213116 2.944891 
-10.90251 -6.403698 3.339518 
-11.13494 -6.333024 3.205087 
-11.38356 -6.286765 3.161179 
-11.87691 -6.250504 3.42069 
-11.80078 -6.223184 3.177334 
-15.14203 -2.64362 2.556894 
-11.98082 -6.244521 3.385031 
-12.38462 -6.178099 3.228598 
-15.42758 -3.025602 2.813529 
-12.58967 -6.19155 3.429286 
-12.56974 -6.113595 3.089765 
-12.79299 -6.116281 3.230968 
-13.2599 -6.01543 3.112995 
-15.61692 -3.128676 3.138698 
-13.33743 -6.054429 3.343874 
-13.62441 -5.960489 3.07744 
-15.73007 -3.904085 2.811247 
-13.95713 -5.940369 3.171006 
-14.12342 -5.866968 2.98463 
-15.87327 -4.146403 3.118868 
-15.7601 -4.092112 2.79617 
-14.61773 -5.785134 3.025112 
-15.79207 -4.684581 3.028495 
-15.33226 -5.580082 3.357533 
-15.55796 -5.212515 3.074567 
-15.70105 -5.007289 3.154334 
-15.48656 -5.389579 3.251164 
17.36324 3.448484 3.085153 
17.17994 3.664976 3.201308 
17.69379 2.84601 3.020972 
16.96548 3.754316 3.139001 
16.87162 3.855596 3.298309 
17.73918 2.629597 2.94818 
16.49232 4.001513 3.202637 
16.00137 4.110419 3.084427 
17.74864 1.972475 2.886199 
15.9931 4.211037 3.288249 
15.79379 4.093128 2.896753 
17.62635 1.670286 3.105224 
17.69663 1.772876 2.980832 
17.53963 1.829575 3.286099 
15.60436 4.216089 2.9641 
15.39136 4.398985 3.217854 
17.59909 1.240113 3.054139 
17.5077 1.4324 3.214482 
15.17503 4.390283 2.869657 
14.99139 4.510611 3.104083 
14.68614 4.619027 2.91386 
14.17984 4.797078 2.845634 
17.50937 0.8997597 3.071694 
17.38143 0.8369641 3.177619 
17.28902 1.15452 3.325902 
17.35765 0.5453183 3.129962 
17.21732 0.6148626 3.240083 
17.07273 0.7178854 3.33214 
17.20666 0.2457794 3.189046 
17.30007 0.2168069 3.111593 
17.0703 0.3066528 3.27591 
17.05841 -0.0770999 3.245785 
16.90914 0.5201087 3.362929 
17.03505 -0.3277296 3.224264 
16.91143 -0.2774658 3.300023 
16.88847 0.2150215 3.343089 
11.65213 5.088957 2.755552 
17.08828 -0.5476288 3.133271 
16.44824 -0.2530304 3.451689 
17.00058 -0.891139 3.062418 
16.95785 -0.6110705 3.2196 
16.72721 -1.12687 3.208541 
16.79289 -0.6036682 3.323751 
16.69979 -0.342886 3.378915 
16.77638 -0.9700186 3.24433 
16.6588 -0.8963171 3.343838 
12.71888 3.062096 3.472373 
12.47227 3.060241 3.361653 
16.36795 -1.395243 3.370724 
13.02689 2.763474 3.52266 
12.77429 2.930652 3.438349 
12.54036 2.908223 3.305732 
16.71527 -1.250596 3.130186 
16.36344 -1.534035 3.287893 
12.88307 2.460132 3.299933 
13.11432 1.83818 3.297379 
12.65007 2.483535 3.176369 
16.34374 -1.650481 3.199675 
13.0667 1.539385 3.227175 
13.11985 2.308 3.403962 
12.41863 2.487791 3.066352 
12.25193 2.52358 3.017132 
11.99706 2.643102 2.989936 
10.08372 5.030732 2.430958 
16.40046 -1.674056 3.061823 
16.00389 -1.928012 3.386262 
11.30233 3.087614 3.175781 
11.2612 3.30283 3.382622 
16.00654 -2.023006 3.179811 
13.20246 0.6344597 3.373516 
13.19544 1.196383 3.310344 
10.74683 3.147494 3.166602 
11.46792 2.965762 3.095083 
10.94811 2.942373 3.004565 
15.78482 -2.234655 3.128026 
12.69849 0.6643019 3.035009 
8.930808 4.97558 2.665379 
15.56206 -2.391761 3.221865 
13.07617 0.3012083 3.372344 
10.14207 3.095229 3.066368 
9.698717 3.232296 3.19241 
15.19604 -2.498771 3.320467 
12.88995 -0.09691416 3.386689 
12.37015 -0.1382299 3.053141 
14.79338 -2.666487 3.179406 
9.498577 3.044771 2.979449 
9.099687 3.183884 3.166387 
12.47605 -0.3521825 3.214905 
14.63272 -2.747052 3.068056 
7.376261 4.711153 2.65192 
14.48495 -2.79446 3.361569 
14.17251 -3.072813 3.129187 
8.411703 3.126371 3.179586 
14.06117 -3.190546 3.326154 
11.98477 -1.024565 3.2175 
8.021377 3.132212 3.227171 
6.442658 4.651132 2.643894 
13.88125 -3.607334 3.260788 
11.75345 -1.203908 3.191451 
6.167817 4.655637 2.504384 
13.82456 -3.822936 3.376458 
11.69917 -1.728921 3.473194 
7.739581 2.901231 2.980931 
5.955335 4.641453 2.506202 
13.75007 -4.071874 3.514583 
7.353473 3.138042 3.223216 
5.737284 4.644813 2.369029 
7.37111 2.898361 2.981717 
7.143798 3.005215 3.080406 
5.524128 4.587841 2.681145 
5.494199 4.625254 2.415193 
5.209077 4.602361 2.510916 
13.4036 -4.397874 3.383808 
5.143342 4.544603 2.754456 
4.935022 4.570005 2.614585 
13.25791 -4.536157 3.463497 
4.747437 4.564765 2.612605 
13.14961 -4.704686 3.689791 
10.8051 -2.009631 3.371479 
10.51937 -1.619247 3.066388 
3.967237 4.550919 2.769486 
3.563905 4.639509 2.585601 
4.728868 2.710124 2.821134 
6.037635 2.572027 2.777647 
11.57684 -4.952216 3.518782 
9.317489 -2.508332 3.362927 
2.463718 4.788547 2.715943 
2.255967 4.795017 2.724794 
2.022438 4.809471 2.46801 
9.231093 -2.740562 3.500121 
11.13038 -4.97094 3.409146 
8.906376 -2.627004 3.363401 
1.732907 4.81895 2.609095 
1.626175 4.821377 2.338089 
8.035698 -2.628776 3.252673 
7.463737 -2.52382 3.100614 
2.793288 3.438099 3.30264 
0.8495725 4.814178 2.300202 
2.697268 2.71775 2.758825 
2.310366 2.835976 2.794216 
2.188525 3.403271 3.232378 
0.5670858 4.80795 2.386026 
2.38991 3.067015 2.960817 
1.826872 3.255979 3.060815 
1.543113 3.39478 3.163483 
7.251937 -2.716814 3.204274 
8.953066 -5.099501 3.459439 
1.410424 3.106907 2.924335 
1.113898 3.418584 3.204368 
0.01083242 4.817243 2.572777 
8.993422 -5.004787 3.203123 
1.734153 2.787519 2.701166 
1.538659 2.9197 2.775139 
1.679195 3.031003 2.863571 
1.055954 3.272178 3.086896 
-0.5318274 4.835012 2.654063 
8.538371 -5.109681 3.470634 
8.381384 -5.046869 3.297317 
6.118932 -2.922715 3.184675 
8.269506 -5.074614 3.489913 
8.204561 -5.023827 3.386608 
7.999609 -4.891311 3.18009 
7.733248 -4.820701 3.198897 
7.552573 -4.793947 3.223342 
-1.713794 4.790188 2.504587 
7.20523 -4.743499 3.19814 
5.722838 -3.064956 3.243057 
4.743583 -3.230416 3.232476 
-1.099842 3.079902 3.021473 
-1.354133 2.874106 2.839126 
-0.783348 2.840604 2.92258 
-0.9757389 2.597151 2.783852 
-1.392253 3.214164 3.075005 
-1.715657 3.027715 2.93366 
5.949608 -4.85358 2.974641 
-0.7187806 2.390845 2.68692 
3.670863 -3.25049 3.105503 
-1.803756 2.851554 2.826916 
-2.032252 2.98319 2.916689 
-0.9780471 2.093696 2.55952 
-1.201698 2.174406 2.60503 
5.57484 -4.934795 3.2326 
-1.483886 2.310773 2.649284 
-1.609674 2.663184 2.746235 
-2.059302 3.136445 3.031757 
5.305324 -4.999619 3.315249 
3.650026 -3.4331 3.285645 
-2.193981 2.65418 2.73388 
3.235173 -3.493373 3.306122 
-1.975378 2.602159 2.704343 
4.984328 -5.060597 3.115235 
-2.013419 1.793939 2.444616 
-2.684329 2.486731 2.711711 
4.388878 -5.127338 3.245779 
-3.623505 2.720858 2.966117 
-4.545574 4.399805 2.664245 
2.494119 -3.500096 3.162456 
-4.226722 2.750232 3.074177 
-4.463943 2.52645 2.959946 
-4.876258 4.373842 2.620724 
-5.346119 4.370041 2.508256 
-5.648362 4.389636 2.445661 
3.357285 -5.260242 3.269118 
-5.851157 4.423235 2.488882 
-6.039455 4.418283 2.267337 
2.996747 -5.25111 3.079364 
1.297732 -3.610098 3.007369 
-6.476769 4.550525 2.544561 
2.550884 -5.21289 3.142767 
0.6394119 -3.933818 3.251794 
-7.209567 4.642566 2.493183 
2.056041 -5.290178 3.017924 
1.4765 -5.537383 3.218815 
-0.400337 -3.773336 2.972827 
1.29527 -5.614807 3.458567 
1.10709 -5.68177 3.231388 
0.8360196 -5.708442 3.230989 
-1.046611 -4.035619 3.206399 
-8.968179 4.635408 2.057724 
0.5844083 -5.715737 3.192549 
-1.529518 -4.050042 3.221162 
-9.914354 4.714459 2.105277 
0.1276925 -5.765479 3.146819 
-2.07533 -4.035125 3.216674 
-10.22141 4.783781 2.476389 
-0.2931131 -5.850537 3.209809 
-0.7888293 -5.942987 3.107515 
-2.291218 -3.855618 3.062886 
-10.51845 4.718699 2.351408 
-2.713749 -4.037181 3.227773 
-2.865094 -3.764134 3.001359 
-8.63409 2.108687 2.892809 
-1.226882 -5.994422 3.206698 
-1.534445 -6.003107 3.106457 
-11.39133 4.505011 2.214686 
-8.844792 1.842164 2.754989 
-9.322068 1.764229 2.757754 
-1.877236 -6.005344 3.133134 
-3.985948 -3.798172 3.026329 
-11.69287 4.450721 2.324481 
-4.850744 -3.567876 2.861077 
-9.329129 1.484683 2.670568 
-11.96169 4.375904 2.267334 
-2.177873 -5.991845 3.090762 
-2.369734 -5.982139 3.087906 
-12.38608 4.291096 2.176952 
-9.508963 1.087191 2.607661 
-12.6977 4.259903 2.175334 
-2.850019 -5.984774 3.023426 
-4.67432 -3.8285 3.056951 
-5.545577 -3.740283 3.026804 
-9.542136 0.8072786 2.573947 
-9.707237 0.6944581 2.609412 
-9.948968 1.228398 2.789634 
-3.190553 -5.963408 2.952035 
-3.467424 -5.935159 3.001766 
-3.604213 -5.911721 3.051439 
-3.779392 -5.896634 3.01003 
-3.955296 -5.867902 3.071766 
-6.006953 -3.412724 2.805013 
-9.819182 0.3849535 2.621866 
-7.429461 -3.280738 2.792266 
-10.0346 0.1506209 2.717933 
-4.603282 -5.796733 3.017498 
-4.745768 -5.7806 2.981288 
-6.699748 -3.612316 3.009273 
-9.979834 -0.5202242 2.642569 
-14.38398 3.925145 2.48473 
-5.676311 -5.578154 2.745173 
-7.864181 -3.181177 2.749383 
-10.20349 -0.9651523 2.825886 
-14.62191 3.720747 2.369941 
-9.972669 -1.461546 2.708067 
-6.561952 -5.462389 2.778212 
-8.481954 -3.111237 2.764892 
-9.694539 -2.283255 2.719301 
-6.796719 -5.459833 2.982956 
-9.909215 -2.139656 2.77966 
-9.221622 -3.321228 3.005855 
-9.358235 -2.795693 2.769788 
-10.04185 -1.933753 2.80989 
-15.23232 3.061904 2.470676 
-15.21625 2.885663 2.40125 
-15.1821 2.904279 2.333862 
-7.31422 -5.557969 2.985881 
-9.467683 -2.985121 2.884195 
-10.43448 -2.689049 3.129326 
-7.569314 -5.639698 2.941165 
-15.20498 2.201662 2.470452 
-14.80687 0.7510509 2.431846 
-14.5725 0.05820106 2.194815 
-14.76315 0.4036722 2.459492 
-8.787041 -6.098768 3.175362 
-14.73149 -0.2291732 2.553017 
-9.237329 -6.233033 2.99586 
-14.83966 -0.4435836 2.675807 
-9.561202 -6.314658 3.063085 
-14.69326 -0.6328628 2.421531 
-9.584433 -6.333319 3.407412 
-9.799442 -6.370079 3.120686 
-14.91445 -0.9251828 2.615674 
-9.967244 -6.406686 3.072253 
-14.90539 -1.17224 2.549031 
-10.2496 -6.402228 3.079949 
-14.93054 -1.618453 2.544291 
-15.05176 -1.258001 2.775657 
-15.05544 -1.803013 2.773689 
-10.75831 -6.391964 3.188436 
-11.10896 -6.257253 2.931886 
-14.92102 -1.982371 2.469268 
-15.07429 -2.2362 2.687368 
-11.63376 -6.247479 3.173688 
-11.74212 -6.153662 2.908993 
-12.01289 -6.19223 3.133433 
-12.06264 -6.09741 2.851863 
-12.71357 -5.974063 2.77678 
-13.17702 -5.970655 2.93358 
-15.55817 -3.553634 2.660784 
-13.7792 -5.884803 2.872644 
-15.59566 -3.869053 2.537367 
-14.30906 -5.801066 2.839711 
-14.52764 -5.720381 2.739229 
-15.68594 -4.495893 2.689184 
-15.81892 -4.407039 2.990062 
-15.11394 -5.634511 3.142436 
-15.28539 -5.469651 3.023876 
-15.1984 -5.249242 2.500682 
-15.55925 -4.907055 2.708233 
-15.61886 -4.977175 2.909449 
-15.66136 -4.680294 2.731437 
-15.42569 -5.199677 2.776383 
17.52774 3.195422 3.255764 
17.60254 3.088908 2.942901 
17.4562 3.356073 2.95947 
17.36642 3.413496 2.901166 
17.27804 3.428085 2.81107 
17.21699 3.56673 3.003098 
16.81044 3.797122 3.036966 
16.4531 3.937143 3.053419 
17.77687 2.409978 2.856174 
16.19202 3.938016 2.919153 
16.02771 3.91232 2.784305 
17.74186 1.638902 2.827455 
16.24077 3.580159 2.489949 
15.92972 3.869579 2.627669 
15.78429 3.941742 2.578754 
17.78067 1.459036 2.67749 
17.67932 1.416139 2.953468 
15.69915 3.953728 2.45372 
15.47331 4.188057 2.708895 
15.24287 4.303382 2.615799 
15.00319 4.443488 2.668598 
17.64996 1.078994 2.931871 
17.74362 1.087456 2.740754 
14.4332 4.65711 2.391 
17.69488 0.7798495 2.752275 
13.82964 4.877872 2.828318 
17.56444 0.6216436 2.91534 
17.40929 0.2666988 3.007905 
13.56372 4.904068 2.718576 
17.60767 0.3853436 2.741292 
17.4443 0.07581469 2.906709 
13.15759 4.896437 2.410751 
17.48772 -0.07337514 2.779712 
17.26942 -0.1097528 3.079779 
17.32656 -0.3747417 2.900752 
17.41512 -0.3650597 2.733147 
12.64519 5.010069 2.704464 
12.33668 4.9967 2.535277 
17.20343 -0.4954284 3.024372 
17.02295 -1.113033 2.79118 
11.39823 5.106072 2.796051 
17.02609 -1.018829 2.908624 
16.69073 -1.378888 3.019266 
16.73538 -1.440529 2.806563 
10.36689 5.045628 2.439672 
12.75567 1.972252 3.086173 
12.73536 2.237175 3.153977 
16.13523 -1.956074 2.90577 
12.83442 1.656789 3.079291 
12.65628 1.826199 2.98853 
12.46373 1.920986 2.901158 
12.50364 2.229695 3.029593 
12.28885 2.201379 2.924522 
12.78739 1.337258 3.026476 
12.07823 1.915223 2.746666 
11.81524 1.992966 2.683549 
11.76174 2.763741 3.00363 
12.51518 1.360159 2.857243 
12.3361 1.712341 2.808131 
11.5483 2.234825 2.702717 
11.28805 2.40465 2.725219 
11.36769 2.738035 2.917668 
9.280619 4.947635 2.332358 
12.71082 1.03297 2.990594 
11.27029 2.8313 2.962851 
12.36582 0.7107809 2.832092 
10.84644 2.490558 2.697762 
8.573234 4.925083 2.68997 
10.53381 2.759568 2.819425 
12.38879 0.3908061 2.906201 
10.04861 2.937492 2.90936 
12.50845 0.2035729 3.025076 
9.589921 2.808913 2.775786 
7.864944 4.788506 2.425268 
12.14857 -0.05427168 2.893576 
9.384841 2.925757 2.870137 
9.193223 2.634494 2.633556 
7.160101 4.694155 2.393487 
14.30552 -2.964595 2.955552 
11.98363 -0.5380954 2.989523 
8.874333 2.939985 2.923821 
14.14318 -3.123096 2.9165 
11.69496 -0.7446148 2.938678 
13.95655 -3.400651 2.956757 
8.331904 2.651268 2.682699 
13.94061 -3.447206 3.308873 
13.84238 -3.663575 3.106502 
8.101351 2.86237 2.916183 
11.49711 -1.329448 3.156794 
7.554038 2.654487 2.741609 
7.065682 2.834466 2.923974 
13.52908 -4.27287 3.342286 
7.25828 2.54039 2.657378 
6.941686 2.671795 2.791204 
11.05464 -1.539443 3.14221 
10.69597 -1.173706 2.846832 
6.63687 2.376391 2.592085 
6.606812 3.104407 3.137832 
4.876674 4.601616 2.412928 
12.87616 -4.484017 3.063712 
4.108795 4.591258 2.527379 
3.886575 4.623157 2.449198 
9.780269 -1.999759 3.151806 
3.861205 4.659791 2.165297 
3.72718 4.64678 2.431733 
12.25568 -4.590299 2.983541 
12.07006 -4.512814 2.727903 
6.056468 2.24281 2.571864 
6.299358 2.120034 2.46573 
5.804094 2.31403 2.63644 
3.142379 4.723438 2.455763 
11.6353 -4.575848 2.693876 
8.753952 -1.987402 2.964604 
2.738192 4.766655 2.616064 
8.063703 -2.356514 3.082566 
3.934753 2.590914 2.725996 
1.409376 4.823523 2.275672 
10.24242 -5.00527 3.313725 
9.881564 -4.981198 3.210512 
7.635019 -1.926285 2.743996 
1.052281 4.824138 2.498839 
3.212339 2.573129 2.68982 
6.675223 -2.043659 2.63834 
2.326738 2.48837 2.600441 
0.2241738 4.806772 2.437769 
-0.3597401 4.789669 2.130345 
8.618164 -5.052677 3.282954 
6.363054 -2.670936 3.021814 
6.433513 -2.293834 2.763114 
1.315694 2.973613 2.839454 
8.451175 -4.867681 2.88326 
1.451943 2.730421 2.671173 
1.16802 2.798357 2.76162 
8.094385 -4.826643 2.922949 
1.328866 2.56994 2.614435 
7.840945 -4.784796 2.952889 
-1.563578 4.791559 2.479383 
7.403447 -4.767088 3.239384 
7.462848 -4.73033 2.902644 
7.241415 -4.729952 2.908237 
6.993794 -4.739038 2.971426 
-2.162545 4.753791 2.466053 
6.732377 -4.754344 3.003331 
6.568482 -4.77077 2.87429 
5.241514 -2.929003 3.049293 
4.188377 -2.987416 2.960229 
0.4139839 2.30507 2.577492 
0.1424469 1.944242 2.40465 
-0.3752117 2.230962 2.586639 
-3.147389 4.648736 2.361212 
5.755417 -4.891416 2.774469 
4.21897 -2.7742 2.817718 
3.581757 -3.057544 2.935307 
-1.834966 2.09756 2.559423 
5.18624 -5.033692 2.973753 
-1.385826 1.908163 2.490032 
-3.519694 4.600412 2.4469 
3.161979 -2.862261 2.735728 
4.979433 -5.056716 2.865202 
4.76281 -5.089023 3.014206 
3.042783 -3.280464 3.042145 
2.800121 -3.037472 2.804816 
-2.546145 2.300623 2.624697 
4.440751 -5.128314 2.899059 
2.701896 -3.220006 2.930285 
-2.330061 2.135203 2.562542 
4.117567 -5.178805 2.896829 
-2.830978 1.94646 2.485708 
3.842151 -5.224689 2.996424 
1.883255 -3.193036 2.748372 
3.688699 -5.242826 2.815995 
2.147001 -3.385816 2.962892 
3.393044 -5.264 2.899405 
1.886649 -3.571048 3.082278 
-5.787109 4.356605 2.056662 
3.11571 -5.258579 2.85605 
0.9514771 -3.527357 2.881405 
2.860822 -5.236237 2.844084 
-6.354468 4.435238 2.165226 
2.531552 -5.228731 2.847111 
2.291271 -5.243367 2.918884 
2.134417 -5.267595 2.651951 
0.4132908 -3.715882 2.989325 
0.1017188 -3.501241 2.773903 
-7.048551 4.52573 2.169936 
-4.2996 2.315673 2.806691 
-7.13846 4.471073 1.925451 
-5.218313 2.544703 3.080175 
-5.706254 1.954774 2.765564 
-7.242351 4.542266 2.142348 
-5.329259 1.88533 2.659749 
1.636536 -5.457888 3.020676 
1.618543 -5.454557 2.829772 
-7.889145 4.636532 2.28949 
1.420078 -5.564778 2.981449 
-8.344458 4.693047 2.408452 
1.246296 -5.614348 2.876025 
-8.071765 4.568813 2.009496 
-0.6300866 -3.483239 2.717907 
0.9501952 -5.69489 2.911847 
0.8625246 -5.689053 2.875833 
-1.261989 -3.513135 2.736638 
-8.683645 4.699312 2.351723 
0.7201906 -5.710269 2.93208 
-1.032367 -3.80092 2.978432 
-1.551977 -3.703359 2.90172 
-1.773624 -3.468588 2.727679 
0.1938501 -5.74392 2.768035 
-2.553311 -3.266721 2.629839 
-9.291156 4.743856 2.307757 
-0.007842087 -5.78504 2.910201 
-2.298878 -3.61668 2.865864 
-0.2204764 -5.827939 2.861666 
-2.882006 -3.476135 2.786823 
-3.426462 -3.136635 2.576961 
-0.8294921 -5.935194 2.882272 
-3.306971 -3.544079 2.839116 
-1.007923 -5.974044 3.15344 
-1.197211 -5.984182 2.948416 
-1.365141 -5.995625 2.950746 
-8.532351 1.836558 2.776236 
-4.137086 -3.523755 2.821302 
-8.601843 1.661674 2.70073 
-8.477211 1.424643 2.624053 
-2.07683 -6.009301 3.074624 
-2.011674 -5.982702 2.857436 
-8.999514 1.553778 2.659778 
-2.385299 -5.971468 2.838833 
-8.679886 1.221093 2.558568 
-2.522685 -5.981003 3.059219 
-8.991444 1.171746 2.551631 
-2.736445 -5.977724 3.050108 
-2.806611 -5.964623 2.833218 
-9.307616 1.102335 2.572407 
-5.164024 -3.324677 2.703933 
-8.94044 0.9623922 2.501298 
-3.145214 -5.947142 2.801584 
-8.800141 0.3990638 2.381094 
-8.968831 0.3412178 2.385127 
-9.239321 0.7608788 2.500247 
-8.98495 0.03860076 2.3119 
-8.772885 0.1729492 2.323408 
-9.208217 0.4003404 2.434185 
-3.487597 -5.91676 2.786254 
-9.201042 0.1186685 2.371419 
-13.15882 4.259835 2.354499 
-9.49223 0.4363927 2.506775 
-13.34143 4.162444 2.13978 
-9.438664 0.08848494 2.426409 
-4.116621 -5.855129 2.96213 
-9.749457 0.04766866 2.54749 
-9.526881 -0.2982723 2.378209 
-13.86383 4.090048 2.337436 
-4.688812 -5.779956 2.71779 
-13.89269 3.960999 2.03651 
-6.662592 -3.02282 2.565278 
-9.583656 -0.590959 2.379759 
-4.861047 -5.757119 2.911634 
-4.96341 -5.733016 2.626262 
-7.636458 -2.810873 2.495493 
-9.80881 -0.7965748 2.53288 
-14.18304 3.832506 2.041265 
-5.237259 -5.684437 2.883957 
-5.4469 -5.642457 2.643117 
-9.570694 -1.943095 2.587095 
-9.726226 -1.664169 2.599748 
-8.664427 -2.564621 2.509867 
-9.026062 -2.989057 2.7816 
-8.790442 -2.398598 2.473067 
-6.373908 -5.476119 2.738041 
-8.223962 -2.715744 2.505822 
-9.211096 -1.980967 2.459332 
-14.96285 3.371455 2.332677 
-9.077499 -2.251093 2.499689 
-9.670522 -2.58241 2.792096 
-6.770278 -5.473187 2.586418 
-14.98728 3.064956 2.090418 
-7.072433 -5.506921 2.633442 
-7.283494 -5.553197 2.764778 
-7.581535 -5.636731 2.706497 
-15.10703 2.556005 2.199333 
-15.16376 2.355801 2.336891 
-7.802075 -5.726746 2.824694 
-15.12806 1.975742 2.422415 
-14.7494 1.169477 2.106879 
-8.09917 -5.85752 2.923075 
-8.380515 -5.962944 2.925628 
-14.55713 0.8029905 1.864019 
-8.51786 -5.996137 2.770949 
-8.861295 -6.094474 2.833113 
-14.68777 -0.01821781 2.457058 
-9.039124 -6.125879 2.717629 
-9.17101 -6.123952 2.655388 
-14.53445 -0.3353726 2.238489 
-9.262815 -6.225564 2.903783 
-9.504399 -6.259979 2.825814 
-9.734083 -6.314652 2.867108 
-9.949646 -6.36227 2.944403 
-14.64678 -1.268327 2.214888 
-10.23726 -6.24828 2.699081 
-10.62591 -6.243356 2.745616 
-14.7785 -1.610844 2.318636 
-10.46723 -6.336055 2.924092 
-14.77042 -2.119474 2.162697 
-11.3427 -6.230302 2.942838 
-15.01552 -2.367211 2.496423 
-15.28525 -3.253214 2.339453 
-13.23947 -5.855932 2.661245 
-13.47826 -5.907851 2.845651 
-15.5251 -3.930516 2.362443 
-14.17402 -5.66092 2.372201 
-15.68318 -4.19368 2.623214 
-14.77577 -5.504467 2.444095 
-14.89842 -5.352364 2.292639 
-15.04017 -5.465507 2.653206 
-15.35812 -5.094326 2.537382 
-15.48852 -4.799067 2.494757 
-15.58804 -4.549699 2.516397 
17.54491 3.235096 2.870242 
17.70684 2.867987 2.774257 
17.61192 3.037946 2.711569 
17.46439 3.194923 2.684741 
17.7774 2.543924 2.54392 
17.72821 2.739022 2.706008 
16.98392 3.585474 2.835422 
17.06044 3.443345 2.68747 
16.5847 3.810492 2.925702 
16.67343 3.605586 2.722541 
17.78355 2.027167 2.716242 
16.46169 3.20959 2.25328 
16.36519 3.623324 2.615028 
16.61344 3.168488 2.292876 
16.07439 3.644776 2.417085 
16.3518 3.19313 2.145751 
16.07885 3.504011 2.198086 
15.93685 3.698874 2.308008 
15.55442 4.038794 2.374146 
15.22761 4.25461 2.267492 
17.78967 1.090026 2.604836 
14.7043 4.530322 2.125597 
17.80512 0.801856 2.463098 
14.24199 4.691822 2.188743 
14.02558 4.823498 2.760011 
13.67408 4.802135 2.206073 
17.72631 0.4407352 2.400413 
17.70481 0.5744778 2.613871 
17.58348 0.1273512 2.64136 
17.64095 0.1362908 2.451206 
17.54964 -0.1111848 2.558299 
12.92551 4.905789 2.345044 
12.59958 4.907664 2.188327 
17.29299 -0.6986613 2.706255 
17.23018 -0.7334238 2.844852 
17.14897 -0.9967083 2.629904 
11.7299 4.955497 2.058194 
16.94451 -1.28089 2.596318 
16.54815 -1.654118 2.656478 
10.89714 5.054453 2.483559 
16.42409 -1.711564 2.869461 
16.40498 -1.746395 2.739824 
9.786029 5.006933 2.4141 
15.87038 -2.173454 2.874203 
12.33838 1.420352 2.775686 
12.40164 1.028936 2.814589 
11.99951 1.559824 2.653167 
12.05218 1.127249 2.656586 
8.815406 4.905701 2.340869 
11.12621 1.961644 2.508681 
8.415122 4.860691 2.319391 
15.52413 -2.411233 2.957669 
11.48903 1.696065 2.520812 
10.82687 2.1263 2.514634 
10.20632 2.287603 2.51035 
11.767 0.7637869 2.575288 
15.08447 -2.564102 3.041388 
9.917327 2.458985 2.565178 
8.205771 4.847951 2.529717 
14.86798 -2.645704 2.9238 
12.00054 0.2505221 2.739902 
12.05347 0.758812 2.68073 
11.6112 0.325585 2.571312 
7.502289 4.73116 1.990193 
9.88385 2.691684 2.701813 
11.8328 -0.1852571 2.777293 
14.46338 -2.846436 3.049039 
14.4974 -2.825124 2.6986 
9.523341 2.349706 2.463109 
11.60733 -0.3229899 2.723905 
14.22763 -3.038574 2.543037 
6.758263 4.68426 2.12862 
8.785727 2.644682 2.651663 
6.781391 4.6623 2.587253 
11.41445 -0.5641668 2.75309 
9.049896 2.370358 2.44891 
8.739252 2.456046 2.502346 
8.056083 2.37356 2.444752 
11.31141 -0.9196275 2.87746 
10.8388 -0.5674146 2.586528 
13.69818 -3.94312 3.116932 
13.52977 -4.103646 3.032826 
13.40152 -4.032797 2.624127 
7.003685 2.440934 2.598445 
13.35077 -4.24313 3.014376 
10.49319 -0.8255441 2.622271 
7.093168 2.129835 2.330268 
13.12989 -4.381139 3.04615 
13.16426 -4.224429 2.748539 
4.845706 4.625719 2.167679 
4.286404 4.61985 2.274165 
10.01458 -1.374475 2.815828 
12.54885 -4.518672 2.959694 
9.752297 -1.087837 2.603968 
6.525179 1.999335 2.346451 
9.43016 -1.457677 2.757236 
3.414241 4.69461 2.309238 
5.234011 2.057966 2.4827 
8.391907 -1.630118 2.685023 
2.988564 4.75616 2.085749 
2.590962 4.785623 2.471582 
5.196185 1.840468 2.366016 
4.806983 2.284331 2.55098 
1.850896 4.803826 1.642749 
11.15272 -4.653311 2.703202 
4.506517 1.962261 2.352229 
4.196164 2.119736 2.420882 
10.7993 -4.979743 3.347169 
10.54834 -4.678375 2.605245 
4.039385 2.396452 2.596752 
4.209809 2.007151 2.357441 
7.41284 -1.650351 2.536879 
3.574058 2.325758 2.54815 
10.02459 -4.698636 2.566297 
9.57578 -4.710622 2.54858 
3.531405 1.911699 2.328234 
2.786489 2.272757 2.50979 
3.37443 2.095496 2.420495 
2.479907 1.835152 2.309882 
2.4296 2.096372 2.418177 
6.118943 -2.016333 2.534902 
1.723152 2.099862 2.405569 
1.699527 2.411393 2.528072 
5.642839 -2.446788 2.764072 
1.567258 1.733439 2.27118 
1.316071 2.010011 2.377327 
1.067474 2.415001 2.577989 
0.7141165 2.676312 2.762064 
-1.212911 4.718884 1.758163 
7.645799 -4.752385 2.944394 
5.719803 -1.962036 2.462496 
0.808217 2.336925 2.562729 
7.499859 -4.673344 2.620739 
-1.559785 4.706951 1.853141 
4.865284 -2.454837 2.686061 
1.247569 2.278583 2.497421 
4.73023 -2.129722 2.477528 
6.996027 -4.709072 2.679967 
0.7222798 1.782492 2.300326 
0.5339893 2.12073 2.471969 
6.689654 -4.729119 2.629269 
6.458513 -4.772051 2.765857 
-2.792372 4.619516 1.915479 
6.156836 -4.818476 2.884737 
3.865532 -2.322267 2.502867 
3.955051 -2.525653 2.630433 
-0.3376708 1.579062 2.267049 
-3.209964 4.55707 1.773706 
5.572978 -4.937109 2.703962 
-0.4371675 1.927385 2.432624 
5.487697 -4.947377 2.690781 
-3.66145 4.49048 1.816857 
5.381966 -4.985969 2.905366 
5.321328 -4.985588 2.633782 
5.207783 -5.009016 2.691295 
5.089257 -5.052867 2.768978 
5.038752 -5.022378 2.578052 
2.617013 -2.657876 2.538408 
-1.066436 1.431939 2.243781 
-3.979892 4.46883 2.15747 
4.695282 -5.085784 2.709342 
4.615793 -5.076118 2.581197 
4.397247 -5.101874 2.576529 
2.338643 -2.913368 2.648746 
4.21687 -5.139629 2.604287 
-4.71311 4.357821 2.059591 
4.047695 -5.17674 2.704227 
1.874261 -2.784818 2.506377 
-2.133141 1.31809 2.227952 
3.910939 -5.190111 2.669502 
-2.961269 1.410962 2.24023 
1.256578 -2.915832 2.484979 
3.656012 -5.235307 2.679068 
-5.228259 4.323414 1.939302 
3.490176 -5.244624 2.652713 
3.289529 -5.273226 2.826475 
0.7355053 -3.058369 2.512889 
-5.617037 4.351393 2.101878 
3.222473 -5.233201 2.579428 
1.51152 -3.283075 2.750624 
-5.871067 4.357344 2.015821 
3.00172 -5.251146 2.749936 
-3.212977 2.021138 2.53188 
-6.16878 4.396303 2.063531 
-5.977363 4.365941 1.952675 
2.85112 -5.215962 2.599083 
0.566407 -3.310052 2.658965 
-3.367385 1.36021 2.20472 
2.515764 -5.219324 2.607972 
-3.616281 1.677912 2.361173 
-6.490539 4.426132 2.04175 
2.389747 -5.212466 2.445953 
-4.205847 1.470987 2.284321 
-6.656649 4.419639 1.94078 
0.210616 -2.999439 2.435757 
-4.393194 1.939875 2.57907 
-6.993769 4.447207 1.845505 
1.96853 -5.320413 2.819483 
-0.0186944 -3.267395 2.592228 
-4.332998 1.690815 2.420817 
-4.771293 2.04782 2.692922 
-0.4437796 -3.105289 2.465722 
-4.820938 1.539751 2.373145 
-5.029199 1.471217 2.357573 
-5.240763 1.680371 2.508497 
-7.626605 4.448935 1.647687 
1.613572 -5.43347 2.610826 
1.264513 -5.575425 2.682271 
-5.683706 1.656049 2.576964 
-7.83485 4.482138 1.716016 
1.043848 -5.680211 2.937507 
0.9016338 -5.54786 2.382882 
-1.066751 -3.269759 2.565022 
-5.893682 1.493041 2.532565 
-8.318452 4.589718 2.038428 
-8.492003 4.559973 1.917812 
-1.617926 -3.268849 2.580324 
0.4451597 -5.686155 2.634717 
-1.853711 -2.96829 2.401444 
-8.703413 4.566953 1.81578 
0.3851024 -5.733343 2.986988 
-9.177232 4.574671 1.702101 
0.3159335 -5.735917 2.777705 
-3.091443 -2.915055 2.43489 
-9.168739 4.687802 2.155965 
-9.578856 4.632008 1.807495 
-9.743011 4.670215 1.937962 
-0.4014269 -5.863889 2.803378 
-0.5064777 -5.819668 2.574871 
-0.6574475 -5.910564 2.852099 
-0.8009105 -5.877447 2.641865 
-3.76034 -2.794142 2.378938 
-1.047229 -5.949867 2.825239 
-1.131404 -5.873442 2.545696 
-1.294173 -5.940096 2.738438 
-1.632546 -5.992776 2.896227 
-1.876757 -6.002959 2.928871 
-8.124718 0.9912208 2.513278 
-7.996345 1.537954 2.687763 
-1.963038 -5.930487 2.632146 
-4.80968 -2.709989 2.330628 
-2.31211 -5.923913 2.606521 
-4.722332 -3.115435 2.558885 
-12.12111 4.265246 1.8493 
-2.569953 -5.918244 2.598339 
-5.485595 -2.985314 2.491185 
-5.776886 -2.670528 2.320431 
-8.436095 0.6687453 2.428094 
-2.929788 -5.905799 2.58244 
-6.122737 -2.960298 2.494257 
-8.415989 0.3831037 2.360322 
-8.836722 0.6751299 2.441905 
-3.428509 -5.868295 2.546682 
-8.36853 -0.3303634 2.130277 
-7.468069 0.1890464 2.301455 
-8.371273 0.1663465 2.302835 
-12.93456 4.201827 2.047328 
-12.55212 4.188173 1.808283 
-6.231621 -2.664197 2.326973 
-8.667512 -0.003884174 2.263723 
-8.231966 -0.0444692 2.234731 
-7.214764 -2.86622 2.497113 
-8.80785 -0.187418 2.213277 
-8.456174 -0.2053547 2.177931 
-12.94119 4.098443 1.693131 
-3.924497 -5.862024 2.786758 
-3.834036 -5.839291 2.578638 
-9.14018 -0.1983737 2.269726 
-13.28214 4.058222 1.787044 
-4.31099 -5.829364 2.814072 
-4.256279 -5.788732 2.57333 
-9.291671 -0.2969722 2.283909 
-13.57466 4.112503 2.154918 
-4.479994 -5.764297 2.531266 
-7.83891 -2.531311 2.370788 
-8.93746 -1.296645 2.171834 
-9.120957 -0.8375751 2.161917 
-8.135839 -2.156893 2.251363 
-8.390555 -1.91581 2.211356 
-4.986676 -5.681993 2.385109 
-5.169181 -5.696336 2.634161 
-5.41588 -5.622019 2.447221 
-9.048264 -1.808323 2.347009 
-9.518794 -1.037974 2.377923 
-14.26033 3.716876 1.914566 
-5.673971 -5.55822 2.451155 
-5.89207 -5.54671 2.740492 
-14.70687 3.560747 2.234051 
-6.185539 -5.486451 2.749123 
-6.014219 -5.498665 2.429867 
-14.53979 3.422571 1.824865 
-6.336976 -5.466495 2.477202 
-15.02778 3.190618 2.24594 
-6.629239 -5.456958 2.419142 
-7.021017 -5.48526 2.380913 
-14.8585 3.034231 1.884415 
-14.86711 2.677045 1.816666 
-7.308441 -5.516628 2.305686 
-7.502786 -5.572314 2.380378 
-7.490778 -5.538329 2.227824 
-14.89921 2.215568 1.904992 
-14.78493 1.872408 1.819692 
-7.742529 -5.648774 2.397299 
-7.9666 -5.787909 2.725651 
-7.932348 -5.738924 2.507536 
-8.101549 -5.845982 2.6412 
-8.632991 -6.004399 2.592701 
-8.880141 -6.030385 2.558386 
-14.42441 -0.257367 2.013058 
-14.32806 -0.59507 1.891835 
-9.169244 -6.012443 2.429132 
-14.53271 -0.5345184 2.226369 
-14.40817 -0.9174493 1.993365 
-9.643681 -6.218133 2.672206 
-9.712082 -5.94324 2.192274 
-9.876173 -6.281723 2.751631 
-10.08207 -6.087098 2.406608 
-11.51491 -5.885312 2.252299 
-10.91657 -6.150462 2.625003 
-14.83793 -2.429183 2.124485 
-11.68082 -6.051233 2.62877 
-14.94398 -2.697768 2.13799 
-12.48799 -5.912913 2.577678 
-13.0388 -5.803241 2.497839 
-15.35773 -3.565942 2.255198 
-13.97063 -5.785093 2.644375 
-15.49856 -4.083647 2.302838 
-14.37393 -5.627302 2.374664 
-14.58215 -5.596129 2.451242 
-15.33444 -4.94126 2.36108 
-15.38488 -4.660667 2.233566 
-15.13944 -5.145887 2.291134 
17.68862 2.879459 2.643489 
17.59469 2.997045 2.613176 
17.27718 3.233877 2.575747 
17.68451 2.78954 2.536346 
17.48936 2.974257 2.453342 
17.00885 3.311989 2.539617 
17.79934 2.302355 2.524293 
16.58838 3.41414 2.502389 
17.79834 1.906716 2.409349 
17.24684 3.057273 2.382298 
16.83949 3.152065 2.35792 
16.69469 2.961388 2.175936 
17.80517 1.593488 2.529768 
16.58885 2.739507 2.017231 
16.58006 2.916602 2.093906 
16.50014 3.062807 2.141238 
16.24101 3.342954 2.216863 
16.44407 2.920992 1.997535 
16.34312 3.046013 1.98294 
15.94451 3.614823 2.136715 
15.73038 3.814017 2.094807 
15.54642 3.998815 2.172185 
15.39372 4.145554 2.317864 
15.03236 4.383862 2.323209 
17.81927 1.273222 2.444121 
16.73377 2.601359 2.025342 
16.51777 2.589439 1.929394 
16.41564 2.758423 1.891211 
16.31568 2.890217 1.834335 
16.26247 2.739983 1.695053 
16.29687 2.58704 1.727271 
17.82974 0.8588571 2.331864 
16.4162 2.572581 1.852906 
16.24236 2.288287 1.688166 
13.93259 4.758992 2.183358 
17.47223 -0.3674614 2.528871 
17.51571 -0.307302 2.388003 
17.35757 -0.6470003 2.516733 
17.05501 -1.154531 2.452478 
11.3876 5.014949 2.30128 
11.23179 4.969946 1.949098 
10.41854 4.964395 1.878876 
16.28092 -1.840517 2.634141 
15.81386 -2.202282 2.706117 
8.96417 4.851744 1.901728 
8.626099 4.847245 2.01546 
11.75923 1.302264 2.554075 
8.297931 4.815142 1.916463 
11.32977 1.350784 2.451998 
11.24106 1.05122 2.425467 
10.49859 1.946798 2.414103 
8.077164 4.780699 1.553109 
10.94228 1.731731 2.429366 
14.65264 -2.740376 2.835544 
10.29293 2.077969 2.424402 
11.50412 0.8260921 2.494293 
10.88113 1.210841 2.365004 
10.96314 1.544497 2.405036 
9.970608 1.529509 2.261094 
9.683047 1.936762 2.30859 
14.38395 -2.898053 2.547166 
11.51179 0.0128014 2.593888 
10.02984 1.346694 2.251135 
9.957866 1.780171 2.303191 
10.98471 0.1611704 2.412494 
9.587323 2.095125 2.353111 
10.66516 0.2412592 2.333212 
9.106586 2.201348 2.350756 
14.07415 -3.215706 2.678112 
9.283504 1.94969 2.255355 
8.810206 1.985026 2.205415 
11.12414 -0.2702558 2.552165 
9.511785 1.645643 2.19841 
13.85725 -3.554647 2.772498 
10.74117 -0.000983458 2.385501 
10.47449 0.4079672 2.290485 
10.21388 0.5482017 2.249647 
9.739605 1.048518 2.191835 
8.785402 2.300877 2.385204 
6.289985 4.676728 2.233665 
13.72944 -3.793789 2.888588 
10.32892 -0.2202399 2.359687 
13.57142 -3.95936 2.802173 
7.517137 2.217164 2.351996 
8.004541 2.076666 2.211981 
5.313682 4.643715 2.104242 
10.15734 -0.5074571 2.419459 
7.441965 2.014258 2.202614 
5.020364 4.679879 1.514988 
13.18679 -4.093307 2.441619 
9.899342 -0.7302028 2.46115 
12.81484 -4.320297 2.664188 
12.63884 -4.30036 2.501642 
7.902629 0.6076916 2.0652 
8.23157 0.3000143 2.125646 
7.597763 0.5645956 2.06471 
9.233457 -0.9528717 2.452559 
6.866308 1.903979 2.200903 
8.376534 -0.8532428 2.28447 
7.609216 0.3739873 2.074514 
7.240031 0.7655265 2.05347 
6.909229 0.7390432 2.073751 
6.425768 1.76651 2.229589 
6.087322 1.881524 2.356452 
8.728307 -1.337079 2.566819 
5.971035 1.709961 2.286673 
5.799459 1.941031 2.421242 
3.340012 4.737607 1.770592 
7.06882 0.4704403 2.065659 
5.527616 1.950906 2.438197 
11.57309 -4.408322 2.234895 
6.33264 0.6091289 2.077067 
5.637193 1.726718 2.323133 
2.552843 4.784626 1.728788 
5.682961 1.372856 2.18253 
5.647131 1.576576 2.258512 
10.87259 -4.562267 2.400638 
5.370473 1.009472 2.113439 
8.122768 -1.16618 2.383315 
6.144522 0.5221508 2.075013 
5.169878 1.208848 2.151265 
5.232638 1.687114 2.301501 
7.446864 -1.064118 2.232762 
5.230285 1.413773 2.204577 
5.537192 0.4810917 2.063371 
7.109054 -1.468166 2.385508 
4.645807 1.6946 2.267495 
6.696617 -1.225126 2.215189 
5.662975 -0.08027986 1.983079 
4.264521 1.578129 2.214947 
3.931745 1.762918 2.267968 
4.221921 1.187237 2.11318 
6.525213 -1.82188 2.483072 
3.690944 1.458768 2.17592 
3.199513 1.708483 2.255283 
8.981805 -4.647376 2.351455 
6.261676 -1.511752 2.284587 
0.2472058 4.777641 1.973334 
5.952464 -1.425381 2.220192 
3.930855 1.070253 2.079406 
3.191854 1.139784 2.096886 
9.036424 -4.774688 2.663584 
8.559489 -4.697822 2.479172 
2.572785 1.589579 2.224224 
0.08024734 4.75037 1.6352 
-0.6267729 4.723953 1.577467 
8.277994 -4.735569 2.609635 
7.908111 -4.696841 2.620126 
3.078917 0.80122 2.029289 
7.700724 -4.494785 1.859785 
4.621361 -1.649582 2.224174 
4.391945 -1.981945 2.371944 
1.824739 1.301186 2.154155 
7.375379 -4.630253 2.399632 
2.510959 0.9736799 2.067144 
1.050941 1.651776 2.246591 
6.994024 -4.647602 2.353731 
3.789164 -1.647344 2.181969 
1.428271 0.7554725 2.039928 
0.3218841 1.68641 2.286147 
6.2539 -4.778574 2.589345 
6.211405 -4.740986 2.34365 
3.942157 -1.955435 2.324879 
0.6675124 1.399432 2.191433 
3.630898 -1.887277 2.269198 
0.9140541 0.8039719 2.056105 
6.059404 -4.811939 2.60082 
5.915068 -4.792897 2.321493 
2.432351 -2.159834 2.271909 
0.5026256 0.6410311 2.01281 
0.2440868 1.125967 2.120919 
0.2165585 1.491658 2.224108 
5.634257 -4.900045 2.551793 
5.596998 -4.878242 2.38299 
3.345857 -2.17173 2.370747 
-0.3066756 1.253499 2.14942 
-3.129004 4.531934 1.45534 
5.221601 -4.953335 2.378175 
-0.4461897 0.7919695 2.005555 
-1.052039 1.087204 2.10516 
-3.60433 4.457959 1.419764 
2.261811 -2.432156 2.379262 
-4.156169 4.454842 2.402242 
-4.002571 4.411902 1.640221 
-1.606319 1.267193 2.195999 
-4.673736 4.340739 1.7631 
1.556275 -2.372083 2.275872 
4.141777 -5.120422 2.457325 
-0.9381968 0.7877123 1.999822 
-1.927972 1.035035 2.112181 
4.039667 -5.10073 2.308901 
1.493588 -2.662129 2.393479 
-1.612342 0.4738834 1.94503 
-2.545645 0.5435262 1.979178 
-5.114832 4.319416 1.830461 
-2.347462 0.880909 2.064791 
-2.375218 1.111859 2.14116 
3.322777 -5.19628 2.425398 
0.736232 -2.213305 2.142414 
-3.212531 1.221064 2.154811 
0.2976023 -2.586446 2.235457 
-2.815765 0.8592534 2.056724 
2.848028 -5.166675 2.328583 
2.614418 -5.176051 2.32915 
0.5116076 -2.855048 2.38236 
-6.331598 4.372427 1.778214 
-3.132561 0.6120707 1.994715 
-6.542315 4.368164 1.682954 
1.941975 -5.309529 2.52063 
1.918016 -5.287097 2.326598 
-0.4710265 -2.872412 2.340336 
-3.964839 0.730922 2.010137 
-3.786703 1.056284 2.095245 
-3.966646 1.198495 2.14063 
1.579014 -5.400511 2.388519 
-4.285698 0.9088541 2.05816 
-7.481148 4.505553 1.915032 
-0.8335267 -2.652323 2.230183 
-1.546578 -2.620251 2.217959 
-3.4534 -0.08580311 1.881728 
-4.48066 0.9218811 2.069578 
-4.439101 1.274595 2.188381 
-4.82139 1.238542 2.225066 
1.155245 -5.585701 2.627229 
-5.40132 1.323378 2.366376 
-5.437839 1.504603 2.450103 
-4.108657 0.3935384 1.940316 
-4.493935 0.8042738 2.052217 
-5.002727 1.129619 2.224531 
-8.0021 4.487833 1.688541 
-1.179183 -3.004451 2.400496 
-5.223051 1.028708 2.245949 
-5.836384 1.317974 2.457917 
-8.336205 4.507983 1.668711 
-4.944779 0.792621 2.142086 
-5.534858 1.165593 2.345588 
-5.892128 1.183443 2.436099 
-4.420753 0.3024129 1.961823 
-5.375491 0.7252349 2.215624 
0.7665814 -5.63391 2.606489 
-5.637136 0.8934314 2.29981 
-5.888474 0.8408864 2.358429 
-8.929876 4.548171 1.692443 
0.2693993 -5.709932 2.627549 
0.1599344 -5.641884 2.29461 
-2.765903 -2.208287 2.065695 
-5.479037 0.5596862 2.215069 
-2.119317 -2.650459 2.246936 
-3.507677 -2.299443 2.146776 
-3.821593 -1.929234 2.031208 
-5.031625 -0.03407396 2.051013 
-5.476936 0.09340143 2.14242 
0.04436482 -5.739537 2.606526 
-4.92455 -0.4302994 1.999593 
-0.2248989 -5.729661 2.405361 
-3.340903 -2.585411 2.267694 
-6.438951 0.6125628 2.37096 
-9.883233 4.629488 1.747286 
-0.3148711 -5.628324 2.059274 
-5.212955 -0.4144341 2.044964 
-6.983841 0.9009308 2.492004 
-10.15266 4.566577 1.522523 
-5.122306 -0.641711 2.01667 
-7.434275 1.070405 2.547811 
-3.760036 -2.110307 2.087523 
-5.304428 -0.7653634 2.028198 
-4.695905 -1.673672 2.01653 
-5.773548 -0.830557 2.062628 
-10.43987 4.501061 1.345246 
-5.302272 -1.471565 2.030183 
-5.068252 -1.794742 2.055254 
-5.559967 -1.261104 2.036394 
-5.677853 -1.027015 2.046143 
-6.230921 -0.9076749 2.080485 
-1.503732 -5.783132 2.233838 
-4.543679 -2.162359 2.129376 
-6.039092 -1.161715 2.05757 
-1.61739 -5.929751 2.639236 
-4.112901 -2.477864 2.233984 
-5.429248 -2.041148 2.114313 
-5.63589 -1.814146 2.073042 
-5.647851 -1.54827 2.049481 
-6.162304 -1.348003 2.056438 
-6.76521 -1.3511 2.047519 
-11.07477 4.450921 1.62036 
-5.389228 -2.492836 2.24789 
-4.471479 -2.34519 2.188798 
-5.014676 -2.138604 2.132192 
-6.026531 -1.61365 2.056941 
-6.065704 -1.83818 2.074569 
-6.66685 -1.545894 2.041985 
-6.646039 -1.771488 2.046548 
-5.670003 -2.315514 2.187903 
-6.032761 -2.10642 2.125781 
-7.103043 -1.322602 2.027738 
-2.681175 -5.839063 2.347135 
-7.034807 -1.570421 2.021971 
-7.439345 -1.237268 1.99491 
-6.639104 -2.193736 2.147615 
-6.310044 -2.446559 2.227102 
-6.745186 -2.471535 2.244623 
-6.889587 -1.845772 2.050492 
-3.158426 -5.820566 2.342257 
-7.330904 -2.176484 2.165345 
-7.33511 -1.829821 2.067036 
-8.114556 -0.8897225 1.973354 
-8.230571 -0.5919963 2.062766 
-8.023867 -0.3181307 2.156399 
-8.315959 -0.9610854 1.966612 
-8.620691 -0.5235948 2.076301 
-3.560322 -5.730045 2.162076 
-7.78675 -1.558879 2.034242 
-8.436463 -0.7071996 1.999518 
-8.789355 -0.4065805 2.121912 
-4.132368 -5.719189 2.267786 
-7.185923 -2.440647 2.261127 
-8.341268 -1.24194 2.020809 
-8.824903 -0.833778 2.060449 
-8.904754 -0.6291929 2.092377 
-4.461458 -5.698708 2.269151 
-7.717172 -2.24846 2.227263 
-8.072309 -1.814741 2.120548 
-8.58943 -1.03548 2.022666 
-9.224833 -0.5232466 2.215138 
-4.703909 -5.732221 2.45794 
-5.010393 -5.627178 2.178385 
-8.532338 -1.599545 2.136396 
-9.1229 -1.186942 2.212994 
-14.36254 3.567369 1.796143 
-5.946437 -5.480973 2.263516 
-14.59874 3.310252 1.772597 
-6.368123 -5.424571 2.200872 
-14.70231 3.129725 1.737577 
-14.53229 3.145618 1.52817 
-6.873102 -5.448256 2.281048 
-14.75482 2.933747 1.705647 
-7.302886 -5.448996 2.065699 
-14.84865 2.3871 1.786871 
-7.715132 -5.581801 2.180115 
-14.47205 1.678926 1.338061 
-7.978543 -5.714346 2.321298 
-7.988975 -5.646842 2.147174 
-8.112197 -5.810309 2.461378 
-8.391732 -5.92132 2.512292 
-8.302812 -5.857006 2.409706 
-8.306813 -5.616979 1.92359 
-8.604314 -5.929904 2.428239 
-14.55858 0.3323536 2.009518 
-14.37213 -0.0359895 1.804992 
-9.270784 -5.861879 2.130298 
-9.596885 -5.802705 1.965073 
-14.43223 -1.188632 1.955456 
-10.14354 -5.8795 2.059155 
-14.695 -1.901803 2.120137 
-10.85307 -5.843317 2.04884 
-14.4969 -1.91596 1.795651 
-14.56793 -2.266428 1.738416 
-14.76322 -2.717893 1.801138 
-12.51948 -5.589548 1.983377 
-15.09489 -3.264714 1.986959 
-12.91066 -5.643707 2.162234 
-15.06505 -3.446411 1.83088 
-13.24961 -5.606366 2.122419 
-15.2969 -3.728834 2.055368 
-13.94427 -5.573289 2.111177 
-15.16821 -3.679397 1.883996 
-15.17548 -4.075558 1.805491 
-15.42008 -3.986219 2.146676 
-14.10875 -5.534939 2.074693 
-14.35231 -5.430123 1.98765 
-15.25991 -4.415475 1.965071 
-15.44617 -4.375887 2.229823 
-15.20155 -4.603644 1.950237 
-14.72112 -5.399358 2.197953 
-14.95783 -5.07618 1.994537 
-15.15416 -5.009468 2.175372 
17.74174 2.663565 2.50999 
17.59164 2.856387 2.459539 
17.66578 2.558236 2.28843 
17.59632 2.589701 2.230722 
17.38839 3.03095 2.42316 
17.76407 2.444798 2.398735 
17.46849 2.730606 2.24264 
17.78262 2.153199 2.307032 
17.35329 2.676488 2.151714 
17.09427 2.857028 2.213691 
17.80744 1.793 2.263322 
16.85336 2.904297 2.19258 
17.82959 1.289244 2.219126 
16.98071 2.658488 2.089785 
17.84741 1.137831 2.190174 
16.22432 3.206676 1.998932 
16.08228 3.328418 1.873864 
15.59321 3.913341 1.938664 
15.39181 4.079957 1.848065 
15.02763 4.340629 1.847672 
16.76515 2.389759 1.958908 
16.17271 2.795935 1.545822 
16.22449 3.01002 1.773369 
14.88245 4.428916 1.93798 
16.57334 2.45626 1.931034 
14.37033 4.619289 1.772767 
16.18414 2.58342 1.55788 
16.48528 2.233488 1.855129 
16.33003 2.216833 1.77481 
16.33684 1.956081 1.782824 
17.6643 0.1449155 2.275684 
16.09187 1.886293 1.665633 
16.14308 2.253542 1.570754 
17.60866 -0.0465068 2.229487 
13.63751 4.760277 1.831363 
13.36555 4.823625 2.103726 
15.97779 1.772363 1.568271 
12.99849 4.833322 1.916708 
12.66814 4.852565 1.885973 
12.38814 4.885556 1.962906 
17.23193 -0.8897924 2.449974 
12.19414 4.911819 2.034712 
11.99369 4.92381 2.026571 
16.67188 -1.544766 2.441915 
11.25686 4.919285 1.489967 
10.76039 4.984937 2.003614 
9.848721 4.93016 1.947728 
9.555979 4.899762 1.941575 
9.28705 4.850104 1.709669 
15.63125 -2.306813 2.653699 
8.542145 4.802598 1.577855 
14.97316 -2.591884 2.777323 
14.69005 -2.696516 2.543061 
14.66997 -2.626946 2.159569 
14.50625 -2.78886 2.379689 
14.38454 -2.85028 2.09602 
7.047334 4.692614 2.13208 
13.98523 -3.337301 2.664327 
13.90605 -3.40853 2.291975 
10.00591 0.2697189 2.233419 
8.843548 1.756609 2.116 
13.67069 -3.752086 2.516425 
10.14151 0.02943424 2.271022 
9.450191 1.358806 2.15341 
6.157042 4.710044 1.394915 
9.464873 0.6578429 2.158064 
9.490315 0.8950443 2.1535 
8.539375 1.575453 2.009547 
9.480748 0.1535247 2.190732 
8.369487 1.97733 2.165282 
9.844677 -0.2771463 2.29447 
8.82588 1.239676 2.030835 
8.196286 1.703764 2.025183 
7.855244 1.759645 2.039111 
7.643477 1.847247 2.092628 
9.582081 -0.0585825 2.226075 
9.122007 0.6015689 2.128282 
8.832673 0.1701313 2.160173 
8.716103 0.6660352 2.089368 
7.340353 1.471367 1.963256 
7.924883 1.622912 1.981613 
12.95871 -4.110647 2.240754 
12.67901 -4.151901 2.116059 
8.034046 1.000193 1.973727 
7.023007 1.930976 2.184191 
4.6925 4.681081 1.489687 
9.276411 -0.6068305 2.312586 
8.309175 0.7159249 2.053657 
7.397447 1.652966 2.013004 
12.24132 -4.354012 2.413127 
8.892044 -0.176095 2.196596 
8.46963 -0.2508805 2.170592 
6.916228 1.724498 2.07455 
7.706361 0.7771056 2.031039 
4.096184 4.670184 1.855602 
4.014359 4.712742 1.489205 
3.815353 4.718102 1.521124 
8.741996 -0.4761457 2.22793 
6.710556 1.528531 2.060798 
11.81536 -4.374548 2.250397 
7.943291 -0.1433454 2.105957 
7.626941 0.1115172 2.075057 
6.866101 1.32837 2.020029 
6.494247 1.35475 2.082022 
3.634984 4.711998 1.783526 
6.592274 1.13816 2.06168 
6.367334 1.587395 2.162214 
7.251718 0.2169912 2.052479 
3.019721 4.761952 1.793094 
8.304736 -0.6400856 2.210783 
8.043423 -0.4173908 2.13219 
6.168847 1.05378 2.095978 
5.971653 1.191915 2.122492 
6.282914 1.413394 2.126759 
6.076548 1.520953 2.191317 
7.502691 -0.3309863 2.041441 
6.493818 0.8669476 2.078638 
7.375659 -0.6194704 2.058615 
5.704445 0.9199345 2.10459 
7.807428 -0.9196215 2.225947 
6.729921 -0.2079734 1.978274 
6.599517 0.3541147 2.048101 
2.18692 4.796052 1.605449 
7.210535 -0.6132177 2.028402 
6.800518 -0.4460617 1.980875 
1.612407 4.807921 1.477223 
6.602828 -0.7033309 2.026826 
6.056178 -0.3643399 1.969717 
4.887838 0.9689094 2.097558 
1.374821 4.805486 1.544158 
5.404026 -0.6317351 1.987021 
5.755479 -0.816709 2.026606 
6.127771 -0.5960368 1.986636 
4.940183 0.1851107 1.994134 
6.217702 -0.7810057 2.031929 
5.162388 -0.1487736 1.967337 
4.426307 0.7352654 2.0431 
6.588161 -0.9293827 2.099114 
5.276515 -0.3582266 1.962842 
4.702748 -0.003413662 1.970044 
4.238757 0.3399782 1.987977 
5.512758 -1.316691 2.153371 
4.737853 -0.2583576 1.959709 
4.664507 -0.8688064 2.007985 
3.796438 0.6838845 2.017737 
-0.1907554 4.728706 1.433088 
5.136003 -1.193173 2.098222 
4.487042 -0.6250084 1.975226 
8.332992 -4.601874 2.225947 
3.576776 0.3483734 1.977381 
7.748775 -4.685408 2.632531 
5.245899 -1.627606 2.253335 
4.706855 -1.465388 2.163815 
4.821152 -1.058085 2.053644 
3.8137 -0.9578749 2.011157 
3.346023 -0.1598983 1.948746 
-1.064009 4.684246 1.29641 
3.77141 -0.4317723 1.952995 
2.724828 -0.4207966 1.94165 
3.794031 0.06015345 1.960197 
2.035825 0.388913 1.973826 
-1.298234 4.666891 1.275823 
3.815797 -0.7584227 1.983035 
-1.439166 4.680349 1.537642 
3.741132 -1.20279 2.056562 
1.716876 0.1506581 1.945173 
3.812513 -1.393665 2.106852 
1.805323 -0.01127157 1.933012 
6.501647 -4.719015 2.425736 
2.293583 -0.7417387 1.94248 
2.139644 0.6498184 2.011258 
3.029953 -1.043498 2.001745 
3.07171 -0.6792357 1.959188 
-2.207079 4.63696 1.688153 
2.529739 -0.2167695 1.936915 
3.117379 -1.740385 2.168928 
3.206937 -1.447389 2.09103 
1.051714 0.4533286 1.985307 
-2.668892 4.569675 1.398104 
0.920857 0.1171126 1.934467 
2.643531 -1.810608 2.153875 
3.041094 -1.220216 2.032032 
1.643196 -0.6619347 1.917292 
2.669571 -1.407416 2.051326 
1.859332 -0.9573159 1.940671 
1.377099 -0.4026685 1.908398 
0.3996388 0.273552 1.945444 
0.8016699 -0.8153248 1.891068 
0.5354118 -0.09678491 1.907816 
4.975727 -4.96804 2.297387 
2.213267 -1.350506 2.014465 
1.061601 -1.181251 1.926019 
-0.4677671 0.5809719 1.966194 
2.007029 -1.741209 2.091855 
1.072501 -1.004808 1.908247 
4.525362 -5.021352 2.262331 
-3.963902 4.382474 1.141532 
1.230351 -1.52882 1.996001 
0.1462949 -0.3927618 1.882031 
-0.6945723 -0.08147541 1.879171 
-1.043498 0.4674618 1.939567 
1.79459 -2.05064 2.168953 
0.4172399 -1.977826 2.056143 
0.4263776 -1.569858 1.966029 
-1.536182 0.8045574 2.022078 
3.585434 -5.164607 2.343332 
-0.8496997 -0.4795596 1.849887 
-0.4170859 -0.7426687 1.859794 
-0.6357598 0.2667625 1.915781 
-4.862028 4.310298 1.435143 
-1.378549 -0.3322686 1.838338 
-5.292685 4.29489 1.348687 
-1.123203 -0.705713 1.825809 
-5.358413 4.298883 1.590502 
-0.5705938 -1.622725 1.929399 
-2.469409 -0.2481401 1.833813 
-5.5215 4.287457 1.338377 
-0.5434437 -1.212047 1.871604 
2.841454 -5.111156 2.083455 
-1.068093 -1.267891 1.843735 
-6.154059 4.341674 1.590447 
-1.08913 -1.00641 1.826352 
-1.746443 -0.5308567 1.799365 
-6.203787 4.308919 1.159521 
-0.02682648 -2.349172 2.128846 
-0.4323105 -1.911848 1.995598 
-1.894259 -0.1075042 1.855742 
-6.320183 4.323273 1.413953 
2.193572 -5.225155 2.351709 
-0.8253837 -1.442621 1.884355 
-0.06408706 -2.677251 2.256838 
-0.5861125 -2.42643 2.138061 
-0.8510483 -2.102618 2.028683 
-2.285173 -0.7121801 1.748657 
-6.61367 4.345264 1.41975 
-6.788027 4.397176 1.674076 
-1.223636 -1.646372 1.889952 
-2.995798 0.2996491 1.936749 
1.973998 -5.216712 2.060063 
-1.423892 -1.890404 1.943852 
-1.312416 -2.339842 2.093782 
-7.100929 4.408457 1.592959 
-2.820915 -0.8901201 1.752608 
-2.904252 -0.4532049 1.812202 
-7.44693 4.445458 1.635866 
1.291868 -5.35479 2.019402 
-3.307047 -0.5767171 1.820332 
-1.79012 -2.005114 1.967361 
-2.359861 -1.659019 1.824785 
-3.591959 -0.3171145 1.86133 
-4.158239 0.3087124 1.930186 
-7.81188 4.421701 1.434814 
-3.239401 -1.094326 1.802726 
-4.209344 -0.0701695 1.919143 
-8.141563 4.480413 1.655579 
-2.196436 -2.279239 2.074502 
-3.083095 -1.790426 1.930335 
-2.679791 -1.484863 1.792625 
-3.915861 -0.4294194 1.872914 
-8.52634 4.504416 1.583374 
-3.035231 -1.344245 1.806603 
-3.229307 -0.9256749 1.79673 
-4.164539 -0.6305712 1.890751 
-4.566843 0.1043546 1.981855 
-4.458183 0.5369213 1.991728 
-8.712607 4.493438 1.422891 
-2.780098 -1.887864 1.940883 
-3.817464 -1.358589 1.900811 
-3.825247 -1.053569 1.865135 
-5.016955 0.3873499 2.096742 
-8.897851 4.506671 1.465823 
-9.056411 4.499379 1.385186 
-3.327026 -1.573183 1.891589 
-4.549218 -0.4636157 1.942924 
-9.378714 4.571258 1.608369 
-3.977115 -1.710188 1.982543 
-9.543558 4.564851 1.476047 
-4.262927 -1.448142 1.9529 
-4.684613 -0.9709505 1.959282 
-4.418678 -1.157185 1.939546 
-4.944339 -0.8584791 1.988147 
-9.807938 4.574014 1.484063 
-0.6377599 -5.682828 2.143838 
-5.116032 -1.02597 2.000674 
-5.554108 -0.4407591 2.081277 
-4.690197 -2.009469 2.087502 
-4.89559 -1.288401 1.986773 
-5.916103 -0.5615775 2.098093 
-6.221611 -0.07925882 2.189751 
-6.16188 -0.6954786 2.097409 
-6.474928 -0.3631332 2.159309 
-10.61632 4.525165 1.578721 
-6.609094 -0.6638185 2.120996 
-6.435403 -1.091503 2.068862 
-7.288412 -0.8722697 2.073858 
-2.091071 -5.847921 2.359506 
-3.025225 -5.683304 1.971546 
-7.596405 -1.052904 1.998095 
-12.26335 4.192654 1.626052 
-7.729714 -1.113618 1.957587 
-7.937609 -0.9045281 1.991288 
-7.54289 -1.429139 2.002053 
-8.039277 -1.132692 1.959769 
-12.64512 4.082234 1.442563 
-8.703272 -0.6779063 2.035882 
-12.96811 3.989201 1.35282 
-4.356001 -5.611028 1.977337 
-13.20432 3.963272 1.456458 
-13.66225 3.893062 1.660073 
-4.868319 -5.585433 1.995518 
-5.384429 -5.570819 2.202436 
-13.90412 3.746315 1.581737 
-13.85704 3.601454 1.276773 
-5.630471 -5.49803 2.112902 
-5.559015 -5.445251 1.858625 
-14.65942 2.971089 1.568058 
-6.761923 -5.408962 2.125787 
-14.50422 2.831327 1.290778 
-14.63687 2.772828 1.487423 
-7.320155 -5.308651 1.593032 
-14.64322 2.464079 1.462037 
-7.540202 -5.395535 1.788707 
-7.777879 -5.463429 1.840355 
-14.66118 2.119185 1.527143 
-14.52442 1.148744 1.659 
-8.092657 -5.451542 1.636684 
-14.27733 0.7281269 1.356517 
-8.741916 -5.661418 1.872316 
-14.42455 0.1765083 1.801625 
-14.18665 -0.175745 1.497358 
-14.13601 -0.428678 1.467504 
-14.20667 -0.9418074 1.635632 
-14.27659 -1.231457 1.692599 
-10.00706 -5.761373 1.852788 
-14.28758 -1.473827 1.631821 
-10.59357 -5.751993 1.849593 
-14.25759 -2.015549 1.321516 
-11.22517 -5.641739 1.712986 
-11.9214 -5.684803 1.977386 
-14.6909 -2.946855 1.529765 
-14.83315 -3.399786 1.509906 
-13.59205 -5.450999 1.821226 
-14.78732 -3.657612 1.384812 
-13.78231 -5.30058 1.550565 
-15.09942 -4.276407 1.732499 
-14.08473 -5.348547 1.725861 
-14.20547 -5.135936 1.464961 
-14.54694 -5.289336 1.893523 
-14.76352 -5.226146 1.987417 
-14.72315 -5.017575 1.713449 
-14.88835 -4.808814 1.699819 
-15.13117 -4.780523 1.953782 
17.75649 2.234182 2.285976 
17.65714 2.294659 2.171051 
17.46264 2.473835 2.092869 
17.75927 2.053056 2.218467 
17.67154 2.017351 2.064469 
17.55247 2.167935 2.015954 
17.75541 1.793252 2.122485 
17.81674 1.591967 2.206333 
17.81064 1.320714 2.033874 
17.79917 1.6478 2.134262 
17.86303 1.223519 2.070139 
17.82445 1.111686 1.923126 
16.14651 3.093753 1.692263 
16.02876 3.26794 1.597401 
15.85423 3.626148 1.893114 
15.73368 3.692477 1.513148 
15.20454 4.220479 1.791303 
16.11279 2.942004 1.472238 
16.98085 2.342999 1.958137 
16.06426 2.847518 1.288584 
14.72783 4.478914 1.603075 
17.80279 0.6834033 2.042073 
16.65949 2.140408 1.873815 
16.08663 2.625684 1.338982 
16.10582 2.430968 1.44389 
13.98557 4.699227 1.683872 
16.03817 2.204993 1.422436 
13.60525 4.717872 1.270092 
16.38478 1.708892 1.727459 
15.93744 1.898855 1.461048 
13.30644 4.758099 1.450829 
16.1243 1.780323 1.675938 
13.01111 4.799107 1.629093 
15.7091 1.521561 1.343956 
12.22565 4.852715 1.574008 
17.23877 -0.8424965 2.207219 
11.58493 4.915098 1.652771 
17.01351 -1.143176 2.138861 
16.86579 -1.346685 2.227313 
16.61948 -1.548777 2.263426 
10.79517 4.943314 1.645436 
16.37274 -1.730678 2.289637 
16.24219 -1.847233 2.437113 
10.23294 4.952761 1.876063 
9.855142 4.885424 1.581524 
16.09328 -1.876473 2.246073 
16.0378 -2.012924 2.504852 
9.398308 4.83114 1.487165 
15.73574 -2.166932 2.421385 
15.39816 -2.423971 2.658002 
9.056623 4.816206 1.529833 
14.99885 -2.074309 1.480897 
15.09878 -2.511354 2.561319 
14.94142 -2.512741 2.329186 
14.96752 -2.415866 2.108824 
14.86451 -2.307691 1.686309 
14.74597 -2.475473 1.848085 
14.67858 -2.437783 1.553967 
7.753573 4.750826 1.345686 
14.53815 -2.634621 1.736966 
14.12212 -3.124494 2.092978 
6.905461 4.709786 1.306782 
8.930681 1.59961 2.078904 
13.65664 -3.671083 2.161399 
13.5161 -3.839544 2.311872 
13.29267 -3.954343 2.198533 
8.705853 1.001489 2.03266 
8.636983 1.379134 1.998514 
8.264115 1.505186 1.964655 
8.220535 1.027129 1.976921 
7.834408 1.473486 1.962224 
13.01556 -3.947175 1.762825 
7.943191 1.28016 1.957744 
7.101857 1.534343 2.00013 
7.641366 1.108931 1.973541 
4.187551 4.699301 1.459114 
7.172442 1.221137 1.993526 
12.28345 -4.234311 2.096633 
3.580578 4.768429 1.338337 
11.87665 -4.224488 1.81373 
3.348957 4.769531 1.367843 
3.136878 4.780272 1.445568 
2.869106 4.801568 1.230487 
10.95948 -4.433578 2.072108 
2.671768 4.784113 1.416399 
2.460646 4.798017 1.459486 
7.134607 -0.3231045 2.003088 
10.16138 -4.561758 2.235652 
10.7447 -4.400568 1.904061 
6.5231 0.01459355 1.996851 
9.653307 -4.55791 2.140227 
0.8184881 4.776775 1.18787 
9.175099 -4.583886 2.184608 
0.6715724 4.781209 1.734517 
8.765275 -4.545373 2.051881 
0.2186971 4.738777 1.272915 
8.454662 -4.493867 1.867818 
7.147215 -4.469142 1.587382 
-1.95594 4.643831 1.560595 
-2.296369 4.593024 1.340599 
5.74723 -4.691208 1.704058 
-4.327255 4.346699 1.065229 
-4.634183 4.320642 1.089849 
0.1554633 -1.193061 1.891756 
3.299959 -4.904216 1.40546 
3.203374 -5.087135 2.029217 
-5.788661 4.285629 1.046693 
-5.819244 4.296858 1.308225 
-5.956231 4.298669 1.172309 
2.357891 -5.139989 2.023606 
-1.616413 -1.42703 1.807963 
-1.618427 -1.159155 1.775874 
-1.902577 -0.9155189 1.745019 
-2.243138 -1.122651 1.708443 
-6.794175 4.330907 1.129002 
-7.006686 4.369756 1.35851 
-7.117455 4.352916 1.241985 
-1.777983 -1.667646 1.850371 
-2.102817 -1.496637 1.788073 
1.642062 -5.207728 1.764892 
-2.402148 -1.053034 1.707119 
-7.259234 4.358976 1.174567 
-7.461609 4.406301 1.384048 
-2.718288 -1.172397 1.742443 
-7.64755 4.379602 1.134267 
-7.846006 4.396405 1.141186 
-2.471332 -1.598082 1.80611 
-8.311258 4.442039 1.270056 
0.522835 -5.551276 2.187618 
-8.607157 4.436456 1.021252 
-8.731755 4.435693 0.9540413 
0.08163873 -5.512997 1.804738 
-9.178462 4.497931 1.272318 
-0.2009376 -5.492021 1.651444 
-9.408427 4.497753 1.09597 
-0.5006243 -5.565931 1.856816 
-9.627798 4.49981 1.048797 
-1.088492 -5.786032 2.319221 
-1.097057 -5.484733 1.58239 
-10.31962 4.448345 0.9753793 
-2.290592 -5.636248 1.797449 
-11.82675 4.171641 1.095057 
-12.6573 3.959122 0.9959736 
-4.046008 -5.566495 1.815807 
-12.87274 3.815469 0.7314594 
-4.801945 -5.390428 1.44995 
-13.39608 3.838068 1.292968 
-5.303733 -5.469602 1.81255 
-5.595283 -5.248654 1.18829 
-5.896738 -5.293639 1.461304 
-14.17137 3.39004 1.33721 
-14.15716 3.283714 1.195637 
-6.125688 -5.386981 1.93014 
-14.21123 3.133201 1.108974 
-14.35823 3.042159 1.224061 
-14.30177 2.843612 1.024759 
-7.028431 -5.381287 1.938679 
-6.847911 -5.294254 1.641256 
-14.19936 2.610898 0.7914374 
-14.37879 2.37106 1.056881 
-7.695797 -5.344998 1.533189 
-14.33219 1.043169 1.34336 
-8.537276 -5.499319 1.565734 
-14.0024 -0.07513645 1.120168 
-8.94844 -5.547143 1.559431 
-13.98056 -0.3145293 1.140774 
-14.18104 -0.6209872 1.596425 
-13.89526 -0.4095819 0.9831047 
-9.337532 -5.690102 1.784632 
-9.693901 -5.562047 1.45589 
-10.28 -5.705874 1.745905 
-10.68692 -5.561749 1.463398 
-11.17726 -5.504638 1.405926 
-11.61327 -5.559823 1.633055 
-14.46711 -2.929838 1.172252 
-11.49103 -5.419791 1.285614 
-11.99822 -5.400434 1.432581 
-14.64617 -3.182115 1.329996 
-12.89092 -5.330459 1.566583 
-14.62175 -3.342191 1.237493 
-13.28097 -5.160449 1.23372 
-14.86718 -3.993191 1.428197 
-14.50849 -5.089143 1.606 
-14.78561 -4.568877 1.463573 
-15.01005 -4.537158 1.688635 
17.31318 2.316512 1.968894 
17.68003 1.830899 2.022957 
17.4715 2.167327 1.966056 
17.31998 2.052863 1.873295 
17.67863 1.550096 1.90818 
17.74611 1.382035 1.919494 
17.5678 1.702758 1.859559 
15.93912 3.457181 1.709411 
15.57545 3.888183 1.651169 
17.81572 1.216696 1.929898 
17.07067 2.054125 1.847791 
16.05672 3.066726 1.402022 
17.86333 0.9691114 2.01756 
17.79751 0.7460772 1.835727 
15.97695 2.533199 1.059569 
14.28476 4.607082 1.240521 
17.71941 0.3727891 2.109162 
17.74595 0.5618263 1.834883 
17.68722 0.1678328 2.00291 
17.67483 0.3251372 1.859195 
15.99889 2.332053 1.253385 
17.58471 0.08562607 1.858171 
17.63361 0.06564292 2.013901 
16.26564 1.288667 1.566813 
17.52432 -0.2668678 2.068546 
17.5398 -0.1340023 1.942676 
16.07803 1.577805 1.639966 
15.89009 2.000317 1.267871 
16.06102 1.29348 1.538033 
15.86868 1.521204 1.535627 
17.37753 -0.6111965 2.24199 
17.36969 -0.5433918 2.013236 
15.92373 1.094584 1.42542 
15.75624 1.413761 1.411204 
12.66642 4.813559 1.546308 
15.87118 1.319423 1.47435 
12.23337 4.830545 1.303177 
17.30944 -0.6933077 2.050838 
15.5844 1.261417 1.172982 
12.0134 4.856885 1.488418 
17.18042 -0.9650639 2.188576 
15.72085 1.099263 1.322808 
11.80474 4.874279 1.486126 
16.99143 -1.059499 2.004208 
11.53578 4.889193 1.244265 
16.80203 -1.341108 2.125313 
11.075 4.90466 1.180043 
10.74502 4.916719 1.30243 
10.41372 4.91384 1.405101 
16.40663 -1.618646 2.121808 
10.08275 4.885608 1.331084 
10.06391 4.87164 1.085328 
15.55148 -1.263764 1.287437 
15.32536 -1.221262 1.019223 
15.39283 -1.22486 1.11016 
15.28826 -1.607435 1.300216 
9.56518 4.83806 1.471905 
15.85516 -1.956038 2.136438 
15.37275 -1.798687 1.58325 
15.42828 -1.58335 1.428974 
15.29259 -2.180427 2.01524 
15.38731 -2.017056 1.857729 
15.57333 -1.796846 1.743784 
15.19423 -1.880446 1.484949 
15.14072 -1.648447 1.132463 
15.05824 -1.910199 1.322464 
15.37504 -2.337564 2.393055 
15.1456 -2.103658 1.736988 
8.156473 4.775785 1.10862 
15.00897 -2.27301 1.855299 
14.93354 -1.961643 1.159012 
14.72233 -2.284862 1.271808 
7.306079 4.712179 1.609971 
14.29418 -2.873382 1.59782 
13.75406 -3.601089 2.305865 
12.73212 -4.031383 1.761467 
4.728588 4.706414 1.185963 
4.544074 4.738138 1.115575 
4.549451 4.701354 1.364728 
4.037591 4.743829 1.248417 
3.697582 4.804168 1.040049 
11.98871 -4.151087 1.614259 
3.174585 4.816802 1.147484 
11.0504 -4.255214 1.503773 
2.579062 4.826841 1.064902 
2.234275 4.805114 1.243891 
2.090026 4.80408 1.149652 
1.937875 4.807883 1.189079 
10.24759 -4.410163 1.793085 
0.9844537 4.787416 1.379324 
9.281761 -4.469349 1.811342 
8.947728 -4.436985 1.669583 
0.2986891 4.731812 0.9921553 
-0.3007727 4.70442 0.8769313 
-0.4343295 4.700726 1.081026 
-0.7566708 4.692699 1.156584 
-1.847013 4.620992 1.214351 
6.150434 -4.62115 1.732962 
-2.270258 4.572362 1.021901 
-2.624418 4.540741 0.8104197 
-2.825466 4.528506 0.9668959 
5.480417 -4.704605 1.560846 
-3.206131 4.496078 1.146707 
-3.595847 4.439742 1.142415 
4.269302 -4.848704 1.489919 
-4.703439 4.312457 0.8700058 
-4.963589 4.298962 1.27273 
-5.505415 4.285314 0.6971112 
2.895803 -5.026009 1.759635 
2.545742 -4.962179 1.354338 
-6.06704 4.289517 0.943931 
-6.403519 4.311458 1.125596 
-6.628585 4.317625 0.9805098 
-6.924886 4.330431 0.9507968 
1.605459 -5.059651 1.196359 
-7.102343 4.331899 0.9645471 
-2.34182 -1.181091 1.710786 
-7.309838 4.340089 0.936839 
-7.45926 4.365468 1.039791 
-7.893981 4.374905 0.8508998 
-8.122214 4.398328 1.113964 
0.4087794 -5.401346 1.615285 
-8.298951 4.3996 0.9346232 
-8.83303 4.451602 1.165624 
-8.926635 4.450563 1.027415 
-9.046721 4.458395 1.035611 
-9.21789 4.450404 0.845636 
-9.928449 4.474752 0.9180958 
-10.81864 4.395969 1.119036 
-1.770895 -5.43433 1.331329 
-11.24333 4.296974 1.059396 
-2.595469 -5.474548 1.419862 
-11.52483 4.071186 0.2375743 
-12.34978 4.02583 0.9729027 
-13.12495 3.849824 1.070114 
-4.328033 -5.410337 1.449583 
-13.39761 3.600153 0.7723451 
-13.63829 3.671508 1.169093 
-13.60496 3.560657 0.9281729 
-14.01068 3.501603 1.297428 
-13.69919 3.395514 0.7723129 
-6.476731 -5.379528 2.004166 
-6.563391 -5.316135 1.742005 
-14.11793 2.942933 0.8322821 
-7.49106 -5.272918 1.376346 
-14.32744 1.821774 1.053606 
-8.06983 -5.389352 1.468751 
-8.442187 -5.399188 1.325261 
-13.99064 0.4698262 0.9382976 
-13.8387 0.09046514 0.7638741 
-9.019578 -5.448201 1.271876 
-9.251466 -5.551882 1.490935 
-9.528703 -5.466545 1.226081 
-13.94372 -0.8255788 1.075766 
-14.03469 -1.141178 1.229222 
-10.0148 -5.546036 1.399456 
-14.05938 -1.510667 1.168208 
-10.44755 -5.437877 1.153596 
-14.06186 -1.966934 0.9784135 
-11.18692 -5.284604 0.8591374 
-12.50997 -5.097628 0.9844229 
-12.57581 -5.332194 1.51524 
-14.33847 -3.093603 0.9105367 
-12.87169 -5.081726 1.029879 
-14.57725 -3.794919 1.097313 
-13.96149 -5.197083 1.437124 
-14.66003 -4.029341 1.196165 
-14.85019 -4.279986 1.443587 
-14.03339 -4.885189 1.083287 
-14.20942 -4.805216 1.119258 
-14.39386 -4.616583 1.118476 
-14.60728 -4.270076 1.17384 
-14.49859 -4.916548 1.424526 
-14.68224 -4.781466 1.475174 
17.63498 1.350686 1.785041 
17.42291 1.816599 1.811219 
16.00333 3.184811 1.353936 
15.39122 4.032257 1.333771 
15.21942 4.160601 1.154935 
15.04234 4.261061 0.8604448 
17.71233 1.159971 1.776018 
17.50048 1.404449 1.707866 
15.98858 3.033184 1.110523 
17.84106 0.9617747 1.886705 
17.68798 0.9412857 1.688413 
17.53695 1.135066 1.61118 
17.37576 1.310959 1.613431 
17.24083 1.437379 1.630321 
17.62411 0.786378 1.611683 
17.2036 1.812165 1.756061 
16.01772 2.729798 1.123327 
14.04199 4.663362 1.299307 
17.69717 0.7037748 1.694697 
17.62717 0.354555 1.754717 
16.97099 1.451003 1.618088 
17.51941 0.1256537 1.738461 
15.82329 1.990508 1.095163 
16.44887 1.215413 1.54537 
17.43526 -0.1199516 1.80844 
16.49337 0.8591278 1.427441 
13.09185 4.749686 1.030156 
12.86486 4.787187 1.354463 
17.41586 -0.4039155 1.945298 
12.79529 4.772919 0.8737703 
16.17968 0.9588047 1.432829 
17.30109 -0.5437645 1.904074 
16.28323 0.6727754 1.365035 
16.07915 0.7971149 1.357283 
15.68426 1.596806 1.225091 
17.07978 -0.7634651 1.818589 
16.01442 0.6642685 1.297891 
15.8571 0.8238447 1.283131 
12.0853 4.829527 0.9969558 
17.1333 -0.9339678 2.050777 
15.72135 0.8593108 1.211297 
15.59452 1.027685 1.138845 
15.50571 1.087683 0.9730645 
16.01437 0.2394282 1.217305 
15.89847 0.4532834 1.201803 
15.68107 0.574864 1.080785 
15.60442 0.6565406 1.022438 
16.74744 -1.262609 1.969658 
16.01747 -0.09392451 1.20909 
15.76765 0.1650559 1.076671 
15.70325 0.3109499 1.043434 
11.28375 4.892663 0.9368924 
15.57391 0.3454278 0.914566 
15.51128 0.6188253 0.8799521 
15.82853 -0.006607959 1.111918 
16.12909 -0.6959177 1.35357 
15.6894 -0.2665702 1.03009 
15.52146 0.05714119 0.8232816 
16.23719 -1.27632 1.677202 
15.82117 -0.6588962 1.193144 
15.89078 -0.3504626 1.167864 
15.64363 0.05465356 0.9632456 
10.80822 4.902754 0.9109467 
16.28623 -1.571449 1.969106 
16.02616 -0.9092332 1.387233 
15.57079 -0.4507686 0.9471762 
16.41201 -1.367859 1.842173 
15.65681 -0.8219365 1.132976 
15.74076 -0.3821531 1.087716 
10.40873 4.89286 0.9379337 
15.98683 -1.295732 1.574751 
15.78982 -0.925186 1.27132 
15.47214 -0.6340269 0.8863155 
15.56039 -1.069302 1.169126 
15.51878 -0.9099469 1.043083 
15.34645 -0.703409 0.7211626 
15.80817 -1.89608 2.011655 
15.91537 -1.614934 1.786548 
15.78821 -1.174227 1.394271 
15.41464 -0.9874912 0.9626496 
9.734601 4.835907 0.9525663 
15.61881 -1.567058 1.563467 
9.487773 4.81122 0.8951918 
15.22465 -1.422992 1.039361 
9.228923 4.802131 1.186422 
15.02558 -1.643739 0.903399 
8.790396 4.785258 1.157167 
14.90275 -1.836554 0.8721848 
13.94297 -3.32179 1.973052 
6.3883 4.739663 0.8803146 
5.744261 4.69826 1.505056 
6.09594 4.766684 0.6968986 
5.361375 4.72219 1.086644 
13.16644 -3.826907 1.509722 
12.61409 -3.957332 1.332376 
4.769495 4.761037 0.8184785 
4.561209 4.777318 0.8967978 
4.254661 4.743019 1.15229 
12.43558 -4.077926 1.666109 
3.988147 4.832209 0.8162197 
3.445216 4.824595 1.029908 
11.41609 -4.266775 1.715493 
11.53038 -4.152371 1.319047 
3.001027 4.875986 0.7957601 
10.65749 -4.317492 1.587312 
2.064112 4.848041 0.6700941 
10.18459 -4.33172 1.47617 
1.734493 4.819108 0.9880676 
1.526024 4.833701 0.6397177 
1.492595 4.812316 0.9800192 
9.717985 -4.420183 1.688399 
1.285214 4.801322 0.8599094 
0.8421542 4.788514 0.6844285 
0.5701745 4.755836 0.8302976 
8.938703 -4.363935 1.364939 
0.03316648 4.721966 0.9300647 
8.193469 -4.453813 1.706101 
8.076118 -4.377945 1.347293 
7.409738 -4.467572 1.683101 
-0.9680688 4.670407 0.6251605 
6.805678 -4.486037 1.49132 
-1.286727 4.647933 0.8719097 
-1.733124 4.614942 0.9283382 
6.421462 -4.527519 1.477512 
-2.101398 4.581991 1.085981 
5.982958 -4.563171 1.271016 
-2.33318 4.554975 0.6376578 
5.61877 -4.612013 1.230603 
5.185045 -4.725451 1.464274 
-3.150476 4.489897 0.7047094 
-3.553989 4.437065 0.7589374 
4.661326 -4.803994 1.494816 
-4.135465 4.36277 0.6508994 
3.792174 -4.893489 1.485184 
-4.3798 4.347466 0.5656046 
3.697259 -4.822803 1.190543 
-4.828368 4.31205 0.7412496 
-5.050602 4.295242 0.7866871 
3.030413 -4.877191 1.230957 
-5.802917 4.301308 0.545184 
-5.913123 4.294059 0.822905 
-6.085499 4.295683 0.6792404 
1.960969 -5.064024 1.424991 
-6.291973 4.301776 0.74559 
-7.048817 4.326828 0.7346727 
-7.206029 4.328605 0.6646451 
1.277845 -5.157365 1.378876 
0.9347272 -5.235911 1.444216 
-8.060054 4.377037 0.7721019 
-8.437945 4.394809 0.7403995 
-8.632278 4.402398 0.5712714 
0.2726979 -5.302292 1.153585 
-9.03837 4.432968 0.6027718 
-9.351634 4.440464 0.5869148 
-0.398963 -5.441021 1.490375 
-9.59069 4.445045 0.5756208 
-0.7730536 -5.358652 1.286896 
-10.3466 4.4007 0.6896318 
-2.00174 -5.319423 0.9990532 
-11.28227 4.180416 0.4859789 
-3.249933 -5.368207 1.253978 
-11.98572 4.039652 0.6589136 
-12.00093 3.956488 0.3102928 
-12.70068 3.794544 0.4963374 
-3.961092 -5.230333 0.9339612 
-13.21477 3.736268 0.8723126 
-5.06594 -5.336473 1.340758 
-13.4585 3.435434 0.5505536 
-13.74185 3.292203 0.6827414 
-6.04869 -5.19801 1.138202 
-14.1344 2.765145 0.7535198 
-7.459539 -5.178828 0.9434983 
-13.97371 1.776745 0.5095012 
-14.37262 2.12976 1.059292 
-13.85491 1.419663 0.4114501 
-7.916404 -5.287009 1.193991 
-7.95087 -5.233079 0.9314736 
-13.94261 1.034644 0.6775658 
-8.81834 -5.340511 0.990075 
-8.31702 -5.287776 0.9885582 
-13.82761 -0.2725733 0.8078277 
-13.72912 -0.8280513 0.6192518 
-10.02201 -5.394351 1.021522 
-13.83781 -1.339907 0.7569019 
-13.85959 -1.661558 0.7117676 
-14.15905 -2.353643 0.9615816 
-14.28187 -2.875038 0.9065527 
-11.9107 -5.25351 1.070594 
-14.34878 -3.411275 0.8546769 
-14.2347 -3.598073 0.6892569 
-13.27017 -5.008637 0.9431137 
-13.58029 -4.892368 0.8481727 
-13.52928 -5.005147 1.007409 
-13.81287 -5.017207 1.129726 
15.92187 3.362358 1.35244 
15.92863 3.265245 1.157935 
15.84324 3.519222 1.411766 
15.75053 3.600929 1.08295 
15.47442 3.925624 1.003209 
14.8618 4.366797 0.9236673 
17.36082 1.061201 1.515469 
15.96575 2.890964 0.9454797 
14.65845 4.45493 0.8244399 
14.48671 4.541406 1.167298 
17.44013 0.8606275 1.515082 
15.88772 2.774608 0.6001501 
17.18959 1.179967 1.519358 
14.03245 4.647345 0.8956965 
17.49211 0.403664 1.612435 
17.44337 0.5412849 1.54386 
13.7143 4.694509 0.9912514 
17.17038 0.8747156 1.45697 
15.91464 2.312337 1.035774 
17.28865 0.3553546 1.524769 
17.41545 0.1529416 1.631631 
17.37638 0.282542 1.572344 
17.14079 0.6294398 1.436375 
17.18957 0.5074655 1.468545 
16.79113 0.8910174 1.442488 
16.89454 0.1628949 1.403714 
16.98601 0.4800641 1.420825 
16.74087 0.5699098 1.390418 
17.32077 -0.08963407 1.684817 
17.22181 0.03020397 1.570082 
16.89454 -0.0236399 1.439994 
12.47615 4.797782 1.103428 
17.05923 -0.3900916 1.612337 
16.95113 -0.3313104 1.53464 
15.57509 1.458652 1.062658 
12.29429 4.813887 0.7812644 
17.2207 -0.4758239 1.771835 
16.63398 0.105257 1.363073 
16.53416 0.3133235 1.344181 
16.24409 0.3188602 1.295639 
15.48404 1.244102 0.8789961 
16.69758 -0.7149797 1.552283 
16.18672 0.07840244 1.266456 
11.64547 4.871835 0.9995524 
16.85522 -1.008345 1.803493 
16.89981 -0.7687318 1.679995 
16.67556 -0.4101551 1.448977 
16.23267 -0.1206397 1.280141 
15.45522 0.8962098 0.8611482 
16.30742 -0.4271133 1.343359 
16.08434 -0.3939431 1.25957 
16.58077 -1.126897 1.713423 
15.47233 0.343356 0.7576377 
16.03137 -1.069058 1.46315 
10.61045 4.901798 0.7170611 
15.41525 -0.4563107 0.73748 
15.30122 -0.9573008 0.7914833 
14.9724 -1.577315 0.6849611 
8.924315 4.789154 0.7047594 
8.517248 4.784062 0.7138525 
14.54893 -2.520866 1.34813 
7.695743 4.753859 0.8707403 
7.186623 4.764139 0.5662097 
14.03658 -3.107748 1.112021 
13.68603 -3.536738 1.642228 
13.49843 -3.705666 1.745373 
5.74611 4.817092 0.4398263 
5.740425 4.747368 0.9147716 
13.30812 -3.792417 1.643752 
5.292727 4.76931 0.7285966 
5.069842 4.748411 0.8968615 
12.9103 -3.893525 1.402059 
4.809445 4.858955 0.4418371 
4.563548 4.838794 0.6123272 
4.436506 4.869384 0.5537233 
4.233252 4.858085 0.6219383 
4.340256 4.91581 0.126039 
4.031059 4.901741 0.2225119 
3.999691 4.936718 -0.2550361 
3.795579 4.862438 0.630053 
3.726806 4.915149 0.1046244 
3.760227 4.953713 -0.4872132 
12.13161 -4.038908 1.233826 
3.565956 4.871321 0.6346484 
3.424662 4.920621 0.240228 
3.488548 4.946072 -0.2766102 
3.172437 4.931841 0.2831129 
3.307984 4.869244 0.7845483 
3.181733 4.91482 0.494417 
10.78952 -4.217844 1.218296 
2.295654 4.841262 0.8246158 
10.16153 -4.243806 1.046783 
9.560093 -4.337127 1.300228 
0.4604104 4.746477 0.6311173 
0.1794046 4.7271 0.7248996 
8.775886 -4.324061 1.155441 
-0.04902989 4.72091 0.5440884 
7.745176 -4.334038 1.04465 
-0.5574855 4.690832 0.6385123 
-0.6834407 4.690955 0.3835021 
-0.7018303 4.683394 0.7323815 
7.045466 -4.396537 1.101725 
-1.213432 4.650589 0.4584663 
-1.441984 4.62822 0.6629876 
6.412003 -4.476326 1.158019 
-1.781443 4.605378 0.4680247 
-1.951719 4.584881 0.6757008 
-2.097292 4.570867 0.4373585 
5.435637 -4.580969 0.9492153 
4.937856 -4.663349 1.039852 
-3.455791 4.460352 0.4074348 
-3.799402 4.399221 0.67097 
-4.714892 4.32702 0.4733895 
3.498271 -4.759367 0.8607706 
-5.357113 4.297312 0.5724508 
-5.522441 4.298448 0.4508197 
-6.178519 4.308658 0.3898196 
2.063841 -4.959476 1.028108 
-6.36293 4.314889 0.4736305 
-6.540252 4.310072 0.685366 
-6.726645 4.321357 0.5003458 
-7.011615 4.333403 0.4096619 
-7.427704 4.345992 0.4034067 
-7.513003 4.345793 0.6427444 
-7.640498 4.356924 0.5665044 
0.90246 -5.129159 1.034072 
-7.845881 4.367408 0.3689922 
-7.980953 4.378205 0.247566 
-8.179784 4.383981 0.5735268 
-8.429523 4.391442 0.3984127 
-8.736489 4.404192 0.3737002 
0.004597337 -5.340025 1.158337 
-9.816916 4.446201 0.6820776 
-1.369385 -5.26541 0.9541346 
-2.152969 -5.237113 0.7714576 
-10.9542 4.26547 0.5426999 
-2.458594 -5.279983 0.9089953 
-2.960818 -5.199094 0.7506645 
-3.568679 -5.271087 1.033954 
-12.29579 3.851107 0.2438974 
-12.5346 3.847262 0.4929451 
-4.450871 -5.242817 0.993051 
-12.79221 3.677366 0.2867943 
-13.19749 3.558909 0.475233 
-4.816113 -5.148257 0.6850408 
-5.259815 -5.232477 1.0422 
-13.53592 3.279901 0.4243661 
-13.5484 3.162166 0.3083629 
-6.234961 -5.122971 0.8552129 
-13.86193 3.079049 0.6061915 
-13.86978 2.839563 0.4356121 
-6.739013 -5.191497 1.220112 
-6.897569 -5.106801 0.7574237 
-14.02649 2.667553 0.5794762 
-7.132224 -5.2004 1.199333 
-13.96257 2.498489 0.4617356 
-7.222911 -5.100505 0.6125041 
-14.01758 2.206998 0.5272562 
-13.65617 1.036066 0.1919103 
-13.59394 0.6474848 0.1830546 
-8.680446 -5.261983 0.7388483 
-9.223493 -5.360508 0.9566147 
-13.63953 -0.3294361 0.4383066 
-13.74497 -0.5436403 0.6583813 
-13.61493 -0.4154325 0.4155798 
-9.518293 -5.35636 0.9116032 
-13.60888 -1.060232 0.3308668 
-10.50364 -5.323051 0.8490051 
-10.79639 -5.421078 1.144297 
-11.37058 -5.149406 0.5693109 
-14.13588 -2.859993 0.6899819 
-12.97616 -4.984949 0.8322551 
-14.22551 -3.828481 0.6837429 
-13.7639 -4.761217 0.7802252 
-14.21328 -4.164209 0.7383429 
-14.45577 -4.045725 0.9678344 
-13.85411 -4.927379 1.032858 
-14.17148 -4.37692 0.7880538 
-14.4916 -4.41521 1.101159 
-14.039 -4.67513 0.8796291 
-13.99887 -4.505274 0.7183298 
15.64715 3.75229 1.070046 
15.82377 3.387612 0.8111494 
15.30278 4.063199 0.7908244 
15.92474 3.15103 0.9471617 
15.89122 3.005993 0.6456154 
13.70781 4.687759 0.3636203 
13.39866 4.720448 0.7943446 
13.36945 4.72457 0.5492294 
12.75026 4.786337 0.5380503 
15.55166 1.51352 0.8441163 
15.4569 1.279503 0.7106765 
11.5371 4.885327 0.5408931 
15.41249 0.5523417 0.659151 
15.34567 0.5750175 0.4637042 
15.41506 -0.03067504 0.6389933 
15.34321 -0.06261038 0.4712498 
15.30361 -0.4798737 0.5129873 
10.13979 4.872344 0.6848665 
9.813717 4.856733 0.4131059 
15.1851 -1.195936 0.7626281 
9.557538 4.839643 0.3613619 
9.238706 4.799937 0.6119081 
14.83745 -1.817687 0.6264411 
14.73082 -2.126547 0.9040621 
8.106462 4.777309 0.6633865 
14.62509 -2.330225 1.028822 
7.831492 4.777558 0.5495171 
7.37078 4.747222 0.7622451 
7.559764 4.795057 0.2435874 
6.345335 4.77049 0.5669291 
13.85907 -3.387711 1.766888 
5.932107 4.782841 0.5649347 
13.7106 -3.434554 1.157259 
13.4564 -3.604354 1.125332 
13.20805 -3.739564 1.17995 
5.208644 4.858855 0.362156 
4.835431 4.8925 0.2486466 
4.571413 4.891371 0.3322991 
12.32162 -3.933698 0.8932652 
4.598453 4.940837 -0.1525237 
4.275425 4.975135 -0.9260616 
3.285576 4.979738 -1.098891 
3.132272 4.94681 -0.02604773 
11.5183 -4.103815 1.07462 
2.885062 4.917127 0.4222705 
2.807968 4.937001 0.0498762 
11.57129 -4.035522 0.7319818 
2.663028 4.87994 0.6891302 
10.50263 -4.21088 1.047394 
1.754327 4.855384 0.5363479 
1.562564 4.886185 0.1140895 
1.240643 4.824885 0.4429821 
9.517569 -4.258368 0.8750411 
9.041086 -4.25116 0.7630431 
8.4065 -4.315503 1.053589 
8.128474 -4.285061 0.7967044 
0.2320392 4.7481 0.3419948 
-0.2723288 4.714616 0.3435211 
-0.4524683 4.718122 0.1716575 
7.442616 -4.379809 1.236933 
7.24772 -4.347674 0.8713025 
6.582301 -4.423786 0.9160317 
6.508153 -4.398397 0.5467027 
-1.919402 4.606766 0.1314554 
-2.386541 4.557417 0.3047947 
-2.506046 4.547077 0.519035 
-2.412271 4.574115 0.07859616 
5.820936 -4.506637 0.7556167 
-2.8307 4.525699 0.4172296 
5.102233 -4.600822 0.8244982 
-3.246377 4.483494 0.4688127 
-3.824186 4.399885 0.3616928 
-3.915115 4.392609 0.3862071 
-4.005699 4.384618 0.290515 
4.380086 -4.658284 0.706545 
-4.215364 4.375027 0.3177453 
-4.634883 4.353083 0.2123908 
-4.955888 4.323507 0.4009018 
3.14572 -4.786141 0.8593845 
-5.427595 4.338082 0.1342155 
-5.70464 4.327462 0.2503908 
2.750063 -4.849589 0.9421558 
-5.954539 4.330449 0.1811471 
-6.14016 4.335214 0.1193965 
2.328127 -4.85961 0.6764103 
-6.360456 4.337107 0.1857857 
-6.722764 4.337988 0.1876721 
1.731434 -4.959564 0.8138065 
1.317098 -5.031998 0.9223215 
-7.317202 4.357869 0.04238522 
0.9736447 -5.04797 0.7634086 
-7.780731 4.386636 -0.0949976 
0.5231553 -5.131578 0.7220947 
-8.938446 4.415781 0.2299843 
-9.120422 4.416615 -0.002503671 
-0.5879747 -5.189138 0.7836736 
-9.432536 4.427334 0.3220742 
-10.00781 4.365461 -0.02872775 
-1.059533 -5.18114 0.7731855 
-10.19559 4.362502 0.2120789 
-1.836552 -5.140713 0.4945627 
-10.68278 4.307046 0.4482375 
-10.95546 4.16416 -0.1128405 
-3.083908 -5.115735 0.50475 
-3.358438 -5.110744 0.508242 
-3.626062 -5.093383 0.4585195 
-12.43732 3.732009 0.02665174 
-4.999265 -5.071753 0.3610427 
-5.656261 -5.130008 0.7423476 
-13.49331 2.881276 -0.002913825 
-13.62225 3.013399 0.2567286 
-13.75272 2.73611 0.2420798 
-13.5279 2.692184 -0.06854304 
-13.78851 2.149951 0.2015242 
-13.67607 1.916286 0.0405749 
-8.295604 -5.223194 0.7275499 
-13.64553 0.2258494 0.3671396 
-13.45627 0.2594548 -0.01309887 
-9.196087 -5.245347 0.5518097 
-13.57352 -0.3963731 0.3041466 
-13.57671 -0.6631211 0.3135349 
-13.52634 -0.8488243 0.1967913 
-10.68982 -5.246186 0.6427123 
-10.98272 -5.133865 0.3715334 
-13.84921 -2.079221 0.5493712 
-13.9224 -2.536558 0.4922483 
-14.11252 -3.051777 0.6103778 
-12.40533 -4.821234 0.2763618 
-12.16899 -5.049514 0.7186382 
-12.76437 -4.937032 0.6784199 
-13.86797 -3.133448 0.2788601 
-14.00357 -3.60679 0.4123967 
-14.09598 -3.922811 0.5558451 
-13.33369 -4.73632 0.5177563 
-13.54496 -4.63179 0.5032333 
-13.72807 -4.365962 0.3974474 
-13.95268 -4.275074 0.5346524 
-13.65168 -4.545775 0.4879327 
15.49067 3.866814 0.6264202 
15.10889 4.187829 0.504087 
15.84137 3.245188 0.6292856 
15.80111 3.16515 0.2946985 
14.8546 4.327772 0.3985047 
15.88179 2.445608 0.7755334 
13.86452 4.664181 0.1751622 
15.72981 1.933877 0.8502243 
12.64617 4.817444 0.2385954 
12.15834 4.839106 0.558807 
15.34927 1.013559 0.3646476 
15.38963 0.9435361 0.6461611 
11.23728 4.900362 0.5488816 
15.28484 0.2571435 0.2333161 
15.37225 0.3685614 0.5246289 
10.79553 4.910685 0.4614988 
10.44466 4.90234 0.4932191 
15.27744 -0.0907254 0.2782274 
15.18239 -0.4830692 0.1501556 
15.22166 -0.8387164 0.5288244 
15.10783 -0.8661631 0.20205 
10.21509 4.89627 0.3054332 
9.919854 4.893706 0.06119626 
15.04251 -1.409234 0.6396222 
15.09019 -1.143141 0.4490629 
14.95598 -1.370466 0.2790129 
9.338762 4.857775 -0.02439692 
9.009864 4.830129 0.1472522 
8.715704 4.817137 0.1622633 
8.411431 4.799004 0.3531823 
8.16284 4.807006 0.1622816 
7.766142 4.79913 0.2747239 
14.37035 -2.694552 1.112109 
14.14833 -2.862096 0.4150332 
6.863825 4.798845 0.2537313 
6.803086 4.774159 0.4719446 
6.402485 4.803826 0.3107327 
6.14522 4.848318 0.1525804 
5.86356 4.879151 0.1288279 
5.564427 4.851088 0.3253089 
12.82511 -3.836031 1.009918 
12.05023 -3.971731 0.8070127 
2.74616 4.916662 0.3748925 
2.468033 4.941301 0.003436327 
10.99089 -4.120286 0.8207989 
2.564513 4.918411 0.3384357 
10.02156 -4.17082 0.4890378 
9.978154 -4.222485 0.8311494 
1.214434 4.869773 -0.02328055 
0.8563486 4.819069 0.2287848 
9.595695 -4.202199 0.5212811 
9.098727 -4.185665 0.2461763 
0.4453083 4.792081 0.01055018 
8.677362 -4.247258 0.667245 
0.1406042 4.757986 0.125019 
-0.2902222 4.737204 0.05199665 
7.424083 -4.308446 0.6690748 
-1.024433 4.682199 0.1864815 
-1.316141 4.655152 0.1661217 
6.881284 -4.365213 0.688557 
6.188805 -4.467285 0.8257376 
-2.052949 4.592452 0.08104576 
-2.214641 4.577927 0.2016369 
-2.738251 4.562779 -0.03647209 
-2.918054 4.530277 0.09428909 
5.391715 -4.518628 0.5114493 
-3.288644 4.511341 0.03091913 
-3.666333 4.442607 0.2160869 
4.400114 -4.716269 0.9965657 
4.769188 -4.606928 0.626572 
-3.747991 4.445539 0.03033225 
-4.032518 4.419816 0.00560753 
3.851521 -4.736464 0.861013 
3.990136 -4.674267 0.5896732 
-5.254387 4.354716 0.09145284 
3.488852 -4.686062 0.4394125 
2.913005 -4.76467 0.5366994 
-5.649658 4.376534 -0.09945516 
1.935795 -4.876923 0.4745696 
-6.657664 4.37192 -0.1659568 
-6.995421 4.362736 -0.01114105 
1.494933 -4.941453 0.5998002 
0.7998614 -4.962262 0.2320811 
0.5847324 -5.045215 0.4374143 
-8.332156 4.39795 0.08181516 
0.2961082 -5.104172 0.5045413 
0.01115551 -5.089999 0.4135917 
-8.763022 4.421134 -0.3257161 
-0.1629578 -5.338037 1.139092 
-9.664167 4.405054 0.06032173 
-10.01755 4.328675 -0.490387 
-1.124128 -5.066759 0.3819427 
-1.514069 -5.133158 0.5237392 
-10.50214 4.260094 -0.2190402 
-2.394092 -5.168627 0.5796123 
-10.71135 4.1939 -0.3608698 
-2.508543 -5.097892 0.3588198 
-11.63366 3.978948 -0.06854925 
-11.91948 3.862479 -0.1776709 
-4.03166 -5.113473 0.5476494 
-4.443342 -5.041062 0.2503848 
-4.446215 -5.152681 0.6988912 
-12.49784 3.637811 -0.1539691 
-12.84939 3.583927 0.1459477 
-13.0443 3.441792 0.09114882 
-5.877983 -5.077504 0.5557613 
-13.24093 3.042317 -0.1832232 
-5.810774 -5.005589 0.1508909 
-6.378393 -5.061625 0.5591503 
-13.72746 2.394406 0.1323974 
-13.45549 2.018566 -0.2942329 
-13.65479 1.565394 0.05596947 
-7.746727 -5.115355 0.4126196 
-13.50143 1.105716 -0.1036421 
-13.29566 -0.04097418 -0.3265079 
-8.826051 -5.150011 0.2075894 
-13.41694 -0.4028686 -0.02927135 
-9.846599 -5.263929 0.6283678 
-9.829929 -5.116413 0.1024923 
-13.45595 -1.110812 -0.02152335 
-13.5187 -1.514533 0.06531414 
-13.66827 -1.902709 0.2797702 
-10.40526 -5.185 0.411583 
-13.47379 -2.04409 -0.1114372 
-13.59293 -2.365229 0.03748107 
-11.66463 -5.069925 0.4981922 
-12.07033 -4.760936 -0.0545486 
-12.73992 -4.730651 0.2332693 
-13.83525 -3.337955 0.2199516 
-13.8212 -3.670387 0.2181237 
-13.07205 -4.794726 0.4886534 
-13.22624 -4.501806 0.1502588 
-13.57545 -4.233496 0.1787235 
-13.76227 -4.087142 0.2704779 
-13.91802 -3.984071 0.3870469 
15.72563 3.576476 0.7390411 
15.73707 3.401757 0.2865513 
15.63987 3.676744 0.582677 
15.22169 4.068535 0.2184115 
14.96105 4.236567 0.1399527 
15.80653 2.982783 0.2149188 
14.59983 4.440377 0.1647657 
14.42509 4.525367 0.3474768 
14.23455 4.599822 0.7184073 
15.62907 2.122024 -0.02701513 
13.28331 4.748972 0.1584129 
15.61345 1.834453 0.451044 
15.51272 1.700597 0.09064174 
15.4448 1.381263 0.4145981 
11.85857 4.868609 0.5098279 
11.84943 4.927028 -0.09205469 
15.32613 0.7654623 0.3634573 
11.37422 4.92538 0.1012226 
11.08217 4.923998 0.197294 
10.86249 4.948448 -0.007711142 
10.40269 4.934175 0.04412099 
14.75858 -1.871177 0.3966562 
8.475616 4.843272 -0.07160494 
14.63334 -2.167444 0.5754589 
8.014229 4.843503 -0.1623126 
14.48457 -2.451073 0.7204095 
7.502082 4.834432 -0.03939167 
7.344213 4.799582 0.2312554 
7.341854 4.857268 -0.1085826 
7.032601 4.853095 -0.09150347 
6.803492 4.859591 -0.05652121 
13.92581 -3.196748 0.8688955 
6.332578 4.905646 -0.142337 
13.54535 -3.397125 0.3382896 
5.566185 4.959124 -0.07224058 
5.237771 4.92422 0.06093384 
12.10386 -3.877321 0.2674292 
11.48012 -3.992699 0.3461158 
2.233287 4.923459 0.1045803 
10.57239 -4.132215 0.5998955 
1.904116 4.957518 -0.2824564 
9.86831 -4.141295 0.1182429 
0.2819273 4.816541 -0.2991083 
8.489845 -4.19984 0.08050467 
7.938163 -4.261799 0.5163972 
0.06719677 4.788579 -0.1767587 
-0.3537041 4.762851 -0.2038122 
8.001723 -4.229071 0.1030497 
-0.5830541 4.73532 -0.06721185 
-0.6613091 4.778058 -0.398048 
-1.18564 4.704443 -0.2718417 
-1.504938 4.651708 -0.02317989 
6.242685 -4.397666 -0.01195855 
6.087715 -4.43339 0.3400502 
-2.028051 4.630674 -0.2107359 
-2.270793 4.595479 -0.08554696 
4.820621 -4.556358 0.3307734 
-3.394321 4.549916 -0.3939743 
-4.597871 4.389322 -0.07037921 
4.05543 -4.626423 0.3089032 
-4.618228 4.443836 -0.3876777 
-4.839517 4.376512 -0.03612694 
-5.237513 4.415413 -0.2875119 
3.196371 -4.700514 0.3108025 
-5.627798 4.441992 -0.4813077 
2.592979 -4.776035 0.2894573 
2.123522 -4.815909 0.1516293 
-6.401085 4.386844 -0.2427058 
-6.880488 4.407902 -0.401648 
1.166017 -4.952346 0.4469934 
-7.564213 4.368536 0.03650354 
-7.757937 4.417446 -0.4363703 
-8.087028 4.408129 -0.2081057 
0.4888821 -4.971641 0.08534088 
-8.93728 4.427769 -0.6887464 
-0.3576766 -5.049938 0.3207959 
-9.203818 4.409064 -0.9160242 
-0.8268948 -5.119855 0.5961165 
-0.9565916 -4.99793 0.1359806 
-10.24508 4.288622 -0.4714254 
-1.603949 -5.060526 0.2445766 
-2.686667 -5.021348 0.08374067 
-11.24409 4.052096 -0.3061355 
-11.71777 3.846778 -0.521714 
-3.724519 -5.008224 0.1016839 
-4.0185 -4.984129 -0.02212633 
-12.18504 3.765725 -0.1739 
-12.84721 3.468318 -0.08447421 
-12.91021 3.344642 -0.2189525 
-12.6768 3.268197 -0.6233794 
-13.23831 3.309834 0.1187806 
-13.241 3.188785 -0.03004927 
-13.28566 2.786095 -0.3235854 
-6.376562 -4.994552 0.1183889 
-13.20825 2.54174 -0.556334 
-13.43783 2.388766 -0.2719688 
-7.026405 -5.031712 0.2193888 
-6.574553 -4.963676 -0.1912813 
-13.53508 1.700231 -0.1603322 
-13.40822 1.40256 -0.3340405 
-13.20449 0.9195352 -0.6535821 
-13.36557 0.7599048 -0.2867883 
-8.137545 -5.113364 0.2141085 
-13.30612 0.1016098 -0.3057477 
-8.513842 -5.148234 0.2806035 
-9.252502 -5.154054 0.1985899 
-13.36407 -0.7553625 -0.1642745 
-13.25768 -0.9358508 -0.4912415 
-13.3446 -1.147737 -0.2981331 
-13.39864 -1.631474 -0.2782305 
-13.30211 -1.543722 -0.5561058 
-10.09147 -5.187546 0.3886737 
-13.27514 -2.034665 -0.6247557 
-10.61376 -5.065006 0.04192771 
-11.05214 -4.962358 -0.126623 
-13.66904 -2.619269 0.1002884 
-13.40762 -2.432974 -0.2984011 
-11.53277 -4.831286 -0.2254299 
-13.61084 -2.941974 -0.03936442 
-12.33924 -4.69979 -0.0289183 
-13.51867 -3.158636 -0.1752316 
-13.61415 -3.697065 -0.002169058 
-12.91973 -4.575898 0.06821923 
-13.5128 -3.932111 -0.03095518 
-13.37337 -4.292784 0.05406261 
-13.28869 -3.900361 -0.2629382 
15.45713 3.854248 0.3011322 
15.12483 4.079863 -0.1301684 
14.79306 4.308833 -0.1780413 
14.42651 4.471914 -0.4328349 
15.68184 2.874099 -0.3704365 
14.19638 4.577867 -0.1695357 
13.99414 4.634322 -0.1143189 
15.77114 2.758315 0.05668412 
15.74301 2.500284 0.08597608 
15.78258 2.267198 0.5540457 
13.46881 4.730816 0.0200536 
13.02964 4.824308 -0.331116 
12.75995 4.844977 -0.1752326 
10.99775 4.987201 -0.3241454 
15.20953 0.2300351 -0.1038762 
15.19675 -0.1165838 -0.009124228 
15.08332 -0.4443607 -0.2878078 
9.619287 4.890201 -0.07968038 
8.682574 4.890641 -0.3724294 
8.336276 4.919312 -0.525147 
7.767322 4.854926 -0.1533649 
7.683579 4.901231 -0.426222 
7.412658 4.937638 -0.5004109 
13.97283 -3.086242 0.5951739 
6.303238 4.965117 -0.3547885 
5.946389 4.970145 -0.1981953 
13.82942 -3.257645 0.7264479 
5.752316 4.984751 -0.194131 
5.625337 5.029961 -0.4115371 
5.211694 4.989271 -0.3517817 
13.16565 -3.651572 0.6556025 
12.77665 -3.747684 0.4791514 
11.86447 -3.89021 0.02196826 
11.10016 -4.039832 0.3275097 
10.88904 -4.00982 -0.211661 
2.518602 4.957757 -0.3279773 
2.292097 5.009997 -1.047287 
9.460202 -4.166057 0.1452181 
0.5773472 4.888561 -0.605929 
8.768418 -4.201619 0.2934569 
-0.2609914 4.81045 -0.4609525 
7.743404 -4.240104 -0.1863843 
7.6106 -4.274878 0.3832943 
7.002487 -4.330486 0.3162316 
-1.402562 4.6687 -0.1598997 
-1.67454 4.672143 -0.3299181 
-2.047575 4.678566 -0.5743342 
5.734216 -4.449851 0.1589043 
-3.056981 4.561965 -0.2551971 
4.904442 -4.515814 0.05379447 
-3.73698 4.609434 -0.9646875 
4.414518 -4.583936 0.2526495 
-3.825427 4.469735 -0.2077155 
-4.213309 4.4521 -0.2796123 
3.83847 -4.614242 0.04477184 
3.789111 -4.586223 -0.4750815 
3.477059 -4.645109 0.04294955 
2.967527 -4.7113 0.1283621 
2.71138 -4.726739 -0.1350429 
-6.010931 4.398939 -0.3326889 
2.167505 -4.765881 -0.3819727 
1.7339 -4.84152 0.07318698 
-7.221041 4.407092 -0.4064571 
1.454398 -4.878253 0.1826342 
0.9435664 -4.886722 -0.0987799 
-7.971072 4.460185 -0.8388734 
-8.375601 4.432455 -0.5069956 
0.1102595 -5.007141 0.1389887 
0.2208249 -4.955944 -0.05419457 
-0.2257928 -4.951738 -0.07497686 
-0.6212565 -4.985381 0.09176406 
-9.382739 4.40841 -0.2411722 
-1.448617 -4.983451 -0.04304563 
-1.971095 -5.028079 0.0800537 
-2.136519 -4.958829 -0.24692 
-10.86921 4.07985 -0.8724058 
-11.38444 3.967611 -0.5230948 
-3.210999 -4.999226 0.042061 
-3.371063 -4.919712 -0.3698516 
-12.01968 3.721766 -0.5270759 
-12.2899 3.621516 -0.4493011 
-12.41022 3.547435 -0.4681486 
-12.55078 3.422829 -0.5397092 
-5.175729 -5.02555 0.1465409 
-12.95297 3.202379 -0.3620253 
-5.329558 -4.983587 -0.07526607 
-13.06141 2.889419 -0.5414818 
-13.00964 2.731465 -0.7281215 
-13.26201 2.377725 -0.5347514 
-13.30985 2.066196 -0.5210114 
-13.32078 1.736094 -0.5196623 
-7.58988 -5.018098 -0.1831928 
-13.22513 1.371367 -0.6743069 
-8.438083 -5.050564 -0.2730911 
-13.20391 -0.008698638 -0.5504154 
-13.29725 -0.4160205 -0.3187425 
-13.17649 -0.4540656 -0.6513262 
-9.066499 -5.046913 -0.2979039 
-13.23307 -0.6546109 -0.5083964 
-9.460988 -5.085828 -0.06711109 
-13.21339 -1.136323 -0.7161237 
-13.36194 -1.337312 -0.3218486 
-10.21774 -5.027206 -0.1920928 
-13.29499 -1.78794 -0.5911575 
-13.34411 -2.359313 -0.4291771 
-11.13718 -4.835323 -0.4729579 
-13.35671 -2.772233 -0.4146849 
-13.44384 -3.359191 -0.2583416 
-12.24982 -4.609597 -0.2718991 
-13.28884 -3.123324 -0.5013836 
-12.59304 -4.592681 -0.09269075 
-13.38898 -3.632103 -0.2637129 
-13.1451 -4.120049 -0.2621721 
-13.04853 -3.858871 -0.526309 
-12.96333 -4.403402 -0.1311926 
-13.1617 -4.269614 -0.1273233 
15.49467 3.735722 -0.03033287 
15.64357 3.547841 0.118013 
15.71141 3.081747 -0.1963972 
14.26378 4.538477 -0.4504662 
15.61978 2.650541 -0.5901142 
13.59626 4.718766 -0.2238028 
15.53974 1.940428 -0.2438909 
15.44118 1.63113 -0.2848721 
12.17765 4.894729 -0.0297197 
15.36564 1.15006 0.2657574 
15.23662 0.8476524 -0.4011271 
11.30243 4.961497 -0.203407 
15.17571 0.3244415 -0.3432966 
9.925338 4.947197 -0.3390291 
9.60099 4.974549 -0.6068044 
15.00016 -1.106575 0.0641375 
9.176137 4.892806 -0.2826633 
9.105347 4.94106 -0.5575045 
14.87009 -1.564169 0.2558711 
8.120014 4.914834 -0.5148072 
7.922398 4.84651 -0.1266653 
7.111872 4.960625 -0.5439637 
6.731984 4.902421 -0.264149 
6.459501 4.891777 -0.1514002 
6.37256 5.050561 -0.6679307 
5.985521 5.111231 -0.6302485 
5.9397 5.16313 -0.9710998 
5.599507 5.089319 -0.8427441 
13.28236 -3.518214 0.2268957 
12.98201 -3.591932 -0.0270166 
12.39872 -3.840723 0.4525927 
10.33915 -4.102538 0.1282233 
2.089788 4.980326 -0.5147145 
1.82741 4.994016 -0.6419358 
1.554713 4.971001 -0.5451001 
0.9938096 4.888515 -0.2945005 
8.899226 -4.161759 -0.3043397 
7.286002 -4.290633 0.08396847 
-1.132422 4.748748 -0.535466 
-1.548213 4.808813 -1.184744 
6.565019 -4.358057 -0.2424255 
-1.882021 4.789289 -1.182998 
-2.593952 4.632969 -0.5014463 
-2.829182 4.590693 -0.3469253 
5.222075 -4.481133 0.00237406 
4.715569 -4.510916 -0.2544748 
4.333206 -4.561037 -0.0586365 
4.156886 -4.559621 -0.3474531 
-5.053664 4.50051 -0.686199 
-5.007002 4.562025 -0.9834159 
-5.222858 4.531151 -0.8877161 
-5.765886 4.511436 -0.9130683 
-6.37518 4.496428 -0.970207 
2.507798 -4.732489 -0.4477821 
-6.000352 4.509068 -0.9648919 
-7.075834 4.453731 -0.7601009 
0.6395065 -4.896037 -0.2384466 
-8.394672 4.463763 -1.054935 
0.1576939 -4.885521 -0.4131662 
-9.696479 4.369666 -0.5520073 
-1.191279 -4.904331 -0.3976206 
-1.669973 -4.905295 -0.4956179 
-10.14767 4.263077 -1.020421 
-2.498311 -4.96608 -0.2014577 
-11.09744 4.016927 -0.7899226 
-2.712679 -4.91821 -0.4519079 
-3.793015 -4.928168 -0.3383138 
-4.527338 -4.958456 -0.2024872 
-12.55573 3.171417 -0.9296261 
-5.000906 -4.922458 -0.5160542 
-12.91973 3.040368 -0.5860448 
-12.68773 2.892122 -1.072334 
-5.868831 -4.935331 -0.3455546 
-12.967 2.595758 -0.8812676 
-13.00565 2.436723 -0.9139853 
-13.1206 2.219206 -0.8096617 
-13.19387 1.875654 -0.740625 
-7.273296 -4.967476 -0.4640769 
-13.045 0.9769256 -1.017581 
-8.086293 -5.009244 -0.4599237 
-13.14221 0.09678803 -0.6859539 
-13.11738 -0.3261954 -0.7967395 
-13.14457 -0.8444973 -0.7871249 
-9.843197 -4.990784 -0.4276935 
-13.13417 -1.352741 -1.06889 
-10.51519 -4.948509 -0.4174144 
-13.22529 -2.323576 -0.7093113 
-13.24487 -2.643384 -0.6248375 
-13.11782 -2.921963 -0.8152197 
-11.8065 -4.661632 -0.4755754 
-13.1292 -3.262278 -0.7034908 
-13.20974 -3.492169 -0.518034 
-12.40011 -4.466503 -0.432088 
-12.71158 -4.453914 -0.233485 
-12.71535 -4.283375 -0.4533771 
-12.91496 -4.062078 -0.5146831 
15.29628 3.958179 -0.03945606 
15.66898 3.320075 -0.2068178 
15.5527 3.575102 -0.241565 
15.37008 3.77457 -0.399235 
15.18715 3.971208 -0.3846855 
15.59751 3.172113 -0.6286664 
14.73465 4.25852 -0.7065198 
14.48239 4.416692 -0.6935164 
15.5619 2.976314 -0.8611702 
14.04313 4.604161 -0.5196072 
12.69621 4.915611 -0.8858534 
12.76921 4.885995 -0.5857772 
12.20842 4.982065 -0.8395106 
15.32018 1.301976 -0.5408288 
11.24093 5.049319 -0.7851171 
15.21301 0.593004 -0.2943941 
10.43032 4.973285 -0.27522 
15.02421 -0.8147254 -0.1928519 
14.88969 -1.179216 -0.3421973 
8.802075 4.967082 -0.7242069 
7.891959 4.965937 -0.7183036 
7.603602 4.958587 -0.6531559 
14.31425 -2.473793 -0.2344964 
6.844882 5.093206 -1.016932 
13.7722 -3.207856 0.2449821 
13.68073 -3.218066 -0.04153097 
13.40165 -3.387081 -0.1024953 
12.63666 -3.603914 -0.6068087 
12.46837 -3.716328 -0.2398818 
11.26375 -3.94691 -0.3419534 
1.890019 5.020476 -0.8888877 
1.305453 5.030372 -1.123255 
9.422036 -4.138421 -0.3312336 
0.8835065 4.981961 -1.036718 
8.331324 -4.185151 -0.5738071 
-0.1572615 4.958584 -1.220853 
0.06309555 4.84598 -0.5511323 
-0.3957597 4.888164 -0.9185514 
-1.255051 4.763053 -0.7225919 
-0.9727952 4.889544 -1.344956 
5.903906 -4.404921 -0.4971412 
-2.430438 4.745692 -1.159531 
-3.354913 4.655009 -1.052972 
-4.118541 4.567424 -0.8916191 
-4.508505 4.568287 -0.9868778 
-4.809271 4.578913 -1.072884 
-5.123213 4.615225 -1.403839 
3.304184 -4.642105 -0.4859005 
-5.360232 4.567137 -1.164314 
-5.840124 4.577093 -1.47847 
2.002883 -4.78629 -0.2724409 
-6.587081 4.512347 -1.188052 
-7.403886 4.493377 -1.128325 
-7.750139 4.490346 -1.153767 
1.338629 -4.833183 -0.2658954 
0.4335721 -4.888996 -0.3510703 
-0.1790196 -4.891437 -0.3839722 
-0.7393973 -4.920242 -0.2191383 
-0.7184395 -4.858349 -0.6167523 
-9.70599 4.338177 -1.143249 
-10.48352 4.173391 -1.069265 
-1.806048 -4.853917 -0.9052719 
-10.68549 4.051067 -1.4922 
-3.086018 -4.8687 -0.7497072 
-11.38089 3.882741 -0.9380537 
-11.54127 3.772509 -1.110736 
-11.79814 3.726437 -0.8401919 
-12.1246 3.576654 -0.786531 
-12.29966 3.432915 -0.8611312 
-12.54891 3.033513 -1.12552 
-5.385049 -4.886229 -0.8297697 
-12.85394 2.800193 -0.9053373 
-6.86878 -4.906467 -0.9657189 
-7.772624 -4.947243 -0.8626199 
-13.03194 -0.03542905 -1.014341 
-8.797323 -5.022523 -0.4465525 
-8.435176 -4.97878 -0.7452458 
-9.161964 -4.940799 -0.8608151 
-13.07759 -0.8424444 -1.015303 
-9.543559 -4.911292 -0.9112555 
-13.08725 -1.657773 -1.245619 
-10.6516 -4.867278 -0.6579304 
-11.15097 -4.7185 -0.8297978 
-11.76917 -4.527223 -0.8253046 
-12.07243 -4.506989 -0.6099497 
-12.98898 -3.526142 -0.7904057 
-12.96377 -3.263309 -0.9540503 
-12.42105 -4.276925 -0.7093109 
-12.62191 -4.110551 -0.7377257 
-12.76786 -3.680665 -0.9734021 
-13.09982 -3.681863 -0.5690575 
15.21171 3.873822 -0.6580635 
14.88457 4.199669 -0.5020562 
15.49961 3.270787 -0.9055592 
13.79926 4.648519 -1.035711 
13.63456 4.71444 -0.6097445 
13.75798 4.679258 -0.72272 
13.39418 4.776267 -0.8137451 
15.51915 2.334542 -0.8499331 
13.26891 4.802334 -0.7024549 
13.10268 4.832735 -0.627876 
15.51898 2.086026 -0.5898537 
15.37872 1.669793 -0.8035633 
11.72752 5.022758 -0.7961582 
11.65528 5.053758 -1.057263 
15.09248 -0.1189488 -0.4972895 
10.88844 5.097379 -1.115907 
10.50188 5.054957 -0.8327554 
10.09421 5.084117 -1.07953 
9.207819 5.068113 -1.150516 
14.66831 -1.661316 -0.6076261 
14.60647 -1.9084 -0.3638799 
8.233674 4.963286 -0.7247023 
13.99076 -2.985758 0.1415146 
6.58054 5.136737 -1.08949 
6.141912 5.162612 -0.9272244 
6.357446 5.178347 -1.197306 
10.75417 -3.978117 -0.8709257 
10.35295 -4.061363 -0.3837374 
9.948943 -4.102538 -0.3398032 
0.3857009 4.954212 -1.084485 
-0.7959288 4.886625 -1.130823 
7.141048 -4.300481 -0.4042106 
-2.133511 4.799383 -1.388919 
-2.672688 4.725023 -1.133294 
-3.151549 4.741638 -1.636823 
5.425256 -4.441689 -0.3664678 
-3.60743 4.668347 -1.281339 
-3.955221 4.635345 -1.252766 
4.756181 -4.492528 -0.5800594 
-4.426407 4.615534 -1.266115 
-4.889316 4.631878 -1.499041 
-5.739871 4.552736 -1.213228 
2.838978 -4.688342 -0.8124576 
-6.181132 4.542288 -1.303318 
-6.372561 4.537882 -1.350742 
-6.778959 4.527844 -1.464945 
-6.89779 4.533731 -1.579782 
-6.993775 4.50423 -1.222448 
1.610124 -4.789681 -0.5502534 
-7.228398 4.509738 -1.284794 
0.7802129 -4.837973 -0.5838603 
-7.955242 4.503051 -1.573907 
-8.150344 4.481052 -1.187716 
-8.238234 4.484724 -1.470111 
0.4584755 -4.840176 -0.7070158 
-8.69346 4.447827 -1.292236 
-0.1370983 -4.824296 -0.9103633 
-8.418074 4.467319 -1.778057 
-9.16163 4.396318 -1.56953 
-10.40034 4.143341 -1.517343 
-2.161368 -4.896144 -0.621891 
-10.97717 3.982551 -1.246725 
-11.30649 3.817778 -1.378163 
-3.493967 -4.86537 -0.7607063 
-4.198437 -4.888738 -0.6493494 
-4.150981 -4.82568 -1.230575 
-11.80692 3.491273 -1.522627 
-11.94692 3.564965 -1.089693 
-4.859859 -4.869652 -0.9643294 
-12.08116 3.385606 -1.297819 
-12.40954 3.317794 -0.9201211 
-12.68812 2.703247 -1.255135 
-12.78956 2.408696 -1.29332 
-12.86084 2.195466 -1.278194 
-12.77689 2.03346 -1.500004 
-6.240278 -4.900268 -0.7852141 
-12.98675 1.919195 -1.125838 
-12.85395 0.5422665 -1.456961 
-13.0763 0.5043121 -0.8948781 
-12.89722 0.3648411 -1.326458 
-13.02951 0.1083787 -0.9996933 
-8.895964 -4.924062 -1.045432 
-12.9958 -0.9261678 -1.32025 
-13.08289 -1.348337 -1.26865 
-10.12402 -4.863689 -0.9430576 
-10.79352 -4.758741 -0.9700705 
-13.06214 -2.574235 -1.019649 
-10.88047 -4.659721 -1.25969 
-11.38748 -4.60613 -0.9620085 
-12.92437 -2.780454 -1.236115 
-11.93422 -4.399636 -0.9510427 
-12.17638 -4.379999 -0.7620667 
-12.1223 -4.072756 -1.329019 
-12.20787 -4.209043 -1.017661 
-12.6972 -3.944758 -0.8330415 
-12.54296 -3.801942 -1.154331 
15.51287 3.498461 -0.5462043 
15.3193 3.702261 -0.780183 
15.01194 4.050831 -0.7271047 
14.83025 4.160559 -0.8521207 
14.50157 4.371345 -0.915247 
14.29344 4.491568 -0.7750713 
14.02187 4.533422 -1.306243 
14.02867 4.565496 -1.0368 
15.56648 2.774459 -0.8538486 
13.26105 4.794906 -1.369458 
15.42341 2.029032 -1.044607 
12.25273 4.992231 -1.100179 
11.91496 5.045969 -1.282593 
15.2434 1.05873 -0.7197972 
11.2133 5.090765 -1.153984 
10.48005 5.109819 -1.242351 
10.3419 5.045736 -0.7988637 
9.759176 5.091657 -1.182268 
9.415988 5.079029 -1.172743 
8.948043 5.098329 -1.290032 
14.75168 -1.288713 -0.8764149 
8.579452 5.107846 -1.331509 
8.1356 5.043681 -1.033825 
7.859923 5.122906 -1.292472 
14.42793 -2.232543 -0.408025 
7.622305 5.13412 -1.333849 
7.373902 5.099518 -1.123513 
14.16389 -2.606977 -0.4865172 
7.111477 5.156602 -1.358021 
6.577497 5.190114 -1.320082 
6.296515 5.201598 -1.38467 
6.080865 5.186925 -1.192399 
13.08546 -3.477552 -0.3962158 
12.06985 -3.774252 -0.5471103 
11.2361 -3.870726 -1.195897 
2.049622 5.07407 -1.783987 
1.872659 5.057559 -1.271554 
1.785186 5.102748 -1.811648 
1.600656 5.051677 -1.187884 
1.44864 5.079688 -1.480455 
0.8507536 5.031455 -1.455169 
0.5994683 5.001898 -1.31895 
9.430846 -4.122459 -0.7815051 
0.1373536 4.985987 -1.353688 
0.05143939 5.006485 -1.526839 
-0.2208551 5.007042 -1.670806 
-0.6250786 4.952907 -1.517603 
7.815256 -4.231184 -0.6685323 
-1.076304 4.900771 -1.553142 
-1.506422 4.853993 -1.504239 
-1.873928 4.83306 -1.499955 
6.830511 -4.337207 -1.532366 
-2.757028 4.76299 -1.464757 
-3.697126 4.700967 -1.712945 
-4.623911 4.656189 -1.641287 
-4.773687 4.626587 -1.386487 
-5.017135 4.641697 -1.632155 
-5.396044 4.606843 -1.558487 
-6.048729 4.57236 -1.662165 
-6.188661 4.572932 -2.029876 
2.426668 -4.718926 -1.048708 
-6.479928 4.540132 -1.486894 
1.788041 -4.76162 -0.8936686 
-7.090393 4.523678 -1.613908 
-7.519678 4.514489 -1.549895 
-7.715387 4.515784 -1.791846 
1.147136 -4.792298 -0.842051 
-0.7751322 -4.796324 -1.209366 
-9.27622 4.364468 -1.826347 
-1.092398 -4.834267 -0.8873255 
-9.836196 4.28463 -1.529922 
-9.928225 4.210443 -2.037736 
-10.14512 4.208053 -1.586714 
-11.06247 3.874251 -1.63304 
-3.192407 -4.819727 -1.191371 
-11.44186 3.671453 -1.664811 
-11.69658 3.611816 -1.378145 
-12.28223 3.16769 -1.366292 
-12.34423 2.94151 -1.591454 
-12.42794 2.722756 -1.690478 
-12.52058 2.458804 -1.751326 
-12.53563 2.125855 -1.941775 
-12.73615 1.801278 -1.652986 
-12.98641 1.43613 -1.16656 
-12.82344 0.8970809 -1.539946 
-12.89666 -0.4911751 -1.507882 
-9.240916 -4.868273 -1.282779 
-10.26272 -4.758959 -1.359753 
-11.57512 -4.429751 -1.246294 
-12.597 -3.520837 -1.342145 
-12.80194 -3.421582 -1.107541 
-12.77808 -3.016209 -1.403269 
-12.40736 -4.01626 -1.076759 
15.322 3.547817 -1.092696 
14.63511 4.254486 -1.07757 
14.4878 4.272188 -1.400727 
15.3855 2.977897 -1.43432 
13.72925 4.624671 -1.533535 
13.44807 4.713683 -1.664377 
13.42597 4.740205 -1.456241 
15.40476 2.48699 -1.420798 
15.33026 2.203483 -1.588829 
12.99967 4.870963 -1.217254 
13.0196 4.85661 -1.483313 
12.58306 4.944415 -1.220802 
15.21866 1.186378 -1.101309 
11.24782 5.112544 -1.528822 
15.13505 0.6034824 -0.8648706 
10.68306 5.133772 -1.47664 
10.35098 5.141182 -1.509966 
9.536897 5.155057 -1.674803 
8.996373 5.138756 -1.548494 
14.85642 -0.8729243 -0.9448707 
8.781235 5.157613 -1.655992 
8.259565 5.168292 -1.67533 
14.58327 -1.585535 -1.179297 
8.242617 5.115527 -1.366736 
14.51458 -1.87417 -0.9284962 
7.856907 5.173059 -1.562206 
7.586242 5.184224 -1.590516 
7.453116 5.152467 -1.343016 
14.25342 -2.324135 -0.9274271 
7.132046 5.203671 -1.633784 
6.841589 5.144377 -1.213513 
6.860157 5.225662 -1.682793 
6.504432 5.228179 -1.678148 
6.220502 5.213539 -1.771725 
5.969477 5.185216 -1.762365 
5.888104 5.176768 -1.444468 
5.853449 5.168607 -1.159313 
13.83449 -3.010858 -0.3524369 
13.52787 -3.218672 -0.4787659 
13.25484 -3.317303 -0.731534 
12.85693 -3.509105 -0.6882535 
12.1954 -3.664006 -1.06612 
11.61616 -3.853517 -0.6898711 
1.43791 5.10121 -1.846028 
9.90286 -4.081375 -0.8673565 
1.12377 5.061573 -1.530406 
0.6037031 5.043909 -1.762768 
0.2880612 5.030221 -1.762935 
8.80092 -4.148543 -1.602951 
-0.4348519 5.004516 -1.912441 
-1.488985 4.894248 -1.961521 
-2.20232 4.833482 -1.815166 
-2.54803 4.796729 -1.661017 
-3.348162 4.743978 -1.953372 
5.025522 -4.457676 -0.9544652 
-4.053466 4.671822 -1.604172 
-4.314805 4.659609 -1.5726 
-4.856916 4.667922 -2.009244 
3.811865 -4.575562 -0.9520928 
-5.282989 4.640091 -1.971961 
-5.597342 4.604326 -1.719658 
-5.752786 4.602118 -1.867904 
-6.698668 4.543111 -1.928634 
-7.251332 4.528773 -1.916327 
1.393741 -4.750259 -1.43056 
-7.47401 4.514185 -2.121135 
-7.781353 4.503129 -2.041926 
0.6690439 -4.784186 -1.23671 
-8.138092 4.475927 -2.076173 
0.4052669 -4.808896 -1.024582 
-8.472139 4.448298 -2.073527 
0.001183773 -4.78558 -1.376124 
-10.24122 4.122899 -2.025287 
-2.469189 -4.844782 -1.017052 
-10.50878 4.052066 -1.892444 
-2.143691 -4.796072 -1.520016 
-10.77836 3.946277 -1.887228 
-11.29683 3.744062 -1.692186 
-12.11027 3.128089 -1.738527 
-11.90123 3.164778 -2.080455 
-12.11524 2.927867 -2.054304 
-5.831839 -4.87594 -0.9668514 
-12.64712 1.924422 -1.800285 
-12.58513 1.426522 -2.098909 
-12.7621 1.226856 -1.69298 
-12.71273 1.054398 -1.825061 
-12.6398 1.118401 -2.021581 
-12.66809 0.8212876 -1.938225 
-12.78941 0.7217859 -1.619415 
-12.69868 0.5254251 -1.90664 
-8.199542 -4.933155 -1.098125 
-8.609406 -4.880676 -1.45386 
-12.91058 -0.959701 -1.573326 
-12.74075 -0.9195545 -1.981336 
-12.98506 -1.169257 -1.444748 
-9.810227 -4.761904 -1.640174 
-12.91663 -1.31871 -1.672331 
-12.97698 -1.360692 -1.507869 
-12.92654 -1.770386 -1.610845 
-12.88656 -2.078435 -1.624662 
-13.04398 -2.04735 -1.256016 
-10.77872 -4.523131 -1.860918 
-12.72327 -2.564178 -1.771094 
-12.83583 -2.368761 -1.616323 
-11.11691 -4.558999 -1.371864 
-11.36114 -4.409941 -1.535597 
-12.61459 -3.259956 -1.52762 
-12.57365 -2.798774 -1.947484 
-11.82749 -4.200812 -1.46697 
-12.23373 -3.885178 -1.461747 
-12.27752 -3.665165 -1.676461 
-12.37639 -3.495044 -1.714604 
15.11817 3.820468 -1.112954 
14.91027 3.969447 -1.293613 
14.74581 4.13289 -1.242304 
14.28797 4.411007 -1.304324 
15.42033 2.779956 -1.382899 
13.88657 4.532963 -1.682596 
12.16493 5.012522 -1.512065 
15.30197 1.813473 -1.416564 
12.37388 4.969755 -1.753792 
11.81527 5.059602 -1.830438 
11.68097 5.073311 -1.401486 
15.20375 1.362181 -1.413936 
10.9917 5.128211 -1.53997 
15.05298 0.3006484 -1.064079 
10.51797 5.156491 -1.89238 
14.94374 0.02387952 -1.392398 
9.904978 5.170131 -1.860705 
14.85474 -0.5066891 -1.332971 
9.775433 5.144398 -1.564237 
14.95268 -0.369667 -0.9996411 
9.329156 5.141174 -1.578635 
14.6966 -0.7775936 -1.731678 
9.242943 5.175021 -1.919067 
9.00189 5.184563 -2.020987 
14.63791 -1.174242 -1.545053 
8.42823 5.187334 -1.851424 
8.24028 5.202189 -2.002026 
14.40481 -2.135975 -0.7826879 
7.380464 5.216304 -1.807303 
7.152882 5.237342 -1.993518 
7.054795 5.241374 -1.937123 
6.865727 5.250786 -2.080886 
6.603994 5.250381 -2.189816 
14.09042 -2.609529 -0.7555104 
6.256654 5.21981 -2.177129 
6.292114 5.225959 -1.961241 
6.017365 5.185765 -2.10985 
5.60332 5.125102 -1.969254 
5.768928 5.159627 -1.561001 
13.94216 -2.837256 -0.5885651 
5.648303 5.130558 -1.200355 
13.71359 -3.020835 -0.6891435 
13.47894 -3.108939 -0.9842365 
13.04279 -3.359184 -1.001875 
12.34029 -3.567926 -1.343503 
11.00204 -3.865787 -1.658552 
10.48258 -3.962689 -1.649739 
10.3533 -4.00151 -1.396229 
10.22785 -4.042982 -0.9553206 
0.8963072 5.076821 -2.153923 
9.232884 -4.117714 -1.678681 
-0.07066277 5.029862 -1.911942 
-0.2152985 5.028956 -2.148995 
8.094075 -4.206146 -1.476436 
-0.6815674 4.980672 -2.092957 
-1.141569 4.914631 -1.819409 
-0.8549721 4.949445 -1.831937 
-1.812426 4.864154 -1.817075 
-1.676321 4.892194 -2.219368 
6.588851 -4.351748 -0.8020843 
-2.437993 4.828889 -2.039144 
-3.207023 4.761398 -2.177552 
5.40234 -4.429182 -0.9480534 
-3.935847 4.702517 -2.020336 
-4.209212 4.685652 -1.85196 
-4.414383 4.686951 -2.069133 
-4.721905 4.665992 -1.769817 
-4.592195 4.683072 -2.321528 
-5.616849 4.613386 -2.142722 
3.246921 -4.642837 -0.8437343 
-6.027668 4.583169 -1.969782 
-6.991339 4.529643 -1.90092 
-8.763895 4.407798 -2.140229 
-9.468062 4.299031 -2.150704 
-1.646595 -4.798711 -1.435666 
-10.56107 3.979439 -2.188262 
-11.05018 3.810188 -1.93707 
-11.91204 3.371457 -1.625615 
-11.76313 3.348539 -1.961714 
-12.25397 2.645057 -2.133277 
-12.39548 2.35395 -2.10154 
-12.35088 2.240916 -2.299875 
-12.52131 1.753883 -2.160326 
-6.482666 -4.829307 -1.951916 
-12.56934 1.26116 -2.202549 
-7.666778 -4.891719 -1.41212 
-12.64866 0.3311588 -2.0745 
-12.74895 0.04230475 -1.82238 
-9.344721 -4.734899 -2.107512 
-12.83907 -1.2092 -1.797672 
-12.65622 -1.385444 -2.230272 
-12.81283 -1.564663 -1.876021 
-10.58034 -4.654556 -1.558167 
-11.57225 -4.279552 -1.605736 
-11.75445 -4.073808 -1.812893 
-11.9425 -3.920563 -1.819033 
-12.36803 -3.260618 -1.969004 
14.98288 3.72807 -1.664908 
15.3191 3.357769 -1.359013 
14.4536 4.184915 -1.78386 
14.24167 4.354396 -1.670061 
15.31849 3.135829 -1.542293 
14.01402 4.416373 -1.937702 
13.75664 4.54023 -1.967427 
13.51034 4.664289 -1.86339 
13.06942 4.810555 -1.871774 
12.74972 4.884305 -1.892687 
12.38859 4.934362 -2.19275 
15.16174 1.508566 -1.772968 
11.55301 5.0934 -1.778347 
11.16926 5.122384 -1.946897 
10.82492 5.148183 -1.872568 
15.04082 0.5908445 -1.402337 
10.13008 5.166121 -1.897642 
9.707585 5.176957 -1.967871 
9.46552 5.182963 -2.106584 
8.71771 5.18818 -2.028491 
7.949065 5.208419 -1.87765 
14.45774 -1.840618 -1.234246 
14.38341 -1.959432 -1.256649 
7.704834 5.215683 -1.883238 
7.45709 5.234807 -2.108764 
7.069395 5.250113 -2.319381 
6.209715 5.198907 -2.421432 
13.92171 -2.60799 -1.281983 
5.737874 5.12926 -2.498427 
5.178893 5.049947 -1.249668 
4.848573 4.996626 -3.074293 
13.63253 -2.931519 -1.172107 
13.30502 -3.121052 -1.331239 
12.63826 -3.485211 -1.215957 
11.98885 -3.643294 -1.54602 
11.766 -3.755922 -1.216622 
1.193392 5.09072 -2.093962 
0.6337248 5.058249 -2.05989 
0.3038017 5.047451 -2.107809 
-0.780636 4.970006 -2.401112 
7.862004 -4.225909 -1.973182 
-1.138731 4.93456 -2.329517 
7.251904 -4.30078 -1.411635 
-2.143214 4.858181 -2.247675 
-2.448104 4.831316 -2.37267 
6.131291 -4.380691 -1.656394 
-2.777848 4.802541 -2.165933 
-2.960272 4.782406 -2.440166 
-3.340343 4.748025 -2.495646 
5.12818 -4.444345 -1.807988 
-3.954554 4.706085 -2.249132 
-4.182274 4.698217 -2.486493 
-4.842123 4.665147 -2.502557 
-5.159601 4.647804 -2.201006 
-5.630914 4.599031 -2.499631 
-6.110754 4.567051 -2.362096 
-6.293563 4.56144 -2.302407 
-6.694454 4.539422 -2.23199 
2.253669 -4.710602 -1.757337 
-6.870593 4.520223 -2.411878 
1.22251 -4.722481 -2.057214 
-7.686644 4.481584 -2.475467 
-8.198148 4.445739 -2.430785 
-8.364164 4.386818 -2.805389 
-9.139019 4.346449 -2.257989 
-9.432055 4.265117 -2.49166 
-10.36826 3.963085 -2.676958 
-10.57282 3.89789 -2.564389 
-10.85885 3.810642 -2.354238 
-3.212814 -4.722319 -2.330443 
-11.57813 3.505482 -1.914857 
-11.53101 3.411375 -2.289329 
-4.901791 -4.829749 -1.437812 
-12.12628 2.586459 -2.510018 
-12.43703 1.918386 -2.307074 
-12.57334 0.9651028 -2.230119 
-12.61268 0.5628299 -2.172082 
-12.68052 -0.1472059 -2.048066 
-12.63069 -0.7223494 -2.253296 
-8.89598 -4.834824 -1.688294 
-12.7327 -1.828788 -2.027727 
-12.59307 -1.948449 -2.336703 
-12.60715 -2.245528 -2.198649 
-12.50178 -2.415268 -2.378394 
-11.33159 -4.329257 -1.795313 
-12.42713 -3.026921 -2.073131 
-12.18504 -3.421996 -2.138004 
-12.05588 -3.69249 -2.001957 
14.84018 3.842292 -1.787695 
14.6227 4.087569 -1.702978 
15.14404 3.557864 -1.557735 
15.2076 2.908242 -1.956421 
14.25905 4.255261 -1.994909 
13.65852 4.524182 -2.290301 
15.21009 2.619881 -2.027727 
13.45995 4.600633 -2.342774 
13.31866 4.691267 -2.163662 
15.28202 2.704094 -1.825432 
15.22441 2.34699 -1.987042 
15.2031 1.955055 -1.935584 
11.96297 5.009407 -2.227588 
11.49749 5.084684 -2.154323 
15.0203 0.7601575 -1.673361 
11.02961 5.127039 -2.226475 
10.7042 5.149749 -2.12263 
10.41426 5.154236 -2.381031 
10.23414 5.169146 -2.14534 
14.7956 -0.2240144 -1.818258 
9.809181 5.184595 -2.360541 
9.441844 5.181964 -2.621872 
9.229593 5.188517 -2.265735 
9.048275 5.192623 -2.408125 
8.774946 5.194526 -2.536626 
8.463066 5.206722 -2.117941 
14.56582 -1.437054 -1.488826 
8.556226 5.200507 -2.619745 
7.994672 5.224976 -2.431135 
7.735006 5.231557 -2.431022 
14.25817 -1.963117 -1.686713 
7.335999 5.241765 -2.408788 
14.07449 -2.42413 -1.280098 
6.465313 5.235226 -2.390814 
6.110749 5.138506 -2.903172 
13.21962 -3.047911 -1.714282 
12.89152 -3.328564 -1.409198 
12.59785 -3.355312 -1.836745 
11.72775 -3.66302 -1.873173 
11.5371 -3.751689 -1.649475 
11.24507 -3.782926 -1.911903 
2.018811 5.102675 -2.371853 
1.779778 5.112687 -2.438016 
1.624643 5.117748 -2.231529 
10.13723 -3.985509 -2.102526 
9.924172 -4.031202 -1.937845 
1.161649 5.075805 -2.734042 
1.067829 5.082143 -2.404255 
9.693863 -4.062781 -1.89957 
0.6477963 5.060985 -2.418768 
0.5811426 5.049111 -2.632079 
0.06786358 5.036539 -2.541388 
8.515308 -4.165405 -1.721652 
-1.209952 4.925987 -2.593091 
-1.472364 4.905554 -2.374962 
6.873747 -4.330502 -1.889436 
-1.745678 4.885084 -2.625719 
-2.088892 4.852004 -2.683162 
-2.608433 4.796372 -2.873287 
-2.689607 4.806438 -2.579666 
-2.947991 4.770387 -2.753009 
5.704123 -4.406904 -1.966876 
-3.671483 4.716422 -2.672987 
-3.962691 4.692814 -2.733415 
4.437898 -4.514515 -1.755193 
-4.426744 4.680623 -2.599132 
3.901827 -4.565556 -1.886975 
3.196185 -4.64745 -1.702779 
-5.282166 4.626291 -2.560854 
-6.026574 4.56076 -2.569368 
-6.304851 4.536517 -2.599986 
-7.785781 4.43005 -2.895279 
-8.73577 4.374693 -2.534118 
-9.037892 4.302168 -2.747114 
-9.773853 4.186206 -2.481213 
-2.682757 -4.741897 -2.11104 
-10.78357 3.711955 -2.932438 
-11.18766 3.666687 -2.209837 
-11.33088 3.522204 -2.396954 
-11.83471 3.036866 -2.497518 
-12.06139 2.826252 -2.328803 
-4.619875 -4.76347 -2.213552 
-5.825464 -4.802099 -2.042082 
-12.31698 2.133289 -2.492027 
-12.38468 1.791947 -2.55778 
-12.29618 1.788124 -2.920825 
-12.28244 1.973117 -2.782292 
-12.37711 1.52916 -2.769304 
-12.48979 1.126519 -2.49732 
-12.46834 1.405259 -2.477191 
-12.5118 0.7075696 -2.522962 
-12.43106 0.8132013 -2.839315 
-12.55616 -0.1761518 -2.444506 
-8.163877 -4.882059 -1.570555 
-12.57361 -1.731552 -2.432508 
-10.00227 -4.685564 -1.923526 
-10.26184 -4.609955 -2.06247 
-12.49813 -2.08525 -2.554647 
-12.3823 -2.430133 -2.718745 
-12.3129 -2.655366 -2.732526 
-10.9877 -4.431694 -1.926206 
-12.31552 -2.929908 -2.425741 
-12.45594 -2.703207 -2.289427 
-11.04656 -4.301537 -2.272286 
-11.37645 -4.147294 -2.210639 
-12.21786 -3.191198 -2.357043 
-11.73519 -3.844091 -2.301136 
-12.02439 -3.468935 -2.398047 
14.86381 3.587043 -2.166077 
15.13417 3.324131 -1.869235 
14.53133 3.992797 -2.13561 
14.23788 4.147789 -2.351624 
13.97234 4.357814 -2.257308 
13.05432 4.765572 -2.242715 
12.69364 4.834174 -2.424225 
11.32501 5.079435 -2.476263 
14.94891 0.8106004 -2.015396 
10.93877 5.101051 -2.663893 
10.61794 5.136118 -2.486783 
10.02812 5.175093 -2.410936 
14.50025 -1.192746 -1.994376 
14.43483 -1.561828 -1.770828 
8.281568 5.21251 -2.48684 
14.31006 -1.747164 -1.873055 
7.466419 5.231559 -2.749466 
7.11709 5.242798 -2.63418 
14.12189 -2.133395 -1.734943 
13.90079 -2.422347 -1.746488 
13.76301 -2.729437 -1.397803 
13.46644 -2.870907 -1.70364 
12.00835 -3.573762 -1.881227 
10.59841 -3.91848 -1.905857 
1.606712 5.10245 -2.62825 
9.262973 -4.085586 -2.267325 
0.6399376 5.032175 -2.949733 
8.804317 -4.121685 -2.245574 
-0.350599 5.01289 -2.553082 
-0.7894677 4.959278 -2.743395 
-1.440987 4.896113 -2.889398 
6.073681 -4.374184 -2.24573 
-3.330821 4.726898 -2.908951 
4.855245 -4.460639 -2.251326 
-4.610994 4.642099 -2.979385 
-5.09679 4.623022 -2.858192 
4.075768 -4.535653 -2.433791 
3.361803 -4.616478 -2.363205 
-5.562615 4.593484 -2.694822 
-5.880373 4.540268 -2.904866 
-6.707982 4.49792 -2.729104 
-7.139047 4.497437 -2.574404 
0.8681697 -4.71978 -2.250077 
-0.08109008 -4.723458 -2.221474 
-0.8885767 -4.724612 -2.204452 
-10.0479 4.079379 -2.662802 
-10.95601 3.581475 -3.06278 
-11.03704 3.628514 -2.691385 
-11.35173 3.415357 -2.70521 
-11.69384 3.24256 -2.367069 
-11.58671 3.139027 -2.922477 
-12.06719 2.500771 -2.807766 
-12.18672 2.301946 -2.702403 
-5.908487 -4.777695 -2.373253 
-12.28204 1.676614 -3.125972 
-12.41102 1.108413 -2.842341 
-12.35901 1.289235 -3.005113 
-7.224082 -4.77878 -2.685185 
-7.221739 -4.823808 -2.201527 
-12.48375 -0.02216567 -2.695841 
-12.42082 -0.8189942 -2.953235 
-12.49259 -0.8922741 -2.686065 
-12.55412 -1.309294 -2.508268 
-12.45329 -1.778885 -2.794424 
-10.41832 -4.505194 -2.364794 
-10.6476 -4.405509 -2.482867 
-12.21557 -2.78894 -2.886191 
-11.0774 -4.12916 -2.771971 
-12.02459 -3.285527 -2.691695 
-12.178 -3.044803 -2.650497 
-11.8622 -3.644272 -2.437014 
-11.82421 -3.508214 -2.787078 
14.64493 3.78108 -2.309494 
14.04467 4.232271 -2.502153 
15.11551 3.165551 -2.044031 
15.01694 2.985491 -2.368097 
13.81935 4.330628 -2.660125 
12.96163 4.724233 -2.634593 
12.21019 4.931931 -2.505286 
15.10976 1.791551 -2.172057 
11.76069 4.990328 -2.67616 
15.04537 1.344691 -2.095374 
14.92391 1.136586 -2.36779 
10.13124 5.144328 -2.804573 
14.87973 0.22242 -1.822719 
14.70353 -0.1392641 -2.187305 
9.82466 5.167235 -2.7331 
8.43689 5.186644 -2.943941 
7.710972 5.216725 -2.902259 
6.635947 5.202499 -2.870192 
13.65321 -2.47584 -2.173836 
13.56762 -2.693229 -1.908303 
13.00926 -2.976292 -2.272355 
12.95547 -3.151206 -1.890137 
12.61815 -3.252083 -2.145702 
12.31465 -3.470096 -1.856372 
11.85231 -3.541526 -2.26717 
11.52484 -3.637031 -2.315961 
11.24135 -3.709354 -2.36209 
10.97582 -3.79961 -2.212556 
2.135724 5.093268 -2.880937 
10.72813 -3.863339 -2.15104 
1.069518 5.041334 -3.086035 
8.213729 -4.183866 -2.066944 
-0.6953007 4.944733 -3.080652 
7.486781 -4.267313 -2.087465 
-1.207945 4.900356 -3.088448 
-1.59635 4.864295 -3.191355 
-2.100342 4.832549 -2.967758 
6.446339 -4.338936 -2.497735 
5.22359 -4.423857 -2.407573 
4.842586 -4.437198 -2.801535 
-3.610157 4.676209 -3.172267 
-4.256035 4.672895 -2.879269 
-4.302447 4.637721 -3.168846 
-4.906609 4.59903 -3.177454 
-5.38032 4.577423 -3.020792 
2.85079 -4.673266 -2.012949 
-5.525032 4.505119 -3.405688 
-6.52965 4.486375 -2.899122 
-6.179489 4.490763 -3.055774 
2.322433 -4.675702 -2.539077 
1.733511 -4.700856 -2.251662 
1.588715 -4.66872 -2.689227 
-7.254343 4.444618 -2.985066 
0.7601139 -4.666099 -2.834307 
0.5482629 -4.719619 -2.279047 
-8.100367 4.335007 -3.318706 
-8.604692 4.325402 -3.018448 
-9.440227 4.193255 -2.950324 
-1.679285 -4.733492 -2.303366 
-9.886523 4.073141 -2.965758 
-1.652815 -4.686906 -2.792341 
-10.16239 3.969395 -3.025115 
-10.50658 3.786747 -3.218242 
-2.527225 -4.69564 -2.604882 
-3.839087 -4.737431 -2.282029 
-4.82841 -4.711602 -2.794168 
-11.69212 2.853116 -3.37396 
-11.90314 2.808347 -2.776365 
-6.37935 -4.775086 -2.543848 
-12.31134 1.156944 -3.362841 
-8.082794 -4.784587 -2.499429 
-12.41309 0.1388785 -2.980613 
-8.735464 -4.703306 -2.795753 
-9.661803 -4.615749 -2.612084 
-10.06461 -4.545072 -2.600691 
-12.25124 -2.530489 -3.098347 
-10.80006 -4.229911 -2.911682 
-11.22392 -3.991398 -2.921533 
-11.53411 -3.978593 -2.363205 
14.82411 3.490574 -2.365433 
14.8532 3.397646 -2.408137 
14.32305 3.945118 -2.641391 
13.64552 4.430795 -2.658763 
13.4492 4.515759 -2.73169 
13.19125 4.654539 -2.598799 
15.14318 2.301594 -2.215467 
15.06707 2.726896 -2.353673 
12.97713 4.63161 -3.02114 
12.6677 4.771736 -2.816008 
12.30504 4.8537 -2.877748 
14.99126 1.540723 -2.385746 
11.21334 5.037712 -2.938763 
14.88553 0.8557332 -2.278163 
14.74377 0.3518643 -2.394922 
10.87739 5.061808 -3.043336 
10.64587 5.104424 -2.856405 
10.35604 5.124367 -2.890501 
9.540275 5.153069 -3.012766 
9.101839 5.174934 -2.877512 
8.831031 5.173637 -2.946006 
14.35391 -1.451977 -2.118747 
7.982513 5.203017 -2.945693 
7.959985 5.174386 -3.232472 
14.17641 -1.558153 -2.410121 
14.17926 -1.928446 -1.939236 
7.139527 5.225958 -2.933866 
13.89042 -2.271945 -2.040236 
7.018835 5.184514 -3.267845 
6.827614 5.229312 -2.78156 
13.79583 -2.151752 -2.422501 
13.36872 -2.726508 -2.220658 
2.484152 5.061026 -2.485818 
2.363252 5.08041 -3.000783 
2.211608 5.084659 -3.163459 
10.497 -3.844157 -2.6749 
1.771229 5.096317 -2.847841 
10.32209 -3.928862 -2.320631 
1.487693 5.070582 -3.003667 
8.943322 -4.077712 -2.677391 
0.2603393 5.001762 -3.123118 
8.442225 -4.145736 -2.37397 
-0.194442 4.99288 -3.028417 
-0.5218295 4.91683 -3.483271 
-0.9626752 4.892503 -3.37491 
7.171869 -4.278239 -2.546579 
6.657784 -4.309569 -2.701464 
-1.988297 4.816856 -3.251816 
-2.585751 4.757775 -3.246578 
-2.87085 4.737278 -3.210749 
5.230197 -4.392898 -2.967565 
-3.243434 4.714676 -3.118778 
-3.655239 4.634232 -3.465787 
2.902497 -4.637306 -2.672221 
-5.937778 4.469106 -3.333631 
-6.590685 4.425581 -3.264503 
-6.902577 4.412729 -3.278194 
-7.93516 4.28111 -3.663761 
0.006543525 -4.65676 -2.877682 
-8.888371 4.265325 -3.130055 
-0.8357919 -4.681534 -2.711171 
-9.19872 4.162399 -3.375233 
-9.600901 4.086637 -3.295067 
-9.918087 3.943936 -3.50427 
-10.26062 3.800536 -3.589358 
-10.63263 3.597289 -3.691639 
-11.0744 3.445374 -3.283967 
-3.836298 -4.65005 -3.150576 
-4.282419 -4.695288 -2.859375 
-11.75569 2.948392 -2.914496 
-5.269918 -4.696991 -3.008864 
-5.36627 -4.753804 -2.507203 
-12.10269 2.279319 -3.056799 
-12.20475 2.014194 -3.065304 
-12.27474 1.076395 -3.629768 
-12.33192 0.7599941 -3.349361 
-12.28627 0.4441634 -3.593869 
-8.413323 -4.744273 -2.688932 
-8.607251 -4.626159 -3.380172 
-9.146846 -4.601099 -3.140449 
-12.41954 -1.589804 -2.951375 
-12.35362 -1.801221 -3.182013 
-9.785779 -4.516206 -3.050133 
-10.2099 -4.376536 -3.231899 
-12.37378 -2.118661 -2.959825 
-12.22613 -2.134132 -3.584224 
-12.28601 -2.36449 -3.129259 
-12.07999 -2.988549 -3.040953 
-11.34916 -3.865386 -3.035975 
-11.63303 -3.713634 -2.788869 
14.54205 3.63737 -2.71063 
14.0583 4.068204 -2.875298 
14.87546 3.179634 -2.546315 
14.52586 3.5108 -2.890622 
13.80667 4.225764 -2.952057 
13.51332 4.415821 -2.959198 
14.62048 3.031558 -3.091281 
14.88798 2.839234 -2.69004 
14.9091 2.246091 -2.750919 
15.00327 1.845375 -2.482126 
12.36434 4.765963 -3.215239 
11.8917 4.876882 -3.189392 
10.98472 4.975998 -3.48571 
14.74378 0.9398665 -2.745503 
10.60607 5.040836 -3.337047 
10.08033 5.10514 -3.213239 
14.60394 -0.03474652 -2.539172 
9.799357 5.120522 -3.220109 
14.57299 -0.6889103 -2.20845 
14.44457 -0.9408746 -2.353468 
8.759503 5.116444 -3.462812 
14.28218 -1.211631 -2.507974 
8.501861 5.147762 -3.28503 
7.517467 5.195288 -3.17031 
6.817361 5.151145 -3.410148 
13.46899 -2.446894 -2.550864 
13.03787 -2.8314 -2.540612 
12.70354 -3.069705 -2.517907 
12.24981 -3.275155 -2.629942 
12.29092 -3.377899 -2.249783 
11.89425 -3.449795 -2.561424 
11.01038 -3.725866 -2.591361 
10.74547 -3.778356 -2.694852 
2.66685 5.042761 -3.286431 
2.454745 5.061296 -3.183505 
10.05984 -3.910893 -2.95939 
1.873143 5.060575 -3.315971 
9.892541 -3.988155 -2.551119 
1.231469 4.984899 -3.582881 
9.588227 -4.039001 -2.472681 
0.5756533 4.983912 -3.404635 
8.636925 -4.073536 -3.019141 
0.2169199 4.946671 -3.542779 
-0.2179499 4.914949 -3.634731 
7.959756 -4.179269 -2.679579 
7.547573 -4.230532 -2.666373 
-1.680177 4.825483 -3.478442 
-2.357638 4.73306 -3.573248 
6.035069 -4.353366 -2.767437 
-2.775134 4.684288 -3.615108 
-3.086482 4.627237 -3.737466 
-3.209268 4.663944 -3.482887 
-4.065825 4.605487 -3.462872 
-4.682988 4.536516 -3.652615 
3.764571 -4.53253 -3.144773 
-4.668166 4.579799 -3.426242 
-5.231526 4.51113 -3.539246 
-5.494427 4.444548 -3.713165 
2.356599 -4.655681 -2.794812 
-6.058445 4.382551 -3.694398 
-6.375372 4.377504 -3.569568 
-7.502783 4.364877 -3.396323 
-8.428682 4.243518 -3.566747 
-9.427198 4.012629 -3.787198 
-9.653511 3.985999 -3.655872 
-2.051114 -4.662794 -2.963593 
-3.079644 -4.643798 -3.066984 
-10.71633 3.500243 -3.849762 
-11.19494 3.307209 -3.457449 
-11.33419 3.16673 -3.532001 
-11.49484 3.012351 -3.542061 
-11.67204 2.753199 -3.697305 
-11.93037 2.570365 -3.176434 
-5.827952 -4.707395 -3.028986 
-12.2024 1.642614 -3.705748 
-6.922564 -4.727822 -3.095369 
-12.21177 0.9636447 -3.977109 
-7.44322 -4.712175 -3.222221 
-12.35842 -0.6785448 -3.214415 
-12.25532 -1.628942 -3.660184 
-10.5401 -4.341996 -2.893827 
-12.05068 -2.80481 -3.502195 
-11.81521 -3.253323 -3.379518 
-11.92796 -3.275225 -2.982973 
-11.70724 -3.47662 -3.173534 
14.51814 3.319944 -3.086278 
14.2944 3.785846 -2.957994 
13.36686 4.371287 -3.299158 
13.29501 4.492071 -3.051477 
14.92702 2.471578 -2.703053 
13.01976 4.510872 -3.361639 
12.67101 4.577579 -3.562244 
14.89405 1.961818 -2.764425 
12.38314 4.678749 -3.531347 
14.88742 1.37995 -2.599001 
11.5773 4.942096 -3.173603 
14.68865 1.217971 -3.000978 
14.5704 0.4234513 -2.894756 
14.48424 -0.2602588 -2.690225 
9.188651 5.121014 -3.361278 
8.330651 5.103226 -3.662015 
7.734784 5.1483 -3.489921 
14.00891 -1.542733 -2.745286 
13.94606 -1.9013 -2.467782 
7.282466 5.143542 -3.569455 
13.61414 -2.12953 -2.759137 
13.20095 -2.552866 -2.798127 
12.64532 -2.944073 -2.873788 
12.40287 -3.103511 -2.859635 
11.63168 -3.433728 -2.948621 
11.42009 -3.59146 -2.667547 
11.03084 -3.60964 -3.086349 
10.72767 -3.697078 -3.136904 
2.385084 5.04324 -3.542594 
2.146582 5.05395 -3.506505 
1.856516 4.997881 -3.765338 
1.429185 4.955693 -3.800549 
9.061965 -4.019597 -3.139133 
0.5915876 4.934522 -3.748716 
0.02098365 4.883927 -3.871274 
8.128242 -4.128891 -3.032948 
-0.6825697 4.848226 -3.829528 
7.137141 -4.243988 -2.992988 
-1.187019 4.854045 -3.573031 
-1.542324 4.787747 -3.852501 
6.477464 -4.298534 -3.036129 
-2.000562 4.7671 -3.623378 
5.898385 -4.314616 -3.38781 
5.044493 -4.385905 -3.267068 
-3.620905 4.567645 -3.84211 
-3.890737 4.564085 -3.742344 
-4.390737 4.508263 -3.886365 
4.327047 -4.475859 -3.067887 
3.298508 -4.586945 -2.969839 
2.128937 -4.631868 -3.062643 
-6.218097 4.303524 -3.914852 
-6.708189 4.342131 -3.669984 
1.506199 -4.628783 -3.073699 
-7.116409 4.322688 -3.711702 
0.4213222 -4.626831 -3.125248 
-7.776165 4.242263 -3.868676 
-8.411981 4.155704 -3.930218 
-0.474574 -4.628129 -3.179595 
-8.703534 4.147026 -3.803204 
-9.046548 4.12171 -3.680853 
-0.9837986 -4.629922 -3.191126 
-9.929399 3.854054 -3.815571 
-11.03943 3.333806 -3.695813 
-11.48811 2.858591 -3.923291 
-4.884582 -4.60518 -3.649106 
-11.80556 2.574314 -3.667213 
-11.82937 2.354594 -4.032288 
-11.95049 2.263536 -3.802181 
-12.10314 1.939509 -3.752699 
-6.300122 -4.68472 -3.306187 
-12.18355 1.330037 -4.064692 
-12.23245 1.295435 -3.761889 
-6.901267 -4.637059 -3.744573 
-7.963141 -4.667986 -3.401244 
-12.2012 -0.2733126 -3.946751 
-12.25598 -0.4380354 -3.708874 
-12.23304 -0.8400933 -3.818782 
-12.2606 -0.8670338 -3.677016 
-10.64841 -4.124195 -3.556494 
-10.37212 -4.219566 -3.640818 
-12.11236 -2.546934 -3.656388 
-11.54027 -3.711731 -3.013355 
-11.97016 -3.09409 -3.213361 
13.99264 3.936369 -3.202867 
13.73452 4.138323 -3.260148 
14.31493 3.580742 -3.173185 
13.50122 4.221074 -3.440434 
14.58582 2.873622 -3.228074 
14.67959 2.603529 -3.148898 
11.69217 4.827866 -3.597877 
14.58886 1.738914 -3.325924 
11.29089 4.886938 -3.665778 
14.47757 0.6235669 -3.180162 
10.3104 5.03157 -3.542709 
14.45851 0.03741198 -2.929122 
14.5649 0.2569615 -2.809494 
9.937672 4.980337 -3.978776 
14.30808 -0.3818243 -2.999121 
9.757898 5.049389 -3.689199 
14.34731 -0.8504397 -2.639036 
9.359406 5.076986 -3.628619 
8.767767 5.066785 -3.783571 
14.16627 -0.8229183 -3.014968 
13.88973 -1.17067 -3.254973 
14.14481 -1.356511 -2.671003 
7.972576 5.118311 -3.642941 
13.91954 -1.445132 -2.992579 
7.480348 5.063992 -4.011071 
7.03594 5.10887 -3.746805 
13.63152 -1.895842 -3.010717 
6.54458 5.093425 -3.586139 
13.34595 -2.233428 -3.039671 
12.92312 -2.506509 -3.245028 
12.94655 -2.703605 -2.909629 
11.85075 -3.232946 -3.22539 
11.72733 -3.32784 -3.130623 
11.3013 -3.524514 -3.057214 
2.638029 5.027285 -3.671304 
2.526866 5.016792 -3.879347 
2.339315 5.014406 -3.818179 
2.272759 4.977691 -4.041251 
10.33795 -3.786741 -3.279006 
10.02114 -3.870008 -3.29307 
9.651139 -3.960758 -3.138325 
1.615281 4.911991 -4.073792 
9.542626 -3.937126 -3.399637 
1.366716 4.882995 -4.133535 
8.791415 -4.00085 -3.495396 
0.1754992 4.836452 -4.123084 
7.79772 -4.141095 -3.289541 
-0.6769222 4.794716 -4.105859 
7.275807 -4.172948 -3.494444 
-1.085256 4.793854 -3.984197 
6.637553 -4.238525 -3.481913 
-2.099752 4.691801 -3.940172 
-2.491174 4.658121 -3.887508 
-2.904664 4.589252 -3.989535 
4.641477 -4.382308 -3.77548 
-4.675216 4.467005 -3.951295 
-5.197721 4.435342 -3.887159 
2.770743 -4.598013 -3.210362 
-5.807226 4.362954 -3.896406 
2.025716 -4.564456 -3.579142 
0.9398711 -4.600732 -3.335031 
-7.493721 4.249544 -3.896503 
-7.81845 4.176324 -4.075225 
0.3354192 -4.557049 -3.595682 
-8.078236 4.187865 -3.962136 
-0.8342928 -4.557618 -3.698483 
-8.867558 4.038866 -4.068292 
-9.212775 3.950058 -4.126061 
-9.722134 3.862823 -3.987987 
-1.578284 -4.61869 -3.344902 
-10.08624 3.683204 -4.144227 
-2.519082 -4.610491 -3.313224 
-10.29489 3.695674 -3.897209 
-3.13639 -4.56881 -3.659522 
-10.73084 3.45003 -3.964242 
-11.01206 3.192145 -4.095957 
-4.355204 -4.6072 -3.59734 
-11.23812 3.076781 -3.960241 
-11.66654 2.596658 -4.020249 
-5.595645 -4.637475 -3.521112 
-5.92198 -4.598546 -3.823814 
-12.06174 1.836633 -4.083362 
-12.18797 1.535176 -3.921986 
-12.19119 1.13995 -4.023505 
-7.254715 -4.630332 -3.792719 
-12.21648 0.277467 -3.89415 
-12.17807 -0.02979325 -4.044591 
-12.23302 -0.0554064 -3.839865 
-8.157085 -4.593013 -3.765912 
-12.16349 -0.6983563 -4.063427 
-9.256826 -4.47855 -3.71249 
-9.652234 -4.411584 -3.675135 
-9.970995 -4.384961 -3.503039 
-12.18378 -1.990538 -3.852576 
-12.09887 -2.342337 -3.933524 
-10.88514 -3.963831 -3.695235 
-11.12322 -3.813069 -3.698442 
-11.62336 -3.245278 -3.978245 
-11.76201 -3.131528 -3.833449 
14.00821 3.770381 -3.403267 
14.25667 3.436202 -3.390275 
13.94821 3.542771 -3.707387 
13.74059 3.710835 -3.814099 
13.61397 3.968353 -3.687098 
14.39411 3.170503 -3.373626 
14.09402 3.221453 -3.746271 
13.44723 4.090247 -3.709451 
13.20343 4.320889 -3.592203 
12.98187 4.410218 -3.660046 
14.66675 2.237762 -3.215744 
14.46882 2.348628 -3.527681 
11.97544 4.76396 -3.616242 
11.91742 4.66228 -3.967419 
11.53453 4.796526 -3.82525 
14.48156 1.272626 -3.408618 
14.43736 0.9888862 -3.399121 
10.91374 4.902166 -3.858293 
10.6052 4.949365 -3.822161 
10.21619 4.919947 -4.104304 
14.33406 0.3933306 -3.351939 
14.18832 -0.3173061 -3.260433 
13.65539 -1.512885 -3.332685 
13.3004 -1.88854 -3.476552 
6.6784 5.040562 -3.978375 
6.440036 5.009815 -4.043625 
13.18541 -2.077935 -3.436897 
12.88979 -2.386573 -3.448053 
12.6143 -2.838721 -3.108988 
12.60358 -2.647362 -3.432265 
12.24972 -3.034112 -3.190546 
11.1548 -3.50296 -3.299417 
3.197207 5.001677 -3.302757 
10.8028 -3.576873 -3.493491 
10.48211 -3.71999 -3.381535 
2.160946 4.917715 -4.275641 
1.890967 4.95121 -4.023815 
9.672153 -3.842297 -3.791638 
9.139318 -3.954497 -3.551272 
0.8495076 4.909006 -3.959655 
0.5583463 4.829171 -4.236967 
8.386715 -4.054527 -3.42552 
8.149708 -4.030604 -3.76957 
-0.29405 4.84104 -4.037063 
7.813724 -4.08185 -3.707232 
-1.563286 4.744923 -4.060946 
-1.979784 4.64909 -4.176096 
6.382867 -4.233483 -3.749222 
5.801708 -4.247427 -4.028971 
-2.277913 4.59004 -4.248554 
-2.636476 4.557124 -4.217987 
-3.145885 4.557018 -4.028627 
5.027733 -4.336939 -3.828224 
-3.50635 4.500867 -4.13933 
4.252518 -4.441051 -3.595042 
-4.05388 4.478838 -4.073221 
4.079306 -4.43499 -3.821422 
-4.586676 4.427448 -4.120943 
-5.121012 4.355688 -4.178263 
3.503361 -4.50897 -3.624854 
3.260272 -4.49461 -3.843008 
-5.386864 4.362577 -4.0566 
2.476978 -4.57313 -3.50294 
-5.720966 4.265971 -4.197426 
-6.139393 4.227643 -4.166986 
-6.509813 4.240465 -4.044651 
1.602438 -4.564046 -3.540339 
-6.849061 4.251317 -3.991577 
-7.037185 4.188725 -4.142682 
-7.242871 4.231012 -4.015563 
-8.25379 4.08288 -4.177118 
-0.2434801 -4.560175 -3.634776 
-8.501342 4.049486 -4.193103 
-1.439479 -4.564784 -3.696335 
-8.907276 3.909699 -4.348094 
-9.316009 3.9702 -4.015237 
-2.177786 -4.553952 -3.714731 
-9.869138 3.704439 -4.246006 
-10.43926 3.496671 -4.217406 
-3.106368 -4.50674 -4.022023 
-10.72823 3.350025 -4.17392 
-3.650484 -4.55945 -3.765401 
-3.9521 -4.577343 -3.707491 
-11.22034 2.945679 -4.25309 
-11.41449 2.773741 -4.213952 
-5.226265 -4.598716 -3.733597 
-11.61721 2.447328 -4.33382 
-11.952 2.147043 -4.013163 
-11.83022 2.213194 -4.240068 
-11.99663 1.854033 -4.240691 
-12.16361 1.461995 -4.071213 
-6.509804 -4.629731 -3.696636 
-12.17014 0.9447308 -4.182849 
-12.17323 0.8455707 -4.113227 
-12.13092 -0.1088145 -4.20984 
-12.09284 0.2828865 -4.305629 
-8.434345 -4.508682 -4.041139 
-8.705154 -4.549137 -3.7225 
-12.16161 -0.8461323 -4.11215 
-8.959597 -4.457843 -3.973851 
-12.17798 -1.065926 -4.017579 
-12.17702 -1.264694 -4.022972 
-12.17636 -1.668936 -3.97958 
-10.07557 -4.237953 -3.940686 
-10.35073 -4.117043 -4.00676 
-12.10247 -2.059547 -4.100226 
-10.88649 -3.837731 -4.060895 
-12.01283 -2.63981 -3.909108 
-11.3032 -3.624124 -3.839925 
-11.87847 -2.977082 -3.794362 
13.51261 3.801853 -3.977526 
13.00833 4.206037 -3.978487 
14.28546 2.865824 -3.663783 
13.76613 3.476491 -3.965073 
13.13545 4.038956 -4.072403 
14.39226 2.632386 -3.585723 
13.9649 3.099848 -3.960318 
12.68705 4.48173 -3.782354 
12.32269 4.622613 -3.755388 
14.5513 1.997402 -3.411157 
12.23593 4.531405 -4.039837 
11.63618 4.675936 -4.104365 
14.26064 1.401899 -3.789427 
11.14256 4.814941 -4.034739 
10.87217 4.809063 -4.195902 
14.2365 1.072405 -3.754529 
14.13737 0.4957172 -3.72246 
9.820796 4.90694 -4.300234 
14.18886 0.04622453 -3.444351 
13.94566 -0.09821003 -3.769917 
9.481898 4.989151 -4.076206 
13.99558 -0.5814359 -3.452335 
9.121583 4.997247 -4.102344 
13.82157 -0.5281565 -3.739826 
8.67131 5.009941 -4.102105 
13.87088 -0.9241936 -3.448618 
8.396498 5.023075 -4.089194 
13.5759 -0.6928932 -3.977207 
7.823081 5.069349 -3.942863 
8.219528 4.985534 -4.250993 
7.700795 5.002811 -4.220868 
13.47802 -1.651641 -3.457425 
13.44886 -1.396184 -3.703032 
7.230313 5.001973 -4.24507 
7.051346 5.038395 -4.093202 
13.17197 -1.68944 -3.801127 
12.91683 -2.089214 -3.737189 
12.54344 -2.408543 -3.79487 
12.37259 -2.828835 -3.411 
12.20693 -2.736988 -3.727475 
11.80079 -2.964665 -3.785025 
11.60806 -3.140302 -3.677075 
11.45811 -3.329287 -3.429918 
3.678821 4.965805 -3.919587 
3.317639 4.979489 -3.846607 
3.124066 4.975244 -3.958389 
2.839592 5.007243 -3.805797 
2.934996 4.981168 -3.933521 
10.38695 -3.683421 -3.648125 
2.670671 4.987442 -4.050667 
2.459652 4.967177 -4.188755 
9.809687 -3.853344 -3.618978 
1.446505 4.788289 -4.462054 
9.436139 -3.885234 -3.743383 
9.073578 -3.895537 -3.89118 
8.596297 -3.97282 -3.785952 
0.280224 4.778877 -4.346172 
-0.2007741 4.797019 -4.245273 
-1.163787 4.72661 -4.279702 
6.82493 -4.168149 -3.858619 
-1.486789 4.685198 -4.335104 
-1.685785 4.652459 -4.33025 
-1.99305 4.543624 -4.470469 
-2.436673 4.522431 -4.361785 
-2.780193 4.461393 -4.418678 
-3.060816 4.490682 -4.266009 
-3.41777 4.435208 -4.345615 
-3.888495 4.426843 -4.258584 
-4.309543 4.368097 -4.329128 
-4.69168 4.349861 -4.289633 
-5.130082 4.22356 -4.445673 
-5.342544 4.229754 -4.374028 
-5.813642 4.132225 -4.440573 
2.140245 -4.504169 -3.916416 
-6.232827 4.139539 -4.324791 
1.828792 -4.497085 -3.939211 
-6.633003 4.151385 -4.239613 
1.296503 -4.506564 -3.870863 
-6.650012 4.071301 -4.39651 
-7.123784 3.99581 -4.510345 
-7.306685 4.102457 -4.310035 
0.8114652 -4.492702 -3.948282 
0.4444374 -4.454454 -4.131546 
-7.530295 4.12698 -4.221256 
-7.594429 4.03224 -4.397077 
-8.020289 4.097311 -4.221722 
-7.939552 3.961175 -4.492374 
-8.259895 3.994186 -4.357808 
-0.3553914 -4.502837 -3.976679 
-0.8653084 -4.501301 -4.008461 
-8.594667 3.902247 -4.452072 
-1.362797 -4.494741 -4.06912 
-9.229875 3.828494 -4.361326 
-9.675487 3.664225 -4.43793 
-9.566913 3.605394 -4.574495 
-9.519452 3.836728 -4.208684 
-1.956401 -4.497427 -4.027881 
-2.634752 -4.468536 -4.183026 
-2.736534 -4.521401 -3.92481 
-10.48613 3.292271 -4.51615 
-10.15174 3.515069 -4.413201 
-3.560133 -4.504004 -4.047931 
-10.70751 3.247262 -4.37956 
-3.931637 -4.509666 -4.076422 
-10.95433 3.048974 -4.433799 
-4.394472 -4.532938 -4.059317 
-11.39879 2.552125 -4.52594 
-11.66885 2.229754 -4.488919 
-11.85956 1.9061 -4.460533 
-6.406849 -4.54495 -4.087713 
-12.04175 1.60168 -4.336002 
-12.08218 1.272369 -4.326782 
-11.96556 1.325015 -4.56942 
-12.05202 1.144334 -4.47611 
-6.700958 -4.545495 -4.148046 
-12.10329 1.096293 -4.303185 
-12.03288 1.013059 -4.459254 
-12.10769 0.919316 -4.297915 
-12.12157 0.7480419 -4.285167 
-7.531265 -4.575684 -4.011296 
-12.13797 0.5358237 -4.201409 
-12.07428 0.4168851 -4.406899 
-7.64813 -4.510893 -4.240859 
-12.04413 0.1183205 -4.423475 
-12.06272 -0.09848929 -4.381973 
-8.097612 -4.505208 -4.143354 
-12.10199 -0.2888377 -4.301282 
-11.94504 -0.2324147 -4.613606 
-12.10091 -0.4696438 -4.260467 
-11.99093 -0.4459746 -4.505977 
-12.06808 -0.7854005 -4.366611 
-12.0513 -0.6996018 -4.437089 
-12.10994 -0.8671262 -4.2434 
-12.11274 -1.03942 -4.234159 
-12.13315 -1.225774 -4.232022 
-12.01099 -1.149107 -4.483024 
-12.10628 -1.33633 -4.268329 
-9.795709 -4.308468 -3.950827 
-9.564606 -4.24569 -4.314866 
-12.03934 -1.497913 -4.40658 
-10.1567 -4.099769 -4.254769 
-12.10976 -1.689564 -4.181551 
-10.54727 -3.975367 -4.186521 
-11.00716 -3.709685 -4.184932 
-11.90242 -2.705357 -4.12746 
-11.95201 -2.483565 -4.221148 
-11.17007 -3.489737 -4.377895 
-11.47818 -3.429545 -3.924959 
-11.34263 -3.367929 -4.305114 
-11.56026 -3.145757 -4.2708 
-11.7917 -2.861269 -4.209998 
13.52928 3.610671 -4.11015 
13.09905 3.826347 -4.303692 
12.64002 4.256504 -4.189628 
12.76723 4.379867 -3.906283 
14.14906 2.645188 -3.908283 
13.85286 2.866228 -4.16996 
13.50183 3.295732 -4.321258 
12.44478 4.449643 -4.032993 
12.21593 4.426258 -4.224244 
14.22499 2.289089 -3.877195 
14.25086 1.975098 -3.854929 
11.38433 4.714787 -4.155239 
14.13991 1.667017 -3.987442 
13.95578 1.770486 -4.219536 
10.67772 4.834168 -4.19766 
13.96329 0.75988 -4.056813 
10.46609 4.811418 -4.355422 
13.90326 0.4428383 -4.039578 
9.357934 4.90158 -4.415382 
13.65612 -0.2705505 -4.082842 
8.915401 4.944437 -4.325933 
13.56478 -1.168946 -3.717505 
13.11857 -1.163343 -4.219192 
6.580641 4.973924 -4.273623 
6.224529 4.950422 -4.316667 
6.005612 5.003488 -3.840276 
12.57243 -2.182648 -3.997606 
11.99002 -2.457021 -4.242363 
11.98983 -2.648326 -4.037218 
11.71193 -2.8368 -4.049125 
11.19787 -3.052687 -4.192248 
11.2563 -3.253162 -3.797589 
4.044241 4.912727 -4.285831 
10.87783 -3.355731 -3.967541 
3.679358 4.917088 -4.510512 
3.510043 4.905787 -4.600047 
11.09379 -3.427292 -3.578188 
3.329551 4.944537 -4.218548 
3.22051 4.909653 -4.457001 
10.6667 -3.569694 -3.673711 
10.66159 -3.484066 -3.904675 
3.054635 4.946841 -4.207019 
2.866091 4.93967 -4.269675 
10.24816 -3.653323 -3.896647 
2.741471 4.911879 -4.389131 
2.42767 4.93172 -4.340072 
10.10651 -3.774815 -3.649988 
2.15248 4.832127 -4.519194 
1.847401 4.860789 -4.36337 
1.788374 4.766686 -4.588075 
9.411263 -3.825 -3.996148 
1.157925 4.807002 -4.39626 
8.823321 -3.897593 -4.008491 
0.8878871 4.811832 -4.362853 
8.535793 -3.909442 -4.088862 
0.5531474 4.775468 -4.427917 
8.281063 -3.962873 -4.021233 
0.2874687 4.707473 -4.540524 
7.987854 -3.999031 -4.021371 
0.01651059 4.691387 -4.561817 
7.66433 -4.03687 -4.046363 
-0.3692136 4.734103 -4.424807 
7.44375 -4.086716 -3.928688 
-0.8714151 4.734143 -4.306631 
7.187363 -4.10773 -3.975381 
-1.09503 4.666311 -4.471948 
6.459801 -4.171999 -4.082197 
-1.533398 4.563541 -4.607142 
6.149343 -4.222072 -3.994283 
-2.272573 4.477026 -4.533152 
5.32038 -4.288266 -4.048315 
-3.056126 4.381847 -4.510929 
4.806029 -4.314045 -4.134084 
4.480118 -4.339609 -4.204063 
-3.726074 4.3354 -4.489787 
4.155832 -4.347383 -4.305477 
-3.904705 4.262183 -4.587997 
3.833527 -4.432834 -4.016782 
-4.262178 4.15449 -4.704553 
-4.491055 4.241162 -4.533577 
3.000205 -4.451759 -4.134006 
-4.907985 4.148736 -4.604729 
-4.67596 4.086444 -4.733153 
2.767429 -4.497463 -3.933129 
-5.06808 3.999123 -4.771734 
-5.440385 4.004802 -4.693081 
2.399262 -4.525118 -3.820599 
-5.393484 4.096743 -4.578087 
-5.640953 3.917615 -4.758113 
2.263431 -4.44303 -4.182847 
-5.958822 4.038012 -4.552487 
-6.020295 3.849623 -4.772754 
-6.333186 3.904965 -4.665527 
-6.362947 4.060198 -4.440351 
-6.536251 3.967428 -4.563182 
-6.836329 3.866022 -4.68351 
1.036843 -4.437819 -4.184191 
-6.660279 3.763206 -4.800796 
-7.294991 3.756644 -4.785961 
-7.54178 3.922549 -4.571639 
0.05853165 -4.444638 -4.193545 
-7.969429 3.81232 -4.674031 
0.02854224 -4.504852 -3.918571 
-8.078599 3.68862 -4.799527 
-0.342535 -4.446302 -4.228034 
-8.265856 3.909035 -4.498264 
-0.7327939 -4.465856 -4.156596 
-8.325157 3.824294 -4.602686 
-0.9944724 -4.434872 -4.310786 
-8.479985 3.710822 -4.713852 
-8.803078 3.498371 -4.868742 
-8.828996 3.675164 -4.688703 
-9.159616 3.531062 -4.772302 
-9.149266 3.710465 -4.565233 
-9.574902 3.431682 -4.75935 
-1.724837 -4.423091 -4.334079 
-9.88124 3.467049 -4.608844 
-10.11246 3.267351 -4.739904 
-3.09381 -4.440711 -4.299004 
-9.653363 3.298749 -4.860331 
-10.10742 3.140435 -4.858844 
-10.25493 3.31123 -4.62649 
-3.555672 -4.438569 -4.313515 
-10.42596 3.08398 -4.77881 
-10.72715 2.889145 -4.779269 
-10.80683 3.028549 -4.595068 
-3.906725 -4.453139 -4.302104 
-11.07009 2.705672 -4.692336 
-11.15342 2.812841 -4.508706 
-11.18457 2.459287 -4.798674 
-4.862405 -4.49981 -4.21581 
-11.47976 2.256038 -4.680458 
-5.431059 -4.546359 -4.038142 
-5.611987 -4.498586 -4.251612 
-11.67214 1.915372 -4.68579 
-11.63823 1.614627 -4.834554 
-11.89433 1.650622 -4.558136 
-6.318384 -4.469709 -4.338318 
-11.81706 1.423504 -4.723041 
-11.90883 1.003313 -4.705144 
-11.77657 1.094361 -4.820775 
-7.127438 -4.501284 -4.306211 
-11.88522 0.7134405 -4.664576 
-11.96866 0.8363091 -4.55509 
-7.166325 -4.577008 -4.050911 
-7.428897 -4.46069 -4.394819 
-11.87661 0.2640854 -4.701349 
-12.03012 0.603593 -4.450179 
-11.95902 0.1599498 -4.604436 
-11.97885 -0.02573876 -4.609942 
-7.964408 -4.405596 -4.464604 
-11.9246 -0.1243266 -4.699734 
-11.85471 -0.4843544 -4.715959 
-11.98375 -0.745437 -4.539176 
-8.796671 -4.39193 -4.274024 
-12.00348 -0.9314524 -4.54504 
-11.85278 -0.7926545 -4.73161 
-11.92947 -1.134078 -4.67413 
-9.38525 -4.353936 -4.111975 
-9.129114 -4.289908 -4.41094 
-11.99106 -1.276832 -4.505291 
-11.87216 -1.384566 -4.691756 
-11.90732 -1.712783 -4.612505 
-12.043 -1.945952 -4.294369 
-10.20591 -4.01194 -4.40945 
-11.8858 -2.022551 -4.590315 
-10.50977 -3.80117 -4.555443 
-11.99774 -2.23998 -4.275913 
-10.68828 -3.807402 -4.385856 
-11.76017 -2.745984 -4.386551 
-11.8073 -2.439077 -4.531002 
-11.38622 -3.178215 -4.511515 
-11.63858 -2.82732 -4.533082 
13.33234 3.601407 -4.291066 
13.63404 3.103311 -4.291882 
12.73172 4.097208 -4.312905 
13.12694 3.423501 -4.54857 
12.83218 3.877453 -4.452903 
13.90937 2.416974 -4.229817 
12.48877 3.983253 -4.581378 
12.42907 4.218742 -4.369593 
13.69186 2.524811 -4.418972 
12.10622 4.222485 -4.562129 
11.89546 4.580289 -4.162138 
13.95561 2.064378 -4.216866 
11.834 4.357283 -4.544777 
11.57239 4.457397 -4.540095 
11.35685 4.639189 -4.333139 
11.2047 4.512644 -4.621332 
11.08002 4.703063 -4.345168 
13.93664 1.444578 -4.219556 
13.6851 1.321475 -4.476874 
13.98138 1.217769 -4.137042 
10.30518 4.703377 -4.631345 
9.998687 4.82866 -4.469275 
13.73254 0.4837493 -4.261033 
13.47848 -0.01435038 -4.383231 
8.979242 4.887978 -4.487193 
8.499616 4.906958 -4.460915 
8.051023 4.785844 -4.74894 
7.75878 4.93855 -4.405499 
13.30531 -0.9495616 -4.150319 
7.753285 4.853175 -4.606234 
7.294538 4.959214 -4.386603 
7.37602 4.848275 -4.647783 
6.894215 4.946534 -4.404979 
12.89593 -1.611115 -4.144065 
7.114456 4.883774 -4.554901 
6.585427 4.879454 -4.579642 
6.483407 4.928924 -4.449291 
6.375777 4.818316 -4.719056 
6.121898 4.869173 -4.578576 
6.066747 4.930513 -4.326981 
12.74618 -1.922784 -4.058619 
6.134937 4.801765 -4.746994 
5.866778 4.937542 -4.230238 
5.608918 4.949282 -3.990353 
5.651509 4.893944 -4.410201 
12.29754 -2.10894 -4.298763 
5.385514 4.898314 -4.198484 
11.76389 -2.630404 -4.246066 
4.133905 4.850667 -4.683939 
3.909778 4.859304 -4.790433 
10.63442 -3.251577 -4.361328 
11.03588 -3.22837 -4.054445 
3.414864 4.854155 -4.785313 
2.979243 4.888482 -4.495528 
3.185447 4.850797 -4.689564 
10.45726 -3.477712 -4.115623 
2.627832 4.76371 -4.769239 
2.647286 4.844191 -4.589057 
2.341258 4.863712 -4.515742 
9.841944 -3.661321 -4.19419 
9.982526 -3.724097 -3.93617 
9.469949 -3.74768 -4.190245 
1.761876 4.689318 -4.739839 
9.116526 -3.803524 -4.179034 
1.187242 4.652104 -4.729224 
1.359351 4.69701 -4.653513 
8.723261 -3.830866 -4.262421 
1.259735 4.541563 -4.902472 
0.5120971 4.711536 -4.576166 
0.5923846 4.586795 -4.826318 
8.106205 -3.912603 -4.285876 
0.2639157 4.625288 -4.707675 
-0.2799478 4.581177 -4.758784 
-0.667222 4.627088 -4.628059 
7.31625 -4.027595 -4.260447 
-0.9033276 4.579541 -4.679271 
6.884333 -4.115105 -4.114992 
-1.167517 4.453517 -4.86214 
6.610235 -4.108434 -4.305542 
6.353803 -4.132627 -4.346624 
-1.553636 4.409037 -4.844088 
5.981224 -4.184524 -4.277483 
-2.00147 4.452229 -4.643186 
-1.767484 4.267328 -4.96856 
5.614696 -4.228099 -4.244257 
-1.969179 4.300878 -4.883397 
-2.366441 4.317585 -4.762485 
-2.457809 4.418481 -4.578947 
5.081859 -4.247976 -4.366972 
-2.592186 4.177011 -4.898976 
-2.751791 4.365805 -4.615796 
-2.776707 4.108634 -4.943409 
-3.198206 4.335975 -4.570497 
-3.20484 4.086402 -4.905359 
-3.090271 4.210684 -4.769411 
-3.269588 3.960535 -5.018905 
-3.489695 4.263343 -4.657506 
-3.646474 4.004869 -4.937072 
-3.81901 4.128741 -4.780697 
3.826237 -4.371706 -4.327624 
-4.360391 4.055987 -4.805511 
3.458862 -4.440432 -4.119427 
-4.127347 3.909874 -4.972501 
3.280073 -4.385382 -4.373536 
-4.774552 3.906626 -4.897326 
2.615892 -4.443128 -4.189854 
-5.512847 3.817433 -4.868716 
-5.038131 3.676281 -5.031388 
2.300656 -4.379279 -4.397722 
2.015788 -4.336939 -4.511563 
-5.72849 3.72135 -4.913155 
-6.185726 3.516003 -5.0008 
-5.881963 3.605422 -4.973808 
1.410182 -4.427522 -4.216928 
-5.891023 3.329765 -5.106321 
-6.242787 3.76583 -4.828897 
1.249217 -4.330742 -4.511422 
0.947827 -4.376933 -4.396892 
-6.571756 3.651916 -4.892134 
0.6269448 -4.316418 -4.554279 
-6.709333 3.514114 -4.974338 
-6.433825 3.326186 -5.077039 
-7.431911 3.529468 -4.947159 
-6.7779 3.331955 -5.062356 
-7.194081 3.668433 -4.86271 
-0.3347623 -4.37948 -4.457919 
-7.695782 3.67625 -4.837111 
-7.778817 3.329414 -5.044831 
-0.6022459 -4.371822 -4.485047 
-7.707926 3.148604 -5.122817 
-8.135814 3.498286 -4.937578 
-8.350946 3.113618 -5.120118 
-8.6031 3.25869 -5.036731 
-8.527643 3.386771 -4.971477 
-8.506954 3.557657 -4.861903 
-9.135367 3.356446 -4.919047 
-2.212506 -4.428027 -4.318894 
-9.26475 3.060717 -5.065871 
-9.719114 2.93835 -5.060244 
-9.55722 3.170222 -4.964403 
-10.12184 2.971264 -4.964557 
-10.21755 2.727848 -5.063797 
-3.301214 -4.382895 -4.480576 
-3.76921 -4.365069 -4.54211 
-10.46987 2.844809 -4.930708 
-4.315462 -4.400401 -4.511315 
-10.47377 2.404633 -5.125103 
-10.75727 2.665235 -4.915545 
-4.413761 -4.479424 -4.287076 
-10.70762 2.45567 -5.037753 
-10.91096 2.702153 -4.817726 
-10.79865 2.078776 -5.130892 
-10.97697 2.385523 -4.960654 
-5.318244 -4.472158 -4.332911 
-5.224141 -4.388937 -4.559249 
-11.00156 2.199504 -5.021397 
-5.525674 -4.389078 -4.572545 
-11.32757 1.890874 -4.96296 
-11.37154 2.059653 -4.876308 
-11.13878 1.853579 -5.062393 
-5.915301 -4.510274 -4.236974 
-5.897356 -4.382827 -4.5904 
-6.243063 -4.360234 -4.619861 
-11.48396 1.162283 -5.00443 
-11.51968 1.427686 -4.956703 
-6.568793 -4.446548 -4.427091 
-11.25942 1.011811 -5.107431 
-11.69547 1.316769 -4.843774 
-11.5714 0.6643711 -4.987081 
-11.65207 0.9664327 -4.903692 
-11.35299 0.5519685 -5.08674 
-11.75659 0.8540057 -4.820004 
-6.877256 -4.378688 -4.601264 
-11.59434 0.4601808 -4.959739 
-11.72305 0.3075702 -4.884519 
-11.64398 0.2640275 -4.936057 
-11.71777 0.5707173 -4.860682 
-11.46087 -0.1197158 -5.052092 
-8.080905 -4.277051 -4.695462 
-11.61299 0.05729247 -4.95591 
-11.78261 0.09220794 -4.846454 
-11.58456 -0.1942824 -4.979215 
-11.77784 -0.3574635 -4.812083 
-11.82442 -0.1615658 -4.80936 
-8.283057 -4.296285 -4.63652 
-11.62752 -0.618404 -4.980873 
-8.453864 -4.416417 -4.334316 
-11.55457 -0.8813541 -5.027479 
-11.73437 -1.099357 -4.878434 
-11.65557 -0.8207425 -4.972541 
-9.028547 -4.248796 -4.54143 
-11.81758 -1.179461 -4.829029 
-11.86244 -1.071485 -4.75435 
-11.86525 -1.2398 -4.726034 
-9.503718 -4.129168 -4.589994 
-11.58622 -1.608232 -5.018196 
-11.72595 -1.319447 -4.869244 
-9.781114 -3.978707 -4.729598 
-11.66507 -2.024205 -4.866523 
-11.75431 -1.675758 -4.815853 
-9.893 -4.122132 -4.405117 
-10.15003 -3.91539 -4.626963 
-10.53587 -3.676383 -4.723598 
-11.61873 -2.507601 -4.766872 
-11.71622 -2.232932 -4.749291 
-10.7964 -3.62988 -4.573474 
-10.82387 -3.41564 -4.818675 
-11.08551 -3.355634 -4.6682 
-11.05478 -3.262879 -4.802635 
-11.41999 -2.86012 -4.78876 
-11.52679 -2.858724 -4.661666 
-10.99661 -3.572343 -4.459851 
-11.30332 -3.115887 -4.690539 
13.54287 2.916729 -4.445522 
12.92178 3.335535 -4.726008 
12.96901 3.617175 -4.547892 
13.11587 3.081476 -4.707107 
12.48397 3.712766 -4.778952 
13.69208 1.99842 -4.488327 
12.57043 3.488268 -4.858004 
11.96895 4.137091 -4.719154 
11.62462 4.234129 -4.790606 
11.51545 4.368301 -4.686837 
10.96033 4.395452 -4.881019 
13.49357 1.627627 -4.668261 
10.85538 4.489106 -4.802315 
10.90538 4.687612 -4.472662 
10.71561 4.65634 -4.582645 
10.45973 4.574827 -4.805386 
10.24777 4.639567 -4.754025 
13.69174 0.8224131 -4.391457 
9.992642 4.702621 -4.728519 
13.45508 0.8981872 -4.635544 
9.713472 4.833669 -4.524168 
9.664768 4.6704 -4.855509 
13.46815 0.5264179 -4.551229 
9.052536 4.726797 -4.816662 
9.055547 4.821241 -4.63215 
13.26242 0.1327802 -4.636917 
8.406444 4.741084 -4.807726 
8.327104 4.840186 -4.626833 
13.32259 -0.4081979 -4.391683 
8.412054 4.632705 -4.976682 
12.95973 -0.3983938 -4.72288 
13.03273 -0.7133456 -4.516261 
7.638322 4.672693 -4.913587 
7.733034 4.772108 -4.758961 
12.65106 -1.054131 -4.674941 
7.126137 4.609718 -4.979083 
7.146226 4.699817 -4.861581 
12.62135 -1.499081 -4.458533 
7.062348 4.80787 -4.694422 
6.800892 4.525852 -5.074418 
6.566503 4.571723 -5.048352 
6.774828 4.713218 -4.850197 
6.686265 4.811788 -4.702569 
12.47482 -1.806889 -4.37774 
6.265179 4.70006 -4.916922 
6.185338 4.619098 -5.038054 
5.925569 4.711831 -4.929529 
5.914104 4.873421 -4.561372 
5.824789 4.778776 -4.791961 
5.6068 4.848047 -4.550086 
12.05412 -1.941395 -4.611873 
5.645535 4.723146 -4.91593 
5.425908 4.772792 -4.782647 
5.40703 4.834904 -4.555914 
5.275669 4.86644 -4.40838 
5.214759 4.826531 -4.568833 
5.061053 4.876537 -4.230942 
4.978989 4.774169 -4.799544 
5.00206 4.821136 -4.588316 
11.75516 -2.231855 -4.615911 
5.088316 4.713139 -4.975941 
4.696826 4.768529 -4.842565 
4.628606 4.839973 -4.520232 
11.33457 -2.58745 -4.607113 
4.487425 4.763184 -4.885603 
4.497416 4.69917 -5.046639 
4.281937 4.801839 -4.849213 
11.27864 -2.81656 -4.420875 
4.058362 4.815906 -4.855784 
4.17873 4.667858 -5.127855 
4.00831 4.752152 -5.010961 
3.615263 4.781564 -4.953365 
10.75336 -3.062161 -4.529656 
3.540791 4.672235 -5.092877 
3.162423 4.6991 -4.980908 
3.350118 4.790036 -4.88915 
2.996768 4.813132 -4.731082 
3.294816 4.576644 -5.144604 
2.968033 4.631711 -5.02624 
10.4738 -3.389086 -4.266708 
2.584895 4.553414 -5.055074 
2.922431 4.73123 -4.876315 
10.10743 -3.584293 -4.18434 
10.1401 -3.382173 -4.522864 
2.540026 4.680845 -4.893113 
9.897827 -3.485549 -4.501261 
2.247234 4.559385 -4.998679 
2.342099 4.717688 -4.807921 
2.527096 4.427985 -5.166617 
2.108255 4.726229 -4.732869 
9.57257 -3.579471 -4.500615 
1.906774 4.605996 -4.882545 
1.861023 4.407149 -5.109261 
1.748856 4.497778 -4.996143 
1.477631 4.614673 -4.807833 
9.126842 -3.666518 -4.4993 
1.334332 4.416808 -5.054735 
1.392271 4.312006 -5.161532 
0.7475683 4.435916 -5.018569 
8.051294 -3.824716 -4.546559 
0.6222072 4.277561 -5.17349 
0.1681942 4.357165 -5.070835 
0.1650931 4.552787 -4.822363 
7.776559 -3.950852 -4.315792 
0.2398106 4.446822 -4.971622 
-0.1697949 4.501245 -4.892776 
0.2826985 4.259512 -5.170709 
7.230916 -3.958422 -4.529591 
-0.3622296 4.255005 -5.149755 
-0.485559 4.511183 -4.860181 
6.881471 -4.050406 -4.382099 
-0.5325052 4.360153 -5.033392 
-0.926191 4.490052 -4.825895 
6.970902 -3.949126 -4.652696 
-0.6448905 4.149143 -5.220211 
-0.968962 4.352117 -4.999081 
-1.038635 4.156695 -5.180821 
-1.500624 4.269504 -5.014664 
6.181942 -4.07374 -4.587769 
5.972676 -4.128721 -4.504601 
5.665845 -4.15525 -4.527541 
-1.985004 4.088805 -5.089643 
5.360841 -4.239133 -4.324538 
5.354546 -4.164729 -4.606219 
-1.918914 3.909116 -5.226105 
-2.379755 4.104925 -5.009415 
4.900523 -4.191954 -4.614354 
-2.492302 3.853417 -5.175702 
4.825404 -4.265452 -4.373054 
-2.574074 3.982448 -5.077788 
4.530491 -4.267792 -4.488568 
-3.025196 3.849043 -5.115729 
-2.972044 3.651872 -5.221794 
-2.744391 3.533948 -5.290912 
3.638506 -4.366903 -4.399696 
-3.318843 3.497583 -5.251163 
-3.541348 3.767524 -5.115201 
-3.565893 3.332667 -5.284081 
3.102723 -4.300786 -4.610271 
-4.089077 3.814647 -5.047379 
2.907137 -4.385091 -4.389594 
-4.654379 3.739106 -5.04005 
2.549896 -4.353547 -4.47979 
-4.104249 3.118646 -5.295442 
-4.179107 3.613035 -5.140167 
-3.82232 1.745638 -5.187038 
-4.506095 3.236844 -5.237123 
-4.63813 3.45136 -5.166034 
-5.33059 3.555465 -5.063647 
-2.950805 1.396025 -5.200716 
-2.953584 1.111208 -5.168617 
-3.896754 2.335726 -5.299995 
-3.97883 1.521772 -5.155169 
-5.400045 3.347471 -5.134966 
1.816813 -4.271766 -4.666283 
-4.685215 2.174605 -5.234681 
-5.165465 2.972553 -5.228235 
1.820243 -4.387837 -4.366415 
-5.17499 2.697959 -5.246577 
-5.113385 3.158904 -5.203139 
-5.093689 2.371902 -5.235729 
1.108991 -4.244958 -4.717916 
-3.128818 0.9563113 -5.153131 
-3.538661 1.080904 -5.137697 
-4.68207 1.742395 -5.164989 
-5.120377 2.005806 -5.189855 
-5.825336 3.080792 -5.175104 
-3.96665 0.7642145 -5.110165 
-5.803822 2.744235 -5.211082 
-4.295164 1.257508 -5.123085 
-5.677445 2.321468 -5.203584 
-6.312267 3.129087 -5.142797 
0.3389325 -4.256995 -4.694748 
-6.289461 2.945595 -5.178424 
0.2736163 -4.373544 -4.416746 
-0.02258409 -4.364327 -4.481225 
-3.602922 0.5513694 -5.12527 
-4.341953 0.3442047 -5.097972 
-5.815982 2.003068 -5.17552 
-4.889119 1.443052 -5.128272 
-5.946077 2.524894 -5.207738 
-4.815485 0.8737885 -5.095504 
-6.300014 2.665227 -5.20381 
-6.916701 3.053485 -5.148227 
-6.774714 2.831899 -5.187912 
-0.76388 -4.325862 -4.615695 
-0.9687262 -4.254521 -4.78123 
-4.282075 -0.04739356 -5.118471 
-4.94369 0.01738168 -5.087952 
-6.597264 2.059027 -5.18571 
-6.934973 2.349839 -5.206695 
-7.063365 2.605602 -5.208004 
-4.548896 -0.3896857 -5.137605 
-4.957998 0.3491755 -5.084005 
-1.357573 -4.41475 -4.389888 
-5.706305 1.280812 -5.115352 
-7.923977 2.397662 -5.229123 
-7.911747 2.774981 -5.205671 
-1.428875 -4.320973 -4.626662 
-6.436943 0.659538 -5.098975 
-8.230933 2.615565 -5.225236 
-8.014231 2.955753 -5.172302 
-1.647411 -4.277857 -4.715266 
-5.132117 -0.6173038 -5.151799 
-5.982733 0.474046 -5.086175 
-6.214035 1.307705 -5.124763 
-8.706521 2.859414 -5.177566 
-1.992046 -4.357823 -4.522895 
-2.098295 -4.241089 -4.792104 
-5.152277 -0.2658258 -5.101892 
-8.696574 2.335379 -5.24035 
-8.849729 2.628956 -5.217347 
-2.661291 -4.391921 -4.44568 
-2.647449 -4.261262 -4.737201 
-5.921377 -0.03032107 -5.082727 
-7.658685 1.237732 -5.156614 
-9.155076 1.924975 -5.238247 
-8.275838 2.073035 -5.226462 
-9.107345 2.937537 -5.137091 
-2.958479 -4.37663 -4.495654 
-3.05574 -4.317172 -4.637818 
-5.970459 -0.4186472 -5.108475 
-9.459908 2.628512 -5.193614 
-6.157425 -0.7684777 -5.161069 
-8.662405 1.219707 -5.17695 
-6.879996 -0.7006395 -5.140191 
-7.058911 -0.4881777 -5.117528 
-9.343746 2.345052 -5.236863 
-10.0501 2.592674 -5.146705 
-3.427259 -4.309239 -4.658257 
-6.758777 -0.02889713 -5.094051 
-7.788421 0.7213109 -5.135085 
-9.202691 0.9294142 -5.176376 
-3.992234 -4.224315 -4.844447 
-7.678013 -0.5046933 -5.136604 
-7.89894 0.335125 -5.130632 
-10.12938 2.280852 -5.205279 
-7.415001 -0.2896724 -5.11659 
-9.618726 2.01111 -5.248217 
-7.635745 -0.8177313 -5.162291 
-8.43679 -0.3452063 -5.170622 
-9.810634 2.260838 -5.231265 
-10.43461 2.162298 -5.187179 
-4.488939 -4.297792 -4.733657 
-10.24764 1.790769 -5.250349 
-4.783116 -4.409627 -4.502601 
-4.585735 -4.218387 -4.874516 
-8.298635 0.01120369 -5.144902 
-9.099152 -0.08426647 -5.174189 
-9.062936 0.4764895 -5.160818 
-7.423237 -1.032918 -5.190808 
-10.34318 1.59289 -5.245476 
-10.83441 1.850695 -5.158556 
-10.18416 0.7406062 -5.219367 
-10.03274 1.158741 -5.227125 
-10.11764 1.468701 -5.24576 
-10.64618 1.235315 -5.224691 
-5.225354 -4.266113 -4.803545 
-5.603533 -4.268161 -4.808 
-9.450699 0.2721106 -5.179708 
-10.59289 1.7314 -5.217574 
-10.56023 1.026546 -5.233673 
-5.977279 -4.258119 -4.824582 
-9.49968 -0.2636901 -5.20698 
-10.30812 0.4519846 -5.227582 
-10.60368 0.7289708 -5.220784 
-10.99077 1.456515 -5.163112 
-10.86477 1.080879 -5.203786 
-11.30266 1.371262 -5.07241 
-6.27137 -4.258706 -4.818941 
-10.15586 0.1701057 -5.234526 
-10.53583 0.5279856 -5.225271 
-6.436247 -4.148987 -4.975841 
-10.87469 0.5771825 -5.200999 
-10.8262 0.8488306 -5.205659 
-11.05975 1.127005 -5.162995 
-9.281156 -0.5583371 -5.221906 
-11.12231 0.6721184 -5.154001 
-6.753521 -4.265537 -4.803249 
-7.144664 -4.138573 -4.96415 
-10.05115 -0.6356619 -5.291623 
-10.97793 0.3172292 -5.198674 
-7.263238 -4.265816 -4.777398 
-11.22006 0.3144612 -5.139663 
-11.39933 0.2746201 -5.077401 
-7.534519 -4.355265 -4.619715 
-7.744935 -4.1139 -4.95752 
-11.04583 -0.1952334 -5.21576 
-11.25372 -0.1374151 -5.15086 
-7.627223 -4.251323 -4.779313 
-11.0421 -0.6982553 -5.253169 
-11.50187 -0.3159465 -5.04807 
-11.29854 -0.5945697 -5.159978 
-11.46218 -0.6886297 -5.075444 
-11.57865 -0.4704101 -5.000069 
-8.294336 -4.062377 -4.966006 
-11.38859 -0.910715 -5.133926 
-11.1183 -0.819172 -5.236033 
-8.841474 -4.212658 -4.659974 
-8.492197 -4.140538 -4.835561 
-8.831785 -4.02827 -4.924336 
-11.42863 -1.140671 -5.115903 
-11.56405 -1.135743 -5.015988 
-11.35398 -1.357669 -5.153431 
-11.53891 -1.418404 -5.039835 
-11.4785 -1.295224 -5.09978 
-9.421295 -4.068221 -4.724479 
-9.198391 -3.910862 -4.989451 
-9.583864 -3.847378 -4.962381 
-11.3437 -1.792842 -5.173228 
-11.3837 -1.734859 -5.132892 
-11.41011 -1.877519 -5.104852 
-11.61835 -1.750404 -4.957519 
-9.950602 -3.664833 -5.025621 
-11.42556 -2.269864 -5.025384 
-9.933415 -3.826441 -4.858552 
-10.26414 -3.678937 -4.875772 
-10.57436 -3.525914 -4.867736 
-10.37948 -3.447517 -5.043266 
-10.7874 -3.282085 -4.962985 
-11.1325 -2.80994 -5.053225 
-11.42482 -2.564192 -4.938561 
-11.54407 -2.188079 -4.948481 
-10.90989 -3.084919 -5.040335 
-11.279 -2.868722 -4.915644 
13.19243 2.783466 -4.749733 
12.01802 3.934725 -4.868773 
13.44522 2.241518 -4.674564 
13.40182 2.495971 -4.668096 
13.09944 2.098723 -4.940155 
13.03673 2.473648 -4.924092 
12.71453 2.432847 -5.119331 
12.09027 3.426686 -5.1249 
11.68887 3.757216 -5.13119 
11.65729 3.917487 -5.041096 
11.6512 4.121438 -4.888598 
11.05104 4.074684 -5.160468 
11.21661 4.287682 -4.901954 
10.54393 4.430691 -4.970889 
13.38319 1.366031 -4.750228 
13.34882 1.801698 -4.784794 
10.59794 4.221072 -5.18147 
10.10966 4.315352 -5.205709 
10.20929 4.529214 -4.93004 
13.00967 1.254076 -5.014324 
9.994324 4.462713 -5.067892 
13.09298 0.6589989 -4.894643 
9.765307 4.359074 -5.227292 
9.678102 4.53087 -5.04491 
9.269125 4.634736 -4.955443 
8.884712 4.645627 -4.960341 
13.09213 0.1779748 -4.79444 
8.182719 4.429957 -5.190933 
8.569151 4.540007 -5.090337 
12.63692 -0.4904099 -4.933606 
8.452271 4.308117 -5.306035 
7.85039 4.588752 -5.025919 
7.394908 4.349849 -5.219359 
7.302258 4.506839 -5.088563 
7.6348 4.025152 -5.434018 
12.32137 -1.52248 -4.677607 
6.955906 4.358749 -5.203678 
7.044019 4.17323 -5.322201 
12.24348 -1.15624 -4.918602 
6.550614 4.421317 -5.17008 
6.627036 4.260761 -5.27238 
6.2693 4.312231 -5.263034 
6.226504 4.52359 -5.122906 
6.639605 3.991914 -5.41118 
6.169762 4.034566 -5.408987 
5.823564 4.640927 -5.050692 
5.615897 4.524731 -5.173601 
5.41928 4.622461 -5.085573 
5.429106 4.686678 -4.994931 
11.80352 -1.911551 -4.798357 
5.344999 4.313774 -5.344724 
5.709228 4.435041 -5.236042 
4.956723 4.453744 -5.275167 
5.033698 4.535969 -5.203471 
4.559025 4.625333 -5.139453 
4.676005 4.712215 -5.011233 
4.688041 4.324554 -5.368358 
4.357712 4.54248 -5.226914 
3.987454 4.394635 -5.317667 
10.80761 -2.866397 -4.697406 
3.894394 4.652236 -5.143977 
10.60395 -2.764482 -4.908187 
3.669879 4.531271 -5.215475 
3.11188 4.364577 -5.265196 
10.39724 -3.068846 -4.745399 
10.13049 -3.229951 -4.717618 
2.951261 4.504617 -5.156156 
3.553535 4.124653 -5.412853 
3.062045 4.157393 -5.365699 
9.650261 -3.3765 -4.766661 
2.231887 4.108147 -5.331577 
2.52888 4.257518 -5.274779 
9.080801 -3.477849 -4.828998 
1.826837 4.195097 -5.261329 
1.985747 4.352767 -5.168936 
2.165491 3.942084 -5.400212 
8.635287 -3.750596 -4.493476 
8.741857 -3.591754 -4.756272 
1.676244 3.771278 -5.444943 
1.586732 4.106456 -5.300348 
1.36257 4.218641 -5.227358 
8.378562 -3.669021 -4.744301 
7.890973 -3.754672 -4.757076 
1.097911 3.852716 -5.406868 
1.519414 3.994312 -5.354311 
0.6003642 4.011596 -5.329466 
0.3861754 4.144827 -5.253156 
7.544121 -3.902339 -4.550869 
7.441578 -3.82958 -4.759711 
0.0640931 3.737911 -5.434526 
-0.1421536 3.908594 -5.362697 
1.476023 2.087541 -5.427666 
-0.3449776 3.59887 -5.47351 
-0.2471838 4.106773 -5.261782 
6.655472 -3.858316 -4.94022 
6.465673 -4.040158 -4.602223 
-0.6593984 3.953093 -5.32584 
6.275646 -3.992046 -4.771361 
1.491925 1.392965 -5.316896 
1.019781 1.68122 -5.327914 
1.461486 0.6641991 -5.294009 
-0.7020007 3.765342 -5.402988 
5.938571 -3.990731 -4.865491 
0.6892134 1.902945 -5.36171 
-1.217672 3.942688 -5.293549 
-0.8122963 3.572809 -5.461611 
5.753793 -4.061489 -4.766311 
0.6290994 1.374811 -5.281569 
-1.333197 3.518948 -5.438242 
-1.358995 3.713511 -5.375021 
-1.530964 3.993429 -5.233624 
1.097434 1.016341 -5.278093 
-1.90797 3.787581 -5.287325 
-0.5112337 1.99661 -5.362486 
-1.271175 3.358955 -5.481307 
5.217128 -4.11667 -4.756733 
4.994493 -4.083377 -4.862487 
0.2472777 1.620823 -5.302567 
-1.308868 3.172375 -5.500867 
0.5135445 0.6056969 -5.252435 
-2.131423 3.00426 -5.427165 
-2.322649 3.675078 -5.284805 
0.07743201 0.8922908 -5.249961 
-0.9507807 1.999663 -5.353064 
-2.067133 3.304312 -5.407279 
-2.187946 3.533153 -5.3446 
4.658003 -4.18134 -4.699778 
0.09358091 1.300979 -5.268931 
4.159661 -4.254561 -4.612324 
4.619526 -4.092011 -4.904982 
-2.021152 2.431146 -5.390653 
-2.077669 2.760843 -5.426352 
0.5105962 0.1782133 -5.274004 
-1.664888 2.257449 -5.378784 
4.054641 -4.165501 -4.830793 
-0.5337328 0.4550365 -5.238366 
-1.02295 1.558779 -5.290165 
-1.635061 1.723072 -5.301851 
-2.453733 3.134459 -5.393842 
-2.737363 3.373137 -5.333548 
3.569875 -4.310162 -4.570546 
-1.174667 1.089621 -5.25707 
-2.319534 2.463432 -5.380952 
-2.112876 1.711542 -5.28887 
-2.490582 2.801922 -5.400149 
3.588589 -4.169068 -4.86633 
-1.500669 0.6356273 -5.228039 
-1.821502 1.18744 -5.25126 
-3.080761 3.158214 -5.348961 
-1.180633 0.2399601 -5.225216 
-3.644816 2.90383 -5.345243 
-0.6018342 -0.03091779 -5.249195 
-2.427453 1.444273 -5.244908 
-2.97726 1.960498 -5.285567 
-3.023504 2.303366 -5.334541 
-4.050032 2.547695 -5.320165 
2.28932 -4.248897 -4.703243 
3.002407 -4.158874 -4.883791 
-1.10274 -0.4977748 -5.268555 
-2.212636 1.06956 -5.224725 
-3.711976 2.731636 -5.345846 
-2.266984 0.6626189 -5.199957 
2.123126 -4.138673 -4.906538 
-1.449123 -0.7342198 -5.286069 
-1.531891 -0.3817903 -5.23889 
-2.595764 0.7205055 -5.185382 
-4.39802 2.915251 -5.29996 
-4.402045 2.654237 -5.305775 
1.676848 -4.154907 -4.883483 
-1.816058 -0.1099241 -5.210947 
-2.106626 0.3000874 -5.186135 
1.426491 -4.218361 -4.766593 
-4.529458 2.462691 -5.29267 
1.136765 -4.079367 -4.998786 
-2.819072 0.3291974 -5.179023 
-2.952364 -0.2089774 -5.203983 
-3.265234 0.1023455 -5.170704 
-2.083898 -0.6185234 -5.251845 
0.56377 -4.169796 -4.849658 
0.4622845 -4.095945 -4.972626 
-3.225449 -0.8641953 -5.266282 
-0.04874642 -4.175643 -4.8734 
-3.197565 -0.5745224 -5.227994 
-3.696651 -0.4436442 -5.193389 
-0.3510013 -4.284103 -4.690032 
-0.5921161 -4.128698 -4.977606 
-4.222521 -0.7045584 -5.204647 
-0.942789 -4.097115 -5.034101 
-1.556589 -4.208377 -4.844799 
-3.156219 -1.241183 -5.34606 
-1.3499 -4.105319 -5.013968 
-2.027566 -4.060774 -5.059022 
-4.711494 -1.102462 -5.264493 
-2.613795 -4.188455 -4.862612 
-1.852821 -4.117487 -4.986682 
-2.762579 -4.090917 -5.004226 
-3.312489 -4.158136 -4.910598 
-3.292318 -4.245947 -4.771543 
-6.821491 -1.438979 -5.290483 
-5.071735 -1.529417 -5.349824 
-3.386757 -4.045293 -5.06768 
-3.864824 -4.044198 -5.077288 
-3.892814 -4.278107 -4.743509 
-4.668141 -4.00119 -5.137948 
-3.991335 -4.131451 -4.97388 
-4.966031 -4.104806 -5.022586 
-6.959386 -1.005791 -5.188805 
-5.534831 -4.149752 -4.971791 
-7.658147 -1.344975 -5.265342 
-8.582526 -0.8633502 -5.237508 
-8.349754 -1.695404 -5.350649 
-8.195585 -1.295709 -5.276723 
-9.453854 -1.003088 -5.298963 
-6.808367 -3.907182 -5.207515 
-10.43505 -0.2149462 -5.275769 
-8.972521 -1.575464 -5.355666 
-7.405847 -3.993576 -5.096251 
-7.162119 -3.799636 -5.263927 
-10.65276 -0.3449557 -5.28167 
-6.768845 -4.024705 -5.101159 
-9.941446 -1.440981 -5.38098 
-10.20491 -0.9662234 -5.331462 
-10.48068 -0.8986822 -5.325908 
-10.73428 0.04723436 -5.248693 
-9.741124 -1.858943 -5.4412 
-10.89567 -0.5735145 -5.273936 
-8.034435 -3.968429 -5.081286 
-7.800358 -3.814207 -5.223267 
-10.31822 -1.321476 -5.367205 
-10.10646 -1.914924 -5.456908 
-10.35979 -1.567888 -5.398953 
-10.68838 -1.007808 -5.320405 
-8.487409 -3.84134 -5.150097 
-10.6838 -1.692849 -5.378038 
-10.93921 -1.130597 -5.290865 
-8.747864 -3.902765 -5.067129 
-10.46731 -1.91433 -5.430671 
-10.96756 -1.554301 -5.312714 
-11.20447 -1.208116 -5.220518 
-10.92528 -1.845364 -5.326267 
-11.24298 -1.44747 -5.217158 
-9.125186 -3.74625 -5.143724 
-9.451876 -3.420413 -5.305056 
-9.329659 -3.567369 -5.23854 
-10.0369 -3.097737 -5.337017 
-10.60315 -2.479786 -5.353415 
-10.96609 -2.026621 -5.305134 
-11.1463 -1.697944 -5.251772 
-9.558498 -3.721524 -5.082189 
-10.54892 -2.831152 -5.294959 
-11.23162 -1.882334 -5.199337 
-9.840514 -3.476115 -5.191366 
-10.17242 -3.424369 -5.130298 
-10.26989 -3.205054 -5.227091 
-10.90968 -2.5288 -5.253059 
-11.20959 -2.29164 -5.159929 
-10.82495 -2.832064 -5.199051 
-10.59595 -3.117575 -5.157528 
-11.18552 -2.572427 -5.108367 
12.73578 2.894495 -4.997966 
12.54791 3.15377 -5.013207 
11.68192 3.357213 -5.323477 
12.96689 1.684875 -5.04867 
12.31413 2.79509 -5.240576 
11.94267 2.978457 -5.353299 
11.04501 3.871248 -5.293894 
12.72365 1.980925 -5.173304 
11.14935 3.592827 -5.410638 
10.61848 3.897937 -5.402693 
12.60763 1.511467 -5.256099 
10.32088 4.128508 -5.313904 
9.855434 4.164606 -5.368184 
9.404592 4.278838 -5.324888 
9.279425 4.444328 -5.19038 
12.70146 0.1054695 -5.058899 
12.81443 0.639587 -5.082432 
8.899305 4.384452 -5.258341 
12.77361 -0.1426018 -4.946885 
8.926201 4.153832 -5.428274 
12.39624 -0.2770099 -5.156366 
8.82686 4.005619 -5.522508 
7.971717 4.258314 -5.31721 
8.344509 3.933111 -5.535717 
12.18189 -0.8234137 -5.094665 
11.84578 -1.177478 -5.151528 
7.278228 3.725929 -5.553604 
7.111641 3.931871 -5.450708 
11.54012 -1.358367 -5.241619 
6.42835 3.570269 -5.583948 
6.431058 3.791855 -5.501378 
11.79732 -1.644879 -4.959229 
5.759669 3.85735 -5.494226 
11.28969 -2.160542 -4.956337 
5.873342 3.566836 -5.585961 
5.405412 4.139295 -5.412886 
5.331592 3.759812 -5.529714 
10.9944 -2.522773 -4.882083 
5.354353 3.482386 -5.595534 
4.612053 4.151353 -5.433116 
4.932148 3.677305 -5.541418 
4.661492 3.940152 -5.487746 
10.51311 -2.497839 -5.151363 
4.347688 3.625358 -5.533611 
4.022453 4.237254 -5.395906 
10.18409 -3.017909 -4.90959 
4.634592 2.590113 -5.524884 
3.658307 3.670701 -5.511662 
4.00459 3.924065 -5.481982 
4.785516 2.275315 -5.51799 
3.65464 3.072565 -5.525699 
3.915367 3.351283 -5.535275 
3.083588 3.685982 -5.499104 
9.816707 -3.206277 -4.892365 
4.429469 1.99432 -5.466209 
4.229787 2.427019 -5.484569 
3.555458 3.404299 -5.527771 
2.788755 3.888447 -5.446446 
9.499125 -3.376483 -4.830974 
3.820525 2.466438 -5.479735 
2.819054 3.2174 -5.532465 
3.938774 1.686864 -5.4262 
8.918614 -3.290758 -5.09604 
2.104837 3.716768 -5.46733 
4.646479 1.547539 -5.465825 
2.9891 2.969669 -5.527848 
2.997703 3.470612 -5.52069 
2.707118 3.647481 -5.495544 
8.60931 -3.398126 -5.064143 
4.561609 1.066167 -5.452716 
4.130759 1.424392 -5.421082 
3.078508 1.95325 -5.441601 
1.93396 3.565577 -5.496514 
8.240458 -3.392912 -5.175293 
1.905913 3.423639 -5.516096 
8.231911 -3.574182 -4.94539 
4.037612 1.03649 -5.409921 
2.54338 2.670389 -5.50682 
4.124867 0.4000368 -5.436335 
1.868892 3.313734 -5.52568 
3.31298 1.110015 -5.383308 
1.487242 2.696508 -5.508925 
1.665883 2.966831 -5.526765 
7.787631 -3.554044 -5.112745 
3.14969 1.468488 -5.401342 
7.555361 -3.722944 -4.919369 
1.7645 3.176404 -5.530813 
0.5860476 3.420671 -5.514116 
2.555472 0.6670499 -5.369622 
2.520645 1.730362 -5.414432 
1.68072 2.31181 -5.467158 
0.9738649 3.601919 -5.483015 
3.789611 0.4707871 -5.405611 
3.565606 0.5788154 -5.391877 
7.097383 -3.822091 -4.878953 
3.935862 0.1002486 -5.44005 
2.637045 1.139437 -5.373677 
3.054971 -0.3829241 -5.42134 
1.990454 1.430391 -5.360224 
1.980428 1.723262 -5.393575 
0.7835981 2.534426 -5.491059 
0.54746 3.250145 -5.531512 
0.2151612 3.58937 -5.481653 
2.193148 0.8298777 -5.353829 
6.395915 -3.758533 -5.153939 
0.1365895 3.06733 -5.538309 
3.282435 0.07370757 -5.399272 
2.18172 1.149731 -5.355247 
-0.2149509 3.308025 -5.52635 
2.463273 -0.1306106 -5.379736 
6.145341 -3.895765 -4.992822 
-0.1064882 2.869071 -5.531962 
-0.6228877 3.150214 -5.532556 
0.6438946 2.242824 -5.440675 
-0.4853945 2.47712 -5.47765 
-0.7081043 3.383332 -5.506699 
5.727529 -3.891863 -5.087451 
1.976433 0.4298064 -5.348121 
2.493931 -0.4923448 -5.400136 
1.757536 0.002108701 -5.358339 
-0.5631501 2.74198 -5.515888 
5.47066 -4.026001 -4.897631 
1.123865 -0.09586111 -5.336837 
-0.8218256 2.955983 -5.52716 
5.305836 -3.870496 -5.168373 
-1.392041 2.927063 -5.496656 
1.357404 -0.5284187 -5.377456 
5.156304 -3.959478 -5.053357 
-0.9487485 2.564082 -5.480628 
-1.301261 2.774708 -5.49148 
2.441153 -0.8121151 -5.437486 
1.252355 -0.8287343 -5.406506 
4.261209 -4.047657 -5.004684 
3.969922 -4.037415 -5.040907 
1.779474 -1.05495 -5.459909 
0.6383976 -0.4854915 -5.350945 
3.560503 -4.058921 -5.028443 
0.1127039 -0.6155377 -5.348206 
2.854242 -3.822711 -5.283242 
-0.203519 -0.9077407 -5.377914 
3.116574 -4.024009 -5.072685 
3.64476 -3.911499 -5.202596 
0.7304359 -1.034194 -5.422765 
-0.2001972 -0.2640313 -5.288127 
1.95348 -3.799739 -5.302665 
-0.4840531 -1.128619 -5.404805 
2.201893 -4.04854 -5.034954 
1.853322 -3.885587 -5.220212 
-0.7261904 -0.9050433 -5.353134 
1.46881 -4.038442 -5.045111 
-2.024194 -0.9406253 -5.306635 
-0.7784667 -1.388536 -5.447751 
1.483605 -3.966245 -5.131096 
0.9011236 -3.834804 -5.265845 
0.5008437 -3.963626 -5.137712 
-0.0746427 -3.855342 -5.267372 
-1.884198 -1.602859 -5.463125 
-1.736586 -1.923464 -5.543156 
0.1259407 -4.006313 -5.102307 
-0.4765005 -3.833747 -5.30088 
-0.3078905 -4.085953 -5.026175 
-0.5897874 -3.968855 -5.170892 
-1.03165 -3.928194 -5.213964 
-1.466583 -3.74938 -5.354734 
-1.485067 -4.015893 -5.119493 
-1.370685 -3.891485 -5.242799 
-4.208573 -2.298157 -5.571596 
-2.469046 -3.677233 -5.384554 
-2.733703 -3.886901 -5.219779 
-2.749294 -3.802627 -5.288346 
-2.751453 -4.009734 -5.10549 
-4.330262 -2.023008 -5.50262 
-2.947539 -3.667346 -5.384328 
-3.772676 -3.553978 -5.449881 
-3.697098 -3.667973 -5.383031 
-5.120649 -2.361591 -5.565426 
-3.379826 -3.955442 -5.160285 
-3.706843 -3.859087 -5.246585 
-4.008212 -3.734242 -5.342586 
-4.492812 -3.527998 -5.468387 
-6.441471 -2.247416 -5.498322 
-6.962476 -1.927948 -5.403173 
-4.314186 -3.925468 -5.202787 
-4.606624 -3.832856 -5.278214 
-6.487909 -2.594806 -5.569898 
-5.417864 -3.700179 -5.372233 
-5.590967 -3.845724 -5.273083 
-5.449846 -3.507708 -5.480374 
-6.597817 -2.712404 -5.571399 
-7.008248 -2.438844 -5.512129 
-5.513201 -3.962245 -5.181931 
-6.038884 -3.633007 -5.404468 
-7.388975 -2.6172 -5.516027 
-6.233675 -3.819672 -5.28639 
-6.942968 -3.311321 -5.488232 
-7.591989 -2.418294 -5.487278 
-7.535357 -2.789165 -5.51876 
-7.660476 -2.181234 -5.444513 
-6.208883 -4.008831 -5.142015 
-6.429545 -3.597724 -5.406648 
-7.35478 -3.435821 -5.423336 
-8.162627 -2.676346 -5.515378 
-8.289738 -2.278706 -5.471376 
-7.574501 -3.222444 -5.473283 
-8.349457 -2.986475 -5.502255 
-8.163774 -2.852716 -5.517566 
-8.630292 -2.896251 -5.50662 
-7.121486 -3.617016 -5.361758 
-8.889763 -2.399805 -5.501557 
-8.926129 -2.16251 -5.466256 
-9.29848 -2.324711 -5.497445 
-8.230874 -3.697701 -5.2748 
-8.527964 -3.261835 -5.435355 
-8.553257 -3.076946 -5.479309 
-8.94923 -2.594337 -5.516654 
-8.327103 -3.486243 -5.367521 
-9.053465 -2.915021 -5.487486 
-9.418596 -2.445313 -5.506034 
-9.746099 -2.230963 -5.486305 
-8.673657 -3.64182 -5.279424 
-9.76814 -2.654524 -5.466318 
-9.076777 -3.400374 -5.355314 
-8.993526 -3.180706 -5.434282 
-9.481824 -2.962563 -5.446885 
-10.07061 -2.15698 -5.47092 
-10.38832 -2.075293 -5.440388 
-10.22224 -2.462347 -5.430686 
-10.02163 -2.805979 -5.414433 
-10.75039 -2.098751 -5.356223 
-9.606036 -3.149263 -5.386753 
-10.3957 -2.774614 -5.351805 
12.384 2.418569 -5.286408 
11.81564 2.715142 -5.472759 
11.19464 3.280586 -5.52246 
12.47128 1.991548 -5.303477 
10.54885 3.729967 -5.509253 
12.17696 1.929058 -5.44699 
10.18751 3.921788 -5.482515 
12.02236 2.36378 -5.459037 
11.70673 2.09313 -5.620064 
11.2387 3.035796 -5.59333 
10.16085 3.470563 -5.704022 
12.32616 1.27736 -5.401114 
12.6684 0.9979298 -5.208969 
11.95547 1.451425 -5.563395 
9.723958 4.036407 -5.475881 
12.30083 0.6063388 -5.37274 
9.6167 3.832455 -5.593946 
9.231868 4.086173 -5.47477 
9.221684 3.637069 -5.713955 
8.641601 3.553969 -5.740218 
12.41003 0.2037628 -5.256447 
12.04451 -0.08215396 -5.393784 
12.07096 -0.4403549 -5.284908 
8.137246 3.346188 -5.778069 
7.982263 3.756069 -5.595183 
7.758996 3.573468 -5.652176 
7.540734 3.372219 -5.698922 
11.57543 -0.8016562 -5.436985 
7.062284 2.96875 -5.727136 
7.284 3.207021 -5.711601 
7.090754 3.483577 -5.62726 
11.2159 -1.632994 -5.278051 
6.759465 3.328942 -5.652149 
6.541328 2.673879 -5.709621 
6.514637 2.915639 -5.696506 
10.98299 -2.01073 -5.205737 
6.624537 3.129702 -5.680826 
6.072838 3.336151 -5.638219 
6.738665 2.318109 -5.744278 
10.51675 -1.861859 -5.484457 
6.357864 2.481639 -5.700045 
5.528137 2.963739 -5.651859 
10.43321 -2.31909 -5.291123 
5.722293 3.222726 -5.647712 
4.739772 3.511564 -5.56006 
6.211326 2.160614 -5.680277 
5.10756 3.229635 -5.610318 
10.09339 -2.322662 -5.427374 
6.666696 1.900519 -5.734874 
5.474632 2.381119 -5.618302 
4.977753 2.981048 -5.599226 
4.331739 3.31777 -5.552868 
9.580192 -2.685652 -5.39046 
5.925679 1.526087 -5.625214 
5.959364 1.091783 -5.624032 
4.229263 2.979035 -5.532209 
9.614648 -3.009911 -5.148065 
9.993935 -2.789228 -5.177589 
5.027894 1.155091 -5.508216 
5.295838 1.463889 -5.550313 
6.016077 0.5481369 -5.660639 
9.302788 -3.10969 -5.160979 
9.094394 -2.842797 -5.425039 
5.434241 0.2068961 -5.602398 
5.015331 0.6443531 -5.526327 
8.439528 -3.151836 -5.351223 
5.154593 -0.3303634 -5.608842 
7.922372 -3.262845 -5.384171 
5.359465 -0.6800767 -5.677372 
7.613151 -3.444398 -5.279255 
4.468998 -0.002494909 -5.508248 
4.852541 -0.7069654 -5.616651 
7.297983 -3.636843 -5.130046 
7.220808 -3.386512 -5.42162 
3.844491 -0.2929672 -5.475355 
6.916955 -3.660865 -5.181273 
6.245134 -3.707314 -5.238733 
6.580667 -3.537079 -5.373264 
6.108929 -3.563274 -5.405288 
3.785599 -0.992961 -5.566384 
5.742943 -3.752378 -5.256297 
3.00313 -0.6894832 -5.454628 
5.515488 -3.689339 -5.338388 
5.575611 -3.531112 -5.473068 
5.24841 -3.515412 -5.495687 
4.849386 -3.875973 -5.200086 
5.018673 -3.69099 -5.365987 
2.682363 -1.215063 -5.529043 
4.553936 -3.700907 -5.371996 
2.051392 -1.378098 -5.537311 
4.353565 -3.875986 -5.221566 
4.025552 -3.706518 -5.372495 
4.501467 -3.567829 -5.472363 
4.222031 -3.491966 -5.517068 
3.666903 -3.822777 -5.282752 
2.135609 -2.20367 -5.702123 
1.457987 -1.688709 -5.586505 
3.367002 -3.618813 -5.430533 
3.323821 -3.424081 -5.54384 
2.704832 -3.338912 -5.585227 
1.252809 -1.50505 -5.542052 
2.286107 -3.694559 -5.381031 
2.755927 -3.511387 -5.496571 
1.104489 -2.153809 -5.68409 
1.847687 -3.400742 -5.562922 
0.3996518 -1.338729 -5.47093 
2.031475 -3.57961 -5.459826 
0.7905921 -2.233936 -5.694243 
-0.04079034 -1.873078 -5.58612 
1.137986 -3.558261 -5.466538 
0.8480666 -3.39066 -5.555272 
0.5658543 -3.531862 -5.479132 
1.061574 -3.692956 -5.377803 
0.2892753 -3.25775 -5.6088 
0.5456968 -3.661317 -5.400042 
-0.6088362 -2.622534 -5.683465 
-0.5531551 -2.299737 -5.647694 
-0.5568373 -2.085596 -5.611597 
-1.131231 -2.428438 -5.636492 
-0.02180387 -3.452651 -5.520558 
-1.203801 -2.708766 -5.645768 
-0.5881564 -3.496555 -5.49489 
-0.5161986 -3.37657 -5.545759 
-0.5140566 -3.10587 -5.631401 
-1.502089 -2.144756 -5.592191 
-0.3058369 -3.648257 -5.418375 
-1.130584 -2.9512 -5.632299 
-0.9277339 -3.795097 -5.331916 
-1.002159 -3.136326 -5.602443 
-2.297236 -2.209549 -5.592796 
-1.694873 -2.586601 -5.635323 
-1.270709 -3.363725 -5.533464 
-1.87091 -2.386358 -5.61985 
-1.367068 -3.67194 -5.401345 
-2.477051 -2.436367 -5.628086 
-0.9674913 -3.586911 -5.448386 
-1.599078 -3.22849 -5.568113 
-1.790178 -3.069382 -5.600359 
-1.932271 -2.879233 -5.631067 
-3.04406 -2.100051 -5.562512 
-2.846505 -2.67664 -5.654868 
-3.015173 -2.682674 -5.650929 
-2.192727 -3.21691 -5.569296 
-3.069635 -2.439186 -5.625309 
-2.705464 -3.549579 -5.448622 
-3.000341 -2.956833 -5.630814 
-2.041536 -3.464207 -5.488171 
-2.17285 -3.364503 -5.524249 
-3.480543 -2.808207 -5.632503 
-2.969259 -3.204676 -5.574261 
-3.812952 -3.031104 -5.60337 
-3.725228 -2.653302 -5.631906 
-4.061018 -2.5282 -5.611888 
-3.353163 -3.405934 -5.509089 
-3.565791 -3.180951 -5.576308 
-3.743374 -2.780597 -5.633682 
-4.731983 -2.643924 -5.617011 
-3.983687 -2.877198 -5.620256 
-4.620629 -2.836296 -5.619966 
-4.232387 -3.361353 -5.528144 
-4.634619 -3.149079 -5.584223 
-5.038805 -2.723768 -5.622477 
-5.008226 -2.537777 -5.600287 
-5.493868 -3.327847 -5.541645 
-5.153684 -2.968721 -5.608402 
-5.676113 -2.911056 -5.60743 
-5.892297 -2.759488 -5.614827 
-6.055786 -2.553158 -5.584846 
-6.168742 -2.731504 -5.606837 
-5.499016 -3.133011 -5.584925 
-6.188993 -3.386701 -5.510685 
-6.65661 -3.082137 -5.549472 
-6.194508 -3.152822 -5.564917 
-7.267205 -3.027054 -5.517828 
-7.696867 -3.016057 -5.505987 
11.35218 2.449662 -5.69002 
11.25659 2.191138 -5.761464 
11.15939 2.741381 -5.69178 
10.93236 3.097617 -5.667303 
10.59985 3.370179 -5.659443 
9.706314 3.550021 -5.726441 
11.65879 1.744673 -5.670014 
10.63068 2.323861 -5.917902 
9.903101 2.979803 -5.913366 
11.98998 1.005286 -5.543903 
11.63256 1.34556 -5.692789 
10.35509 2.905222 -5.85693 
11.69576 0.6831182 -5.64869 
11.18926 1.091312 -5.833952 
11.2103 1.55566 -5.829677 
12.01541 0.392803 -5.48379 
8.974257 3.331893 -5.836109 
11.60354 0.3858569 -5.656605 
8.955793 2.950967 -5.969739 
11.49284 0.01003396 -5.652466 
11.56606 -0.4695248 -5.530483 
11.22335 0.1256681 -5.759996 
8.483672 3.200073 -5.858418 
10.9961 -0.3840324 -5.758982 
7.985492 3.063882 -5.837749 
10.88698 -0.7262832 -5.724338 
8.407649 2.504134 -6.004061 
8.290979 2.270721 -6.010088 
11.11231 -1.252516 -5.480514 
7.687585 2.288811 -5.890172 
7.537477 2.864977 -5.804875 
10.86896 -1.094357 -5.635142 
7.180651 2.546787 -5.785129 
10.78465 -1.543467 -5.509153 
7.322374 2.080902 -5.837395 
10.42472 -1.486005 -5.669716 
7.068031 1.645258 -5.807734 
9.95249 -1.841531 -5.695992 
6.454538 1.11422 -5.705379 
6.59695 0.5911558 -5.763505 
6.984341 0.9741966 -5.817757 
9.668889 -2.03889 -5.700583 
9.112831 -2.27372 -5.74096 
6.933506 0.1616943 -5.876455 
9.527743 -2.482512 -5.523337 
8.732963 -2.620998 -5.650752 
6.197373 -0.1189648 -5.755556 
6.646554 -0.9434469 -5.94374 
8.124754 -2.985901 -5.54947 
5.630397 -0.4489738 -5.689982 
7.659379 -3.114946 -5.553085 
7.726678 -2.802154 -5.738254 
7.222764 -3.166156 -5.586798 
6.037139 -1.190282 -5.854256 
5.517253 -1.265505 -5.784939 
6.902151 -3.099884 -5.672649 
6.403598 -3.091127 -5.712646 
5.061166 -1.302918 -5.734441 
6.693596 -3.34652 -5.522093 
4.869857 -1.931642 -5.792551 
6.056581 -3.034797 -5.750816 
5.001313 -2.214889 -5.837114 
4.017657 -1.565877 -5.675732 
6.209746 -3.355904 -5.556258 
5.652996 -3.334164 -5.594977 
5.606126 -2.998439 -5.764912 
4.306486 -2.308405 -5.772698 
4.420215 -1.92585 -5.751006 
5.440032 -3.205856 -5.667013 
4.875101 -3.42549 -5.554758 
4.22265 -2.841976 -5.734952 
4.33622 -2.595414 -5.773609 
3.767522 -2.259352 -5.740948 
4.897675 -3.19758 -5.663259 
4.717323 -3.027303 -5.718196 
3.267798 -1.83941 -5.672467 
3.913111 -3.175699 -5.644542 
3.934634 -3.031764 -5.684999 
3.801004 -2.685765 -5.738718 
3.890165 -2.505585 -5.751419 
3.73328 -1.945709 -5.709865 
3.344632 -2.640851 -5.737815 
4.145236 -3.37235 -5.574399 
3.055091 -2.411322 -5.735518 
2.762711 -2.101897 -5.696614 
3.424828 -2.852851 -5.711927 
2.897525 -2.551669 -5.73929 
3.297463 -3.242694 -5.616063 
3.261329 -3.050397 -5.6717 
2.447976 -2.67331 -5.729741 
2.78743 -2.856314 -5.709588 
1.913401 -2.688575 -5.739517 
2.66131 -3.11763 -5.657861 
1.989167 -2.821287 -5.72189 
2.393822 -2.445753 -5.734941 
1.841136 -3.111924 -5.66601 
1.702445 -2.484452 -5.736986 
2.057125 -3.249469 -5.62344 
2.078595 -2.975344 -5.695578 
1.04501 -2.41924 -5.727386 
1.383396 -2.590637 -5.741978 
0.9352422 -2.66382 -5.729208 
1.178466 -3.281968 -5.609426 
0.6585181 -2.484042 -5.723542 
0.8452199 -3.085831 -5.665717 
-0.002073132 -2.456521 -5.701694 
1.130785 -2.903667 -5.705736 
0.2885898 -2.929662 -5.688951 
0.3764835 -2.595195 -5.726726 
-0.1488122 -2.548847 -5.705356 
-0.04815986 -3.066421 -5.656116 
-0.3180235 -2.861662 -5.681974 
-0.2441257 -3.181165 -5.623944 
-2.527182 -2.91329 -5.635398 
11.14576 1.941754 -5.822469 
10.63854 2.571589 -5.870999 
10.17768 2.492557 -5.982092 
10.72569 1.645353 -5.953018 
10.64164 1.91236 -5.955069 
9.786191 2.613372 -6.014318 
11.33247 0.817632 -5.778654 
10.14866 1.870348 -6.062216 
9.456164 3.040852 -5.937188 
10.87212 1.197513 -5.923165 
9.479757 2.71143 -6.018726 
9.795576 1.822918 -6.126231 
9.380964 2.208767 -6.108846 
9.105806 2.686165 -6.032728 
10.95441 0.685132 -5.883493 
8.829763 2.675016 -6.022977 
10.49584 1.143026 -6.014104 
9.601525 2.034861 -6.122876 
10.22652 0.3246843 -6.038332 
9.09171 2.15178 -6.118452 
8.839824 2.037307 -6.117304 
8.522146 2.739702 -5.984381 
10.62155 0.05776951 -5.923019 
10.58498 -0.3747341 -5.881998 
9.775047 -0.2404824 -6.093899 
10.38033 -0.8362435 -5.860678 
7.938698 1.976553 -5.963593 
10.44128 -1.215111 -5.746742 
10.12447 -0.4195877 -5.995 
9.959019 -0.7456439 -5.990269 
10.29962 -1.251449 -5.784317 
8.25364 0.5785848 -6.143234 
8.141246 0.9098794 -6.094323 
7.931534 1.36239 -6.006779 
9.919502 -1.170957 -5.913767 
9.545981 -0.9146931 -6.063414 
7.87918 0.4967123 -6.069367 
7.308656 0.6396828 -5.913799 
8.118131 0.1962999 -6.150648 
9.514575 -1.590148 -5.899913 
9.188809 -1.955773 -5.852716 
7.749095 -0.1055681 -6.101182 
7.345548 -0.7789164 -6.08149 
8.609364 -2.374119 -5.804214 
8.749197 -1.952002 -5.948935 
7.716743 -2.217661 -6.001766 
7.107507 -1.215671 -6.054854 
8.085286 -2.708243 -5.732081 
8.143945 -2.23447 -5.950777 
6.878323 -1.878739 -6.016912 
7.087996 -1.548272 -6.057731 
6.466113 -1.372201 -5.945899 
7.664263 -2.580674 -5.852304 
7.240005 -2.004967 -6.045806 
7.09294 -2.885248 -5.766448 
6.649431 -2.120049 -5.977853 
6.838089 -2.854684 -5.795835 
6.704664 -2.441708 -5.926246 
6.783288 -2.240123 -5.970456 
6.563651 -1.707087 -5.97732 
6.504712 -2.718624 -5.855421 
6.995433 -2.530471 -5.905662 
6.335313 -2.315462 -5.931683 
6.142833 -2.060293 -5.935869 
6.048445 -1.704151 -5.910517 
5.843462 -2.511929 -5.885877 
5.720706 -2.261866 -5.903426 
5.398033 -2.348617 -5.879658 
5.832662 -2.734556 -5.845593 
5.665442 -2.119694 -5.89886 
5.220761 -2.463027 -5.853976 
4.968681 -2.668231 -5.814943 
5.049891 -2.902842 -5.777126 
4.825903 -2.426918 -5.821844 
10.09308 1.475878 -6.096035 
9.818828 1.295052 -6.147307 
9.374648 1.810941 -6.174161 
9.122213 1.707678 -6.183851 
10.09374 0.9106801 -6.093612 
9.684752 0.8220016 -6.161184 
9.530608 1.541689 -6.17633 
9.193206 1.439069 -6.193707 
9.564713 1.096887 -6.180223 
8.919786 1.246925 -6.189777 
8.828385 1.598587 -6.167567 
9.321937 1.021064 -6.198619 
8.909055 0.6402278 -6.206617 
9.582681 0.05204629 -6.152007 
9.166309 0.5595366 -6.204567 
8.649862 0.8522331 -6.183437 
9.272975 -0.05465288 -6.194132 
9.268083 0.309784 -6.197752 
8.499875 1.239522 -6.140409 
9.471065 -0.3955107 -6.135391 
9.676682 -0.5584937 -6.079922 
9.02931 -0.3762752 -6.197341 
8.876048 0.2557309 -6.218004 
8.664194 -0.001111805 -6.230725 
8.552265 0.4012138 -6.196377 
8.38789 0.02654955 -6.204296 
9.205069 -0.8047163 -6.136388 
8.957548 -0.6294078 -6.185537 
8.708418 -0.4985705 -6.214064 
9.224614 -1.030569 -6.098305 
8.444763 -0.6418872 -6.212898 
8.24652 -0.4978054 -6.201293 
8.831516 -1.257191 -6.11528 
8.532962 -0.9515217 -6.186977 
9.16051 -1.597084 -5.978314 
8.818306 -0.8968945 -6.17286 
7.999887 -0.3113323 -6.164644 
8.526269 -1.171018 -6.162497 
8.185976 -1.056768 -6.180587 
8.292302 -0.8562766 -6.20858 
7.689969 -0.7319971 -6.145268 
8.541301 -1.464076 -6.099937 
8.283489 -1.346683 -6.139344 
7.951034 -1.194294 -6.16732 
8.183262 -1.535142 -6.117625 
8.520854 -1.727666 -6.047472 
8.41926 -1.624521 -6.08566 
7.78951 -1.73241 -6.094886 
7.700568 -1.038538 -6.15508 
7.601606 -1.351057 -6.133012 
7.386171 -1.749248 -6.076163 
7.556441 -2.323319 -5.97114 
7.375661 -2.087557 -6.038596 
8.850319 -0.02959488 -6.234315 
3 2 0 77 
3 0 5 77 
3 1 5 0 
3 2 1 0 
3 84 4 7 
3 5 4 81 
3 2 6 1 
3 3 6 2 
3 13 84 7 
3 4 8 7 
3 5 8 4 
3 11 8 5 
3 1 11 5 
3 12 11 1 
3 6 12 1 
3 3 16 6 
3 9 16 3 
3 8 10 7 
3 16 12 6 
3 7 14 13 
3 10 14 7 
3 11 15 8 
3 19 15 11 
3 12 19 11 
3 16 9 95 
3 13 21 90 
3 14 21 13 
3 10 17 14 
3 18 17 10 
3 8 18 10 
3 15 18 8 
3 12 20 19 
3 12 16 20 
3 16 95 20 
3 14 24 21 
3 17 24 14 
3 22 18 15 
3 19 22 15 
3 20 26 22 
3 19 20 22 
3 21 32 23 
3 18 25 17 
3 30 25 18 
3 30 22 28 
3 18 22 30 
3 27 32 21 
3 24 27 21 
3 25 27 24 
3 17 25 24 
3 34 33 27 
3 25 34 27 
3 30 28 35 
3 31 29 23 
3 32 31 23 
3 27 36 32 
3 33 36 27 
3 25 37 34 
3 35 37 25 
3 25 30 35 
3 32 43 31 
3 33 39 36 
3 40 39 33 
3 34 40 33 
3 37 40 34 
3 37 35 38 
3 36 43 32 
3 38 40 37 
3 35 107 38 
3 43 44 31 
3 40 46 39 
3 41 47 40 
3 38 42 41 
3 40 38 41 
3 107 42 38 
3 48 31 44 
3 45 52 43 
3 36 45 43 
3 39 45 36 
3 40 47 46 
3 42 47 41 
3 42 112 47 
3 50 48 44 
3 43 52 44 
3 46 45 39 
3 45 55 52 
3 47 49 46 
3 112 49 47 
3 44 51 50 
3 52 51 44 
3 46 55 45 
3 55 54 52 
3 46 56 55 
3 49 53 56 
3 46 49 56 
3 57 51 62 
3 57 50 51 
3 54 62 51 
3 52 54 51 
3 55 59 54 
3 56 53 58 
3 55 60 59 
3 56 58 60 
3 55 56 60 
3 54 64 62 
3 59 64 54 
3 115 57 61 
3 62 61 57 
3 59 66 64 
3 60 63 66 
3 59 60 66 
3 58 63 60 
3 65 115 61 
3 62 64 61 
3 63 67 66 
3 64 68 61 
3 65 61 68 
3 64 69 68 
3 66 69 64 
3 67 69 66 
3 68 70 65 
3 67 124 69 
3 70 68 126 
3 69 127 126 
3 68 69 126 
3 124 127 69 
3 136 76 144 
3 76 136 72 
3 73 72 138 
3 71 73 138 
3 76 83 144 
3 73 71 74 
3 71 75 74 
3 72 85 76 
3 73 85 72 
3 74 81 73 
3 75 77 74 
3 146 78 75 
3 78 79 82 
3 80 82 79 
3 76 84 83 
3 85 84 76 
3 73 81 85 
3 77 81 74 
3 2 77 75 
3 78 2 75 
3 3 2 82 
3 82 2 78 
3 84 88 83 
3 77 5 81 
3 86 3 82 
3 80 86 82 
3 87 86 80 
3 4 84 85 
3 81 4 85 
3 9 3 89 
3 3 86 89 
3 158 89 86 
3 87 158 86 
3 84 13 88 
3 88 90 92 
3 9 89 91 
3 91 158 93 
3 89 158 91 
3 92 94 98 
3 13 90 88 
3 91 95 9 
3 92 90 94 
3 96 95 91 
3 96 93 97 
3 91 93 96 
3 21 23 90 
3 23 94 90 
3 26 20 95 
3 26 95 96 
3 96 97 100 
3 23 29 94 
3 94 29 98 
3 102 28 22 
3 102 22 26 
3 99 100 166 
3 96 100 99 
3 26 96 99 
3 29 101 98 
3 26 99 102 
3 35 28 103 
3 102 103 28 
3 102 104 103 
3 102 99 104 
3 166 104 99 
3 29 106 101 
3 35 103 105 
3 103 104 105 
3 29 31 106 
3 35 105 108 
3 108 107 35 
3 109 107 108 
3 48 111 106 
3 31 48 106 
3 109 42 107 
3 110 42 109 
3 112 42 110 
3 111 48 113 
3 111 113 178 
3 48 50 113 
3 182 53 49 
3 182 49 112 
3 114 53 182 
3 50 57 113 
3 58 53 114 
3 57 115 113 
3 114 184 58 
3 117 113 115 
3 116 58 184 
3 116 63 58 
3 115 65 117 
3 116 118 63 
3 117 65 119 
3 118 67 63 
3 65 70 119 
3 118 120 67 
3 67 120 121 
3 122 70 123 
3 122 119 70 
3 121 124 67 
3 70 125 123 
3 70 126 125 
3 124 193 127 
3 194 123 125 
3 194 122 123 
3 129 125 126 
3 127 129 126 
3 128 194 125 
3 125 129 128 
3 193 129 127 
3 193 196 129 
3 129 130 128 
3 196 130 129 
3 132 133 131 
3 135 134 137 
3 143 135 136 
3 136 135 137 
3 138 137 134 
3 253 138 134 
3 138 253 254 
3 140 262 141 
3 139 148 262 
3 139 262 140 
3 136 144 143 
3 72 136 137 
3 138 72 137 
3 71 138 254 
3 71 254 145 
3 140 149 139 
3 142 151 141 
3 147 143 144 
3 148 146 260 
3 139 79 148 
3 149 79 139 
3 140 150 149 
3 141 150 140 
3 151 150 141 
3 153 147 144 
3 75 71 145 
3 152 147 153 
3 146 75 145 
3 79 78 148 
3 78 146 148 
3 80 79 149 
3 87 80 149 
3 87 149 150 
3 151 87 150 
3 144 83 153 
3 151 154 87 
3 270 154 151 
3 270 155 154 
3 152 157 271 
3 153 157 152 
3 83 88 153 
3 158 87 154 
3 158 154 156 
3 154 155 156 
3 163 271 157 
3 153 92 157 
3 88 92 153 
3 158 156 159 
3 155 159 156 
3 155 277 159 
3 93 158 159 
3 159 277 278 
3 157 98 163 
3 92 98 157 
3 159 161 93 
3 159 278 161 
3 97 93 160 
3 93 161 160 
3 162 100 97 
3 162 97 160 
3 162 160 164 
3 98 101 163 
3 101 165 163 
3 167 166 100 
3 162 283 167 
3 100 162 167 
3 162 164 283 
3 104 166 168 
3 168 166 169 
3 167 287 169 
3 166 167 169 
3 283 287 167 
3 165 106 173 
3 101 106 165 
3 170 105 104 
3 168 170 104 
3 168 169 171 
3 172 108 105 
3 172 105 170 
3 170 168 171 
3 111 173 106 
3 172 170 290 
3 174 110 109 
3 174 109 108 
3 108 175 174 
3 108 172 175 
3 178 176 173 
3 111 178 173 
3 174 177 110 
3 110 177 179 
3 179 112 110 
3 181 176 178 
3 112 179 180 
3 180 182 112 
3 178 183 181 
3 294 114 182 
3 178 186 183 
3 113 186 178 
3 296 184 114 
3 113 117 186 
3 185 116 184 
3 118 116 185 
3 185 300 118 
3 117 119 186 
3 120 118 187 
3 303 183 186 
3 189 303 186 
3 119 189 186 
3 187 188 120 
3 190 121 120 
3 119 122 189 
3 122 192 189 
3 121 191 124 
3 124 191 193 
3 190 191 121 
3 122 194 192 
3 191 195 193 
3 196 193 195 
3 194 308 192 
3 194 311 308 
3 194 128 311 
3 311 128 197 
3 128 198 197 
3 128 130 198 
3 198 130 199 
3 130 312 199 
3 197 314 311 
3 198 314 197 
3 314 198 315 
3 199 315 198 
3 202 200 201 
3 202 201 203 
3 363 209 204 
3 363 205 209 
3 207 204 208 
3 209 208 204 
3 205 210 209 
3 206 210 205 
3 206 371 210 
3 207 208 212 
3 209 132 208 
3 211 132 209 
3 211 209 210 
3 371 211 210 
3 131 213 212 
3 208 131 212 
3 132 131 208 
3 214 132 211 
3 371 214 211 
3 215 217 213 
3 131 215 213 
3 133 132 219 
3 132 214 219 
3 220 219 214 
3 371 220 214 
3 216 220 371 
3 131 133 215 
3 133 219 218 
3 225 220 216 
3 223 217 215 
3 224 223 215 
3 133 224 215 
3 133 221 224 
3 221 133 218 
3 221 218 222 
3 226 222 218 
3 219 226 218 
3 225 219 220 
3 221 227 224 
3 228 227 221 
3 222 228 221 
3 231 226 219 
3 225 231 219 
3 233 228 222 
3 226 233 222 
3 229 233 226 
3 231 229 226 
3 227 228 230 
3 232 229 231 
3 232 233 229 
3 234 235 414 
3 240 235 234 
3 235 240 418 
3 234 414 238 
3 414 236 238 
3 418 412 235 
3 234 237 240 
3 238 237 234 
3 236 242 238 
3 236 239 242 
3 237 243 240 
3 241 243 237 
3 238 241 237 
3 242 241 238 
3 242 239 246 
3 424 246 239 
3 244 241 242 
3 246 244 242 
3 241 247 243 
3 246 424 245 
3 247 250 243 
3 248 247 241 
3 244 248 241 
3 246 245 252 
3 250 428 243 
3 247 261 250 
3 246 251 244 
3 252 251 246 
3 245 249 252 
3 250 436 428 
3 264 261 247 
3 248 264 247 
3 251 248 244 
3 135 259 431 
3 134 431 434 
3 254 253 255 
3 250 265 436 
3 248 262 264 
3 256 262 248 
3 251 256 248 
3 257 256 251 
3 252 257 251 
3 258 257 252 
3 249 258 252 
3 258 249 263 
3 135 143 259 
3 134 135 431 
3 134 434 253 
3 260 255 436 
3 265 260 436 
3 261 265 250 
3 141 262 256 
3 257 141 256 
3 249 266 263 
3 143 440 259 
3 255 145 254 
3 260 145 255 
3 264 148 261 
3 258 141 257 
3 267 440 143 
3 261 148 265 
3 262 148 264 
3 142 141 258 
3 142 258 263 
3 142 263 266 
3 143 147 267 
3 146 145 260 
3 148 260 265 
3 151 142 268 
3 266 268 142 
3 445 268 266 
3 445 269 268 
3 147 272 267 
3 151 268 270 
3 269 270 268 
3 152 271 272 
3 152 272 147 
3 155 270 273 
3 270 269 273 
3 272 271 276 
3 155 273 274 
3 277 155 275 
3 155 274 275 
3 451 275 274 
3 271 163 276 
3 277 275 450 
3 278 277 279 
3 450 453 279 
3 277 450 279 
3 163 280 276 
3 282 160 161 
3 161 278 282 
3 282 278 279 
3 453 281 279 
3 160 282 455 
3 281 282 279 
3 163 165 280 
3 284 164 160 
3 160 455 284 
3 284 283 164 
3 458 283 284 
3 454 280 285 
3 283 458 287 
3 165 173 280 
3 173 285 280 
3 286 171 169 
3 286 169 287 
3 288 290 170 
3 288 170 171 
3 289 171 286 
3 288 171 289 
3 290 175 172 
3 288 291 290 
3 173 176 285 
3 292 174 175 
3 292 175 290 
3 176 459 285 
3 293 174 292 
3 293 177 174 
3 462 177 293 
3 460 293 292 
3 177 462 463 
3 177 463 179 
3 181 459 176 
3 466 180 179 
3 463 466 179 
3 294 182 467 
3 180 467 182 
3 180 466 467 
3 183 298 181 
3 294 296 114 
3 295 296 294 
3 297 185 184 
3 297 184 296 
3 299 185 297 
3 185 299 300 
3 300 187 118 
3 183 303 298 
3 300 473 187 
3 187 473 188 
3 301 473 300 
3 188 190 120 
3 302 190 188 
3 473 302 188 
3 693 298 303 
3 302 475 190 
3 189 192 303 
3 304 191 190 
3 475 304 190 
3 195 191 304 
3 192 306 303 
3 305 306 192 
3 195 304 307 
3 192 308 305 
3 310 130 196 
3 309 196 195 
3 310 196 309 
3 307 309 195 
3 311 313 308 
3 312 130 310 
3 482 312 310 
3 311 314 313 
3 485 315 199 
3 315 317 314 
3 314 317 316 
3 485 317 315 
3 492 320 319 
3 492 321 320 
3 319 327 318 
3 320 321 324 
3 321 494 324 
3 322 318 327 
3 326 322 327 
3 323 327 319 
3 320 323 319 
3 324 323 320 
3 494 329 324 
3 325 322 326 
3 200 327 323 
3 201 200 323 
3 201 323 324 
3 328 201 324 
3 329 328 324 
3 330 325 326 
3 327 330 326 
3 200 331 330 
3 200 330 327 
3 203 201 328 
3 329 333 328 
3 330 334 325 
3 332 334 330 
3 330 331 332 
3 332 331 335 
3 200 202 331 
3 331 202 335 
3 337 203 328 
3 339 337 328 
3 339 328 333 
3 335 334 332 
3 202 203 336 
3 203 337 336 
3 335 341 334 
3 202 343 335 
3 202 338 343 
3 338 202 336 
3 338 336 342 
3 345 342 336 
3 337 345 336 
3 347 345 337 
3 339 347 337 
3 340 339 333 
3 346 341 335 
3 343 346 335 
3 344 343 338 
3 342 344 338 
3 339 340 505 
3 347 339 505 
3 341 507 503 
3 341 346 507 
3 349 346 343 
3 344 349 343 
3 350 344 342 
3 345 350 342 
3 351 350 345 
3 347 351 345 
3 508 347 505 
3 508 348 347 
3 511 346 356 
3 511 507 346 
3 352 356 346 
3 349 352 346 
3 348 351 347 
3 356 516 511 
3 353 352 349 
3 344 353 349 
3 354 353 344 
3 350 354 344 
3 355 354 350 
3 351 355 350 
3 351 348 355 
3 352 514 356 
3 353 514 352 
3 355 357 354 
3 348 357 355 
3 354 357 359 
3 353 354 359 
3 358 359 357 
3 514 353 359 
3 360 361 363 
3 361 364 363 
3 361 536 364 
3 536 538 364 
3 363 362 360 
3 538 365 364 
3 367 365 538 
3 543 362 366 
3 363 204 362 
3 362 204 366 
3 206 205 364 
3 205 363 364 
3 365 206 364 
3 370 543 366 
3 207 370 366 
3 204 207 366 
3 371 206 368 
3 368 206 365 
3 367 368 365 
3 369 368 367 
3 544 543 370 
3 369 371 368 
3 372 544 370 
3 207 372 370 
3 369 373 371 
3 546 372 547 
3 207 212 372 
3 212 547 372 
3 216 371 373 
3 212 213 547 
3 547 213 217 
3 216 373 548 
3 217 223 374 
3 376 223 375 
3 374 223 376 
3 375 223 224 
3 216 548 553 
3 225 216 553 
3 375 552 376 
3 224 227 375 
3 231 225 377 
3 553 377 225 
3 375 378 552 
3 379 378 375 
3 375 227 380 
3 375 380 379 
3 380 227 230 
3 232 231 382 
3 382 231 377 
3 383 382 377 
3 383 377 553 
3 556 378 379 
3 557 556 379 
3 380 557 379 
3 230 228 381 
3 230 381 380 
3 381 228 233 
3 380 385 557 
3 381 385 380 
3 233 386 381 
3 233 232 386 
3 386 232 392 
3 390 392 232 
3 382 390 232 
3 387 390 382 
3 383 387 382 
3 387 383 384 
3 381 388 385 
3 389 388 381 
3 386 389 381 
3 393 389 386 
3 392 393 386 
3 389 391 388 
3 395 391 389 
3 393 395 389 
3 394 393 392 
3 390 394 392 
3 395 566 391 
3 396 395 393 
3 394 396 393 
3 395 396 570 
3 397 402 398 
3 399 402 397 
3 400 399 397 
3 402 605 398 
3 399 400 401 
3 404 605 402 
3 401 403 399 
3 405 404 402 
3 399 405 402 
3 403 405 399 
3 406 405 403 
3 413 644 641 
3 407 413 641 
3 408 411 407 
3 409 415 408 
3 412 410 644 
3 413 412 644 
3 415 411 408 
3 409 416 415 
3 235 413 407 
3 411 235 407 
3 411 414 235 
3 414 411 415 
3 415 416 419 
3 413 235 412 
3 236 414 415 
3 419 236 415 
3 419 416 417 
3 412 418 410 
3 423 652 410 
3 418 423 410 
3 239 236 419 
3 239 419 417 
3 239 417 420 
3 421 423 418 
3 240 421 418 
3 424 239 420 
3 424 420 422 
3 423 426 425 
3 421 426 423 
3 421 240 428 
3 425 426 432 
3 421 427 426 
3 243 428 240 
3 245 424 422 
3 245 422 429 
3 426 435 432 
3 427 435 426 
3 421 428 427 
3 433 245 429 
3 655 434 431 
3 655 432 434 
3 435 434 432 
3 255 435 427 
3 436 427 428 
3 245 433 249 
3 852 259 439 
3 430 431 259 
3 253 434 435 
3 255 253 435 
3 427 436 255 
3 249 433 437 
3 438 249 437 
3 259 440 439 
3 266 249 438 
3 439 440 442 
3 266 438 661 
3 444 266 661 
3 441 444 661 
3 267 443 442 
3 440 267 442 
3 445 266 444 
3 443 272 665 
3 272 443 267 
3 269 445 446 
3 666 446 445 
3 666 667 446 
3 272 448 665 
3 447 269 446 
3 447 273 269 
3 667 447 446 
3 272 276 448 
3 447 449 273 
3 274 273 451 
3 449 451 273 
3 448 276 668 
3 452 275 451 
3 450 275 452 
3 452 453 450 
3 276 280 668 
3 281 455 282 
3 668 280 454 
3 457 458 284 
3 457 284 455 
3 456 457 455 
3 285 677 454 
3 285 678 677 
3 679 286 287 
3 679 287 458 
3 675 679 458 
3 289 291 288 
3 679 289 286 
3 285 459 678 
3 292 290 291 
3 460 292 291 
3 289 681 291 
3 461 293 460 
3 462 293 461 
3 871 461 460 
3 684 463 462 
3 459 181 465 
3 464 463 684 
3 464 466 463 
3 468 467 466 
3 467 686 294 
3 468 686 467 
3 181 298 465 
3 295 294 469 
3 294 686 469 
3 470 297 296 
3 295 470 296 
3 469 470 295 
3 687 465 298 
3 471 297 470 
3 301 300 299 
3 472 299 297 
3 301 299 472 
3 298 693 690 
3 692 302 473 
3 474 302 692 
3 302 474 475 
3 303 306 693 
3 304 475 476 
3 476 307 304 
3 697 696 306 
3 305 697 306 
3 479 310 309 
3 477 307 476 
3 477 309 307 
3 479 309 477 
3 699 697 478 
3 305 308 697 
3 308 478 697 
3 477 480 479 
3 308 313 478 
3 480 310 479 
3 482 310 480 
3 313 701 478 
3 481 701 313 
3 704 312 482 
3 703 481 483 
3 703 701 481 
3 313 314 481 
3 312 485 199 
3 481 316 483 
3 314 316 481 
3 485 312 704 
3 484 483 316 
3 484 316 317 
3 486 317 485 
3 485 704 706 
3 484 710 483 
3 710 484 711 
3 484 317 711 
3 317 487 711 
3 317 486 487 
3 708 487 486 
3 491 489 715 
3 715 488 490 
3 491 715 490 
3 489 493 723 
3 491 493 489 
3 492 491 490 
3 490 719 321 
3 492 490 321 
3 725 493 496 
3 725 723 493 
3 319 318 491 
3 491 318 493 
3 319 491 492 
3 719 720 494 
3 321 719 494 
3 720 495 494 
3 726 725 496 
3 493 318 496 
3 496 497 726 
3 318 322 496 
3 496 322 497 
3 329 494 495 
3 498 329 495 
3 729 726 497 
3 497 499 729 
3 322 499 497 
3 325 499 322 
3 733 333 498 
3 333 329 498 
3 500 732 499 
3 499 325 500 
3 501 333 733 
3 734 732 500 
3 325 334 500 
3 500 334 734 
3 334 502 734 
3 501 340 333 
3 503 502 341 
3 502 334 341 
3 340 501 505 
3 503 506 502 
3 505 501 504 
3 508 505 509 
3 509 505 504 
3 511 737 503 
3 507 511 503 
3 510 348 508 
3 509 510 508 
3 738 510 509 
3 512 348 510 
3 514 516 356 
3 357 348 512 
3 357 512 515 
3 513 512 510 
3 358 357 517 
3 517 357 515 
3 512 513 518 
3 515 512 518 
3 520 523 516 
3 514 520 516 
3 514 519 520 
3 519 514 359 
3 359 521 519 
3 359 358 521 
3 521 358 522 
3 524 522 358 
3 517 524 358 
3 518 517 515 
3 520 744 523 
3 745 744 520 
3 519 745 520 
3 527 745 519 
3 521 527 519 
3 525 524 517 
3 518 525 517 
3 525 518 526 
3 528 527 521 
3 522 528 521 
3 530 528 522 
3 524 530 522 
3 529 530 524 
3 525 529 524 
3 526 746 525 
3 966 745 527 
3 528 966 527 
3 530 532 528 
3 746 529 525 
3 528 531 966 
3 532 531 528 
3 530 529 746 
3 530 533 532 
3 746 533 530 
3 531 532 533 
3 535 536 537 
3 755 536 535 
3 537 536 540 
3 536 755 538 
3 755 758 538 
3 540 360 539 
3 540 361 360 
3 361 540 536 
3 367 538 541 
3 541 538 758 
3 360 362 539 
3 542 367 541 
3 369 367 542 
3 762 369 542 
3 763 765 762 
3 373 369 762 
3 765 548 762 
3 545 544 546 
3 545 764 544 
3 372 546 544 
3 548 373 762 
3 549 546 547 
3 217 374 547 
3 374 549 547 
3 766 551 548 
3 549 374 550 
3 550 374 376 
3 553 548 551 
3 767 553 551 
3 383 553 558 
3 558 553 767 
3 554 558 767 
3 555 378 556 
3 384 383 558 
3 556 562 555 
3 560 562 556 
3 557 560 556 
3 557 385 559 
3 557 559 560 
3 559 385 388 
3 561 384 558 
3 554 561 558 
3 559 388 563 
3 559 563 560 
3 563 388 391 
3 568 387 384 
3 568 384 561 
3 564 562 560 
3 563 564 560 
3 390 387 565 
3 387 568 565 
3 563 391 566 
3 394 390 567 
3 390 565 567 
3 769 568 561 
3 769 572 568 
3 563 575 564 
3 566 575 563 
3 569 566 395 
3 569 395 570 
3 396 394 567 
3 396 567 571 
3 576 571 567 
3 565 576 567 
3 573 575 566 
3 569 573 566 
3 574 570 396 
3 571 574 396 
3 572 576 565 
3 568 572 565 
3 573 578 575 
3 576 572 577 
3 573 579 578 
3 573 569 579 
3 581 569 570 
3 574 581 570 
3 583 574 571 
3 576 583 571 
3 580 583 576 
3 577 580 576 
3 569 581 579 
3 778 581 574 
3 583 778 574 
3 580 577 585 
3 581 778 582 
3 584 583 580 
3 585 584 580 
3 583 584 778 
3 598 591 589 
3 587 598 589 
3 596 587 590 
3 588 596 590 
3 588 593 592 
3 596 588 592 
3 593 594 592 
3 601 595 591 
3 598 601 591 
3 599 598 587 
3 596 599 587 
3 601 600 595 
3 602 596 592 
3 594 602 592 
3 602 594 597 
3 816 600 604 
3 816 595 600 
3 397 398 599 
3 599 398 601 
3 599 601 598 
3 397 599 596 
3 602 397 596 
3 603 597 817 
3 602 597 603 
3 398 600 601 
3 603 817 606 
3 605 819 604 
3 600 605 604 
3 600 398 605 
3 400 397 602 
3 603 400 602 
3 400 603 401 
3 607 401 603 
3 606 607 603 
3 605 608 819 
3 404 608 605 
3 403 401 609 
3 607 609 401 
3 610 609 607 
3 615 819 608 
3 614 609 610 
3 404 615 608 
3 612 404 405 
3 406 403 611 
3 611 403 609 
3 614 611 609 
3 404 612 615 
3 612 405 613 
3 613 405 406 
3 613 616 612 
3 406 618 613 
3 618 406 611 
3 618 611 624 
3 619 624 611 
3 614 619 611 
3 620 619 614 
3 613 617 616 
3 622 617 613 
3 618 622 613 
3 612 626 621 
3 612 616 626 
3 617 626 616 
3 624 622 618 
3 619 625 624 
3 620 625 619 
3 617 630 626 
3 627 630 617 
3 622 627 617 
3 623 627 622 
3 624 623 622 
3 625 620 628 
3 625 623 624 
3 623 629 627 
3 631 629 623 
3 625 631 623 
3 628 631 625 
3 628 632 631 
3 627 633 630 
3 629 633 627 
3 629 635 633 
3 636 635 629 
3 631 636 629 
3 636 632 637 
3 631 632 636 
3 638 634 633 
3 635 638 633 
3 638 640 634 
3 642 638 635 
3 636 642 635 
3 642 636 637 
3 640 649 634 
3 641 640 638 
3 642 641 638 
3 637 639 643 
3 642 637 643 
3 644 649 640 
3 641 644 640 
3 407 641 642 
3 408 407 642 
3 408 642 643 
3 647 650 646 
3 648 650 647 
3 409 408 645 
3 408 643 645 
3 409 645 646 
3 409 646 650 
3 644 410 649 
3 410 837 649 
3 416 409 650 
3 650 648 651 
3 837 410 652 
3 417 416 651 
3 651 416 650 
3 839 837 652 
3 653 417 651 
3 839 652 654 
3 420 417 653 
3 652 423 654 
3 842 422 653 
3 653 422 420 
3 845 425 844 
3 423 845 654 
3 846 422 842 
3 655 844 425 
3 423 425 845 
3 422 846 429 
3 846 848 429 
3 430 657 655 
3 425 432 655 
3 656 429 848 
3 657 430 852 
3 655 431 430 
3 429 656 433 
3 656 658 433 
3 658 437 433 
3 852 439 851 
3 259 852 430 
3 659 437 658 
3 438 437 659 
3 851 439 442 
3 660 661 659 
3 659 661 438 
3 660 662 661 
3 662 441 661 
3 663 444 441 
3 663 441 662 
3 663 445 444 
3 664 666 663 
3 663 666 445 
3 664 858 666 
3 665 448 857 
3 667 449 447 
3 857 448 1089 
3 449 860 669 
3 449 669 451 
3 448 668 1089 
3 451 670 452 
3 452 670 671 
3 452 671 453 
3 669 670 451 
3 668 864 1089 
3 453 673 281 
3 453 672 673 
3 863 455 281 
3 673 863 281 
3 668 454 864 
3 674 455 863 
3 456 455 674 
3 454 677 864 
3 458 457 676 
3 675 458 676 
3 867 679 675 
3 678 682 677 
3 867 869 679 
3 289 679 680 
3 678 459 682 
3 681 871 460 
3 681 460 291 
3 681 289 680 
3 459 465 682 
3 683 462 461 
3 684 462 683 
3 685 464 684 
3 1126 468 464 
3 468 466 464 
3 1126 686 468 
3 688 469 686 
3 688 880 469 
3 469 880 470 
3 881 878 883 
3 881 877 878 
3 470 689 471 
3 470 880 689 
3 471 472 297 
3 689 472 471 
3 298 690 687 
3 472 886 301 
3 301 887 473 
3 886 887 301 
3 473 887 692 
3 1142 690 693 
3 691 474 692 
3 474 694 475 
3 1142 693 696 
3 306 696 693 
3 476 475 694 
3 694 695 476 
3 476 695 698 
3 697 699 696 
3 476 896 477 
3 477 896 480 
3 698 896 476 
3 699 478 900 
3 896 700 480 
3 478 701 900 
3 907 704 482 
3 702 482 480 
3 907 482 702 
3 483 705 703 
3 706 486 485 
3 1185 706 704 
3 907 1185 704 
3 705 908 703 
3 707 908 705 
3 705 483 710 
3 708 486 706 
3 705 709 707 
3 710 709 705 
3 712 711 487 
3 709 710 713 
3 710 920 713 
3 710 711 920 
3 711 916 920 
3 711 712 916 
3 714 715 718 
3 714 488 715 
3 930 716 488 
3 718 717 934 
3 489 717 718 
3 489 718 715 
3 490 488 716 
3 716 719 490 
3 716 941 719 
3 720 719 941 
3 721 724 943 
3 722 723 721 
3 722 717 723 
3 489 723 717 
3 725 724 721 
3 723 725 721 
3 727 495 720 
3 724 728 946 
3 725 728 724 
3 726 728 725 
3 495 727 498 
3 727 950 498 
3 729 730 728 
3 726 729 728 
3 729 731 730 
3 729 499 731 
3 733 498 950 
3 499 732 731 
3 954 501 733 
3 735 734 502 
3 736 501 954 
3 504 501 736 
3 956 504 736 
3 960 735 502 
3 960 502 506 
3 737 960 506 
3 737 506 503 
3 739 738 504 
3 504 738 509 
3 739 740 738 
3 1546 737 511 
3 740 513 738 
3 738 513 510 
3 1234 511 516 
3 1546 511 1234 
3 518 513 742 
3 742 513 740 
3 742 740 741 
3 526 518 742 
3 742 741 743 
3 747 526 742 
3 747 742 743 
3 745 964 744 
3 746 526 747 
3 743 748 747 
3 964 745 966 
3 749 746 747 
3 748 749 747 
3 533 746 751 
3 749 751 746 
3 967 749 748 
3 533 751 750 
3 749 970 751 
3 970 974 751 
3 974 975 750 
3 975 752 750 
3 975 979 752 
3 1266 984 535 
3 987 754 537 
3 535 537 754 
3 755 535 984 
3 755 984 756 
3 756 986 757 
3 987 540 759 
3 537 540 987 
3 758 755 756 
3 757 758 756 
3 759 539 992 
3 759 540 539 
3 542 541 760 
3 760 541 758 
3 760 758 757 
3 990 760 757 
3 362 761 992 
3 539 362 992 
3 762 542 760 
3 763 762 760 
3 990 763 760 
3 994 761 543 
3 362 543 761 
3 994 544 764 
3 544 994 543 
3 995 765 763 
3 766 548 765 
3 549 545 546 
3 551 766 767 
3 996 549 997 
3 549 550 997 
3 550 376 997 
3 376 999 997 
3 767 998 554 
3 552 999 376 
3 999 552 768 
3 552 378 768 
3 555 768 378 
3 555 1001 768 
3 555 562 1001 
3 554 1002 770 
3 769 561 770 
3 770 561 554 
3 1004 564 575 
3 769 770 771 
3 577 572 773 
3 572 769 773 
3 575 1006 1004 
3 771 773 769 
3 1006 578 772 
3 575 578 1006 
3 772 578 579 
3 585 577 773 
3 773 771 776 
3 772 1008 1006 
3 579 774 772 
3 780 774 581 
3 774 579 581 
3 775 585 773 
3 775 773 776 
3 774 777 772 
3 780 581 582 
3 782 585 775 
3 774 779 777 
3 584 585 787 
3 585 782 787 
3 1009 775 776 
3 1009 783 775 
3 780 779 774 
3 785 582 778 
3 584 785 778 
3 584 781 785 
3 781 584 787 
3 782 775 783 
3 780 784 779 
3 780 582 784 
3 789 784 582 
3 785 789 582 
3 787 786 781 
3 1015 787 782 
3 783 1015 782 
3 785 786 1014 
3 781 786 785 
3 787 788 786 
3 1015 788 787 
3 789 785 1014 
3 1017 786 788 
3 1025 1031 790 
3 792 790 1031 
3 790 791 1025 
3 791 790 793 
3 792 1038 796 
3 795 793 790 
3 792 795 790 
3 796 795 792 
3 798 796 1038 
3 1036 794 797 
3 1036 793 794 
3 795 794 793 
3 800 797 794 
3 801 794 795 
3 802 801 795 
3 796 802 795 
3 803 802 796 
3 798 803 796 
3 799 800 794 
3 801 799 794 
3 808 798 805 
3 803 798 808 
3 805 804 808 
3 1046 800 799 
3 801 586 799 
3 802 586 801 
3 806 586 802 
3 806 802 803 
3 804 805 807 
3 799 810 1046 
3 811 810 799 
3 586 811 799 
3 586 806 589 
3 804 807 809 
3 1044 809 807 
3 589 591 811 
3 589 811 586 
3 587 589 806 
3 590 587 803 
3 587 806 803 
3 588 590 808 
3 590 803 808 
3 588 808 804 
3 593 588 804 
3 593 804 809 
3 1050 810 814 
3 1050 1046 810 
3 811 591 595 
3 811 595 810 
3 1044 812 809 
3 594 593 809 
3 594 809 812 
3 810 595 814 
3 597 594 812 
3 597 812 813 
3 595 816 814 
3 817 597 813 
3 817 813 815 
3 1053 814 816 
3 815 1055 817 
3 818 1053 816 
3 818 604 819 
3 816 604 818 
3 606 817 607 
3 607 817 1055 
3 1055 1056 607 
3 610 607 1056 
3 615 1059 819 
3 614 610 820 
3 820 610 1056 
3 614 820 822 
3 620 614 822 
3 820 821 822 
3 621 615 612 
3 821 824 822 
3 615 621 1059 
3 620 822 824 
3 824 823 620 
3 626 825 621 
3 628 620 823 
3 825 626 826 
3 1061 823 824 
3 826 626 630 
3 628 823 632 
3 1061 827 823 
3 823 827 632 
3 1065 825 826 
3 633 826 630 
3 827 637 632 
3 830 1065 826 
3 633 634 826 
3 634 830 826 
3 637 827 639 
3 639 827 828 
3 1066 828 827 
3 829 828 1066 
3 1067 830 834 
3 1067 1065 830 
3 830 634 649 
3 828 829 831 
3 639 828 831 
3 829 647 831 
3 829 833 647 
3 649 834 830 
3 645 643 639 
3 646 645 831 
3 645 639 831 
3 646 831 647 
3 833 648 647 
3 833 1070 648 
3 836 648 1070 
3 649 835 834 
3 649 837 835 
3 651 648 836 
3 838 1073 835 
3 835 837 838 
3 653 651 840 
3 840 651 836 
3 837 839 838 
3 839 841 838 
3 1074 653 840 
3 839 845 841 
3 654 845 839 
3 1074 842 653 
3 843 841 847 
3 844 847 841 
3 845 844 841 
3 850 843 847 
3 657 850 847 
3 655 657 847 
3 655 847 844 
3 849 848 1078 
3 849 656 848 
3 852 851 850 
3 657 852 850 
3 849 658 656 
3 853 849 1081 
3 853 658 849 
3 659 658 853 
3 854 853 1082 
3 442 1083 851 
3 660 659 853 
3 854 660 853 
3 854 662 660 
3 443 1415 1083 
3 442 443 1083 
3 854 855 662 
3 663 662 855 
3 1415 443 1085 
3 663 855 664 
3 856 664 855 
3 443 665 1085 
3 856 858 664 
3 665 857 1087 
3 858 667 666 
3 856 859 858 
3 858 859 667 
3 667 859 449 
3 860 449 859 
3 669 860 861 
3 862 671 670 
3 669 861 670 
3 671 672 453 
3 862 672 671 
3 672 863 673 
3 677 1093 864 
3 1094 676 865 
3 865 676 457 
3 865 457 456 
3 865 456 674 
3 677 1095 1093 
3 866 675 676 
3 1094 866 676 
3 868 867 675 
3 866 868 675 
3 866 1096 868 
3 682 1101 1095 
3 677 682 1095 
3 680 679 869 
3 867 1098 869 
3 872 871 681 
3 872 680 870 
3 681 680 872 
3 682 875 1101 
3 1106 683 873 
3 683 461 873 
3 873 461 871 
3 871 874 873 
3 871 872 874 
3 876 683 1106 
3 682 687 875 
3 465 687 682 
3 1112 685 684 
3 683 1112 684 
3 683 876 1112 
3 1463 687 885 
3 685 1126 464 
3 1469 1126 685 
3 688 686 1126 
3 688 1133 880 
3 688 1126 1133 
3 877 1124 1118 
3 881 1124 877 
3 1138 878 879 
3 880 882 689 
3 1133 882 880 
3 878 1138 1135 
3 687 690 885 
3 689 886 472 
3 1134 881 883 
3 689 884 886 
3 882 884 689 
3 1142 1132 885 
3 1147 887 886 
3 690 1142 885 
3 887 691 692 
3 887 888 691 
3 1147 888 887 
3 691 694 474 
3 694 691 890 
3 1157 892 891 
3 1142 696 889 
3 890 695 694 
3 889 696 1167 
3 893 698 695 
3 890 893 695 
3 696 699 1167 
3 698 893 894 
3 900 899 1167 
3 699 900 1167 
3 894 896 698 
3 896 901 700 
3 894 901 896 
3 904 895 897 
3 898 904 897 
3 906 898 902 
3 904 898 906 
3 902 905 906 
3 905 902 1175 
3 900 903 899 
3 1180 702 700 
3 702 480 700 
3 1179 895 904 
3 903 905 899 
3 900 701 903 
3 909 1179 904 
3 910 909 904 
3 906 910 904 
3 911 906 905 
3 903 911 905 
3 703 911 903 
3 701 703 903 
3 1184 1179 909 
3 911 910 906 
3 703 908 911 
3 1186 708 706 
3 1185 1186 706 
3 912 1184 909 
3 910 912 909 
3 911 707 912 
3 911 912 910 
3 908 707 911 
3 915 487 708 
3 915 708 1186 
3 912 913 1184 
3 914 913 912 
3 912 707 914 
3 914 707 709 
3 917 712 487 
3 917 487 915 
3 1190 1184 913 
3 914 709 1193 
3 917 916 712 
3 921 916 917 
3 918 1190 913 
3 913 919 918 
3 914 919 913 
3 1193 919 914 
3 713 1194 1193 
3 1193 709 713 
3 713 920 1194 
3 920 916 921 
3 924 922 925 
3 927 924 925 
3 922 923 925 
3 926 924 927 
3 927 931 926 
3 925 939 927 
3 940 939 925 
3 928 940 925 
3 923 928 925 
3 1208 928 923 
3 1208 932 928 
3 929 714 935 
3 929 930 714 
3 929 936 930 
3 939 931 927 
3 933 934 932 
3 933 935 934 
3 935 714 934 
3 488 714 930 
3 930 936 716 
3 937 926 931 
3 938 937 931 
3 943 938 931 
3 939 943 931 
3 722 940 928 
3 932 722 928 
3 934 722 932 
3 718 934 714 
3 938 942 937 
3 940 943 939 
3 721 943 940 
3 721 940 722 
3 717 722 934 
3 941 944 720 
3 1214 720 944 
3 938 945 942 
3 943 945 938 
3 946 945 943 
3 724 946 943 
3 727 720 1214 
3 942 947 1217 
3 942 945 947 
3 948 947 945 
3 946 948 945 
3 948 946 728 
3 949 950 727 
3 951 947 948 
3 948 728 951 
3 951 728 730 
3 952 733 950 
3 953 947 951 
3 1222 733 952 
3 954 733 1222 
3 1225 953 951 
3 1227 730 731 
3 1225 730 1227 
3 951 730 1225 
3 955 954 1223 
3 1228 731 732 
3 1227 731 1228 
3 735 732 734 
3 1228 732 735 
3 736 954 955 
3 958 956 957 
3 958 504 956 
3 735 960 959 
3 958 739 504 
3 960 737 1546 
3 1233 740 739 
3 961 962 1233 
3 962 740 1233 
3 741 740 962 
3 523 1234 516 
3 962 1238 741 
3 1238 743 741 
3 963 523 744 
3 963 744 964 
3 743 1238 748 
3 748 1238 965 
3 965 967 748 
3 968 966 531 
3 749 967 969 
3 970 749 971 
3 749 969 971 
3 968 972 1241 
3 969 977 971 
3 970 971 977 
3 976 975 974 
3 970 976 974 
3 970 977 976 
3 978 979 975 
3 976 978 975 
3 976 1248 978 
3 979 978 1250 
3 980 1250 982 
3 988 983 754 
3 983 535 754 
3 1266 535 983 
3 1265 1266 983 
3 1266 985 984 
3 1269 986 985 
3 754 987 988 
3 986 756 985 
3 756 984 985 
3 990 757 986 
3 991 990 986 
3 1269 991 986 
3 1271 987 759 
3 1270 1275 991 
3 989 759 992 
3 763 990 991 
3 761 993 992 
3 993 1272 992 
3 763 991 1275 
3 994 1277 993 
3 994 993 761 
3 763 1275 995 
3 1277 994 764 
3 764 545 1278 
3 995 766 765 
3 1278 545 1597 
3 1597 545 1280 
3 545 549 1280 
3 1280 549 996 
3 767 766 1281 
3 998 767 1281 
3 1000 999 768 
3 1002 554 998 
3 1002 998 1607 
3 1000 768 1286 
3 1286 768 1001 
3 1286 1001 1287 
3 1287 1001 562 
3 562 1288 1287 
3 1288 562 1003 
3 562 564 1003 
3 1002 1289 1005 
3 770 1002 1005 
3 1003 564 1004 
3 1005 771 770 
3 1004 1006 1290 
3 776 771 1005 
3 1006 1291 1290 
3 776 1005 1007 
3 1291 1006 1008 
3 1007 1009 776 
3 777 1008 772 
3 1292 1008 777 
3 777 779 1295 
3 1010 783 1009 
3 1293 1010 1009 
3 1293 1011 1010 
3 1295 779 1012 
3 1013 1012 779 
3 1013 779 784 
3 1015 783 1016 
3 783 1010 1016 
3 1298 1010 1011 
3 1016 1010 1298 
3 1299 1012 1013 
3 784 789 1020 
3 784 1020 1013 
3 1020 789 1014 
3 1021 1017 788 
3 1021 788 1015 
3 1021 1015 1018 
3 1016 1018 1015 
3 1019 1018 1016 
3 1298 1019 1016 
3 1020 1300 1013 
3 1023 1020 1014 
3 786 1017 1014 
3 1014 1017 1023 
3 1017 1304 1023 
3 1021 1304 1017 
3 1022 1021 1018 
3 1019 1022 1018 
3 1021 1305 1304 
3 1021 1022 1305 
3 1024 1025 1028 
3 1024 1026 1025 
3 1026 1031 1025 
3 1026 1027 1031 
3 1366 1367 1029 
3 1031 1027 1032 
3 1367 1030 1029 
3 1028 1030 1367 
3 1028 791 1030 
3 791 1028 1025 
3 1033 1371 1029 
3 1030 1033 1029 
3 1030 791 1033 
3 1033 791 793 
3 1038 792 1031 
3 1038 1031 1032 
3 1038 1032 1034 
3 1033 1035 1371 
3 1036 1035 1033 
3 793 1036 1033 
3 1036 1037 1035 
3 1038 1034 1039 
3 1036 797 1037 
3 805 798 1038 
3 805 1038 1039 
3 797 1041 1037 
3 1041 797 800 
3 1039 1040 1043 
3 805 1039 1043 
3 1040 1042 1043 
3 1046 1048 1041 
3 800 1046 1041 
3 807 805 1043 
3 807 1043 1042 
3 1045 1044 1042 
3 1042 1044 807 
3 1046 1050 1048 
3 1047 812 1045 
3 812 1044 1045 
3 1049 812 1047 
3 1380 813 1049 
3 1049 813 812 
3 1051 813 1380 
3 1381 814 1052 
3 1381 1050 814 
3 814 1053 1052 
3 815 813 1054 
3 1054 813 1051 
3 1384 1055 815 
3 1053 818 1387 
3 1384 1056 1055 
3 818 1059 1387 
3 819 1059 818 
3 820 1056 821 
3 1056 1057 821 
3 1057 1058 821 
3 821 1058 824 
3 1058 1060 824 
3 1395 1059 621 
3 824 1060 1061 
3 621 1063 1395 
3 825 1063 621 
3 827 1061 1062 
3 1401 1063 1065 
3 825 1065 1063 
3 827 1062 1066 
3 1064 1066 1062 
3 1065 1067 1401 
3 829 1402 832 
3 829 832 833 
3 1405 833 832 
3 1067 834 1068 
3 833 1405 1069 
3 833 1069 1070 
3 1073 1409 1068 
3 834 835 1068 
3 835 1073 1068 
3 1070 840 836 
3 1071 840 1072 
3 1072 840 1070 
3 1074 840 1071 
3 1075 1853 1073 
3 838 1075 1073 
3 1412 1076 1074 
3 838 841 1075 
3 842 1074 1076 
3 1077 842 1076 
3 1075 843 1411 
3 841 843 1075 
3 842 1077 846 
3 1077 1078 848 
3 1077 848 846 
3 850 1079 843 
3 851 1080 1079 
3 850 851 1079 
3 1081 849 1078 
3 851 1083 1080 
3 1082 853 1081 
3 1416 1083 1415 
3 1084 854 1082 
3 854 1084 855 
3 1086 856 855 
3 1086 855 1084 
3 1085 1087 1417 
3 1085 665 1087 
3 1419 856 1086 
3 1419 859 856 
3 1419 1088 859 
3 859 1088 860 
3 857 1089 1879 
3 1089 1421 1879 
3 861 860 1423 
3 860 1088 1423 
3 1090 862 670 
3 861 1090 670 
3 1425 1090 861 
3 1423 1425 861 
3 1089 864 1421 
3 862 1090 1091 
3 862 1430 672 
3 862 1091 1430 
3 672 1092 863 
3 672 1430 1092 
3 1439 674 1092 
3 1092 674 863 
3 1439 1094 865 
3 674 1439 865 
3 1094 1096 866 
3 1093 1095 1440 
3 1449 1098 868 
3 1098 867 868 
3 1445 1103 1444 
3 1445 1097 1103 
3 1448 869 1098 
3 1102 870 1448 
3 870 680 1448 
3 680 869 1448 
3 1097 1108 1103 
3 1099 1104 1097 
3 1454 874 1102 
3 1102 874 872 
3 870 1102 872 
3 1104 1108 1097 
3 1109 1106 1107 
3 1107 1106 873 
3 1107 873 874 
3 1104 1114 1108 
3 1110 1114 1104 
3 1111 1110 1104 
3 1099 1111 1104 
3 1113 1111 1099 
3 1105 1113 1099 
3 1105 1460 1113 
3 876 1106 1109 
3 1465 1108 1114 
3 1110 1117 1114 
3 875 687 1463 
3 1465 1114 1116 
3 1469 685 1115 
3 1112 1115 685 
3 1122 1116 1114 
3 1117 1122 1114 
3 1110 1123 1117 
3 1111 1123 1110 
3 1124 1123 1111 
3 1113 1124 1111 
3 1118 1124 1113 
3 1460 1118 1113 
3 1118 1460 1119 
3 1120 877 1119 
3 1122 1121 1116 
3 1127 1122 1117 
3 1123 1127 1117 
3 1119 877 1118 
3 877 1120 1125 
3 877 1125 878 
3 1132 1463 885 
3 1129 1126 1469 
3 1128 1127 1123 
3 1125 879 878 
3 1129 1133 1126 
3 1127 1121 1122 
3 1128 1131 1127 
3 1124 881 1128 
3 1124 1128 1123 
3 1127 1130 1121 
3 1131 1130 1127 
3 1128 881 1131 
3 1473 882 1133 
3 1139 1130 1131 
3 1131 881 1134 
3 1131 1134 1139 
3 1135 883 878 
3 1135 1138 1137 
3 1150 1468 1132 
3 1130 1139 1136 
3 1140 1134 883 
3 1140 883 1135 
3 1141 1140 1135 
3 1137 1141 1135 
3 1142 1150 1132 
3 1480 884 882 
3 1151 1139 1134 
3 1140 1151 1134 
3 1140 1141 1144 
3 1138 1145 1137 
3 1145 1138 1479 
3 1479 1146 1145 
3 1149 1146 1479 
3 884 1147 886 
3 1143 1136 1139 
3 1156 1143 1139 
3 1151 1156 1139 
3 1144 1151 1140 
3 1148 1144 1141 
3 1137 1148 1141 
3 1145 1148 1137 
3 1480 1147 884 
3 1152 1148 1145 
3 1146 1152 1145 
3 1149 1153 1146 
3 1149 1484 1153 
3 1150 1154 1482 
3 1142 889 1150 
3 1488 888 1147 
3 1148 1157 1144 
3 1152 1157 1148 
3 1165 1152 1146 
3 1153 1165 1146 
3 889 1154 1150 
3 1155 888 1488 
3 1160 1156 1151 
3 1144 1160 1151 
3 1161 1160 1144 
3 1157 1161 1144 
3 1172 1159 1154 
3 1154 889 1167 
3 1154 1167 1172 
3 1155 890 691 
3 888 1155 691 
3 1160 1491 1156 
3 1157 891 1161 
3 892 1157 1152 
3 1164 892 1152 
3 1165 1164 1152 
3 1166 1165 1153 
3 1158 1166 1153 
3 1158 1486 1162 
3 890 1155 1168 
3 1161 1163 1160 
3 1161 891 1163 
3 1168 893 890 
3 1493 1491 1160 
3 1163 1493 1160 
3 891 1171 1163 
3 1169 1171 891 
3 891 892 1169 
3 1169 892 1164 
3 1164 897 1169 
3 1166 897 1164 
3 1166 1164 1165 
3 1170 1166 1158 
3 1162 1170 1158 
3 1159 1170 1162 
3 1168 1494 893 
3 1173 1493 1163 
3 1171 1173 1163 
3 897 895 1169 
3 895 1171 1169 
3 898 897 1166 
3 1166 1170 902 
3 1159 1175 1170 
3 1172 1175 1159 
3 1167 899 1172 
3 893 1494 894 
3 894 1494 1176 
3 1171 1174 1173 
3 1171 895 1174 
3 898 1166 902 
3 1175 902 1170 
3 899 1175 1172 
3 894 1176 901 
3 1177 1173 1174 
3 905 1175 899 
3 901 1180 700 
3 1176 1180 901 
3 1174 1178 1177 
3 895 1178 1174 
3 895 1179 1178 
3 1180 1181 702 
3 702 1497 907 
3 702 1181 1497 
3 1179 1184 1178 
3 1185 907 1182 
3 907 1497 1182 
3 1178 1188 1183 
3 1184 1188 1178 
3 1182 1500 1185 
3 1184 1190 1188 
3 1187 1186 1185 
3 1502 1186 1187 
3 1500 1187 1185 
3 1189 917 915 
3 1502 915 1186 
3 1188 1503 1505 
3 1188 1190 1503 
3 1191 921 917 
3 917 1189 1191 
3 1503 1190 918 
3 1192 920 921 
3 1192 921 1191 
3 919 1196 918 
3 1197 1193 1194 
3 1195 920 1192 
3 1194 920 1195 
3 919 1197 1196 
3 919 1193 1197 
3 1514 1198 1200 
3 1518 1201 1203 
3 1518 1200 1201 
3 1199 922 1198 
3 1520 1518 1203 
3 922 924 1200 
3 1200 924 1201 
3 922 1200 1198 
3 923 922 1199 
3 1202 923 1199 
3 1203 1205 1520 
3 1201 924 1203 
3 1208 923 1202 
3 1204 1208 1202 
3 1206 1204 1202 
3 1203 926 1205 
3 924 926 1203 
3 1207 1204 1206 
3 1522 1205 1210 
3 926 1210 1205 
3 1204 933 1208 
3 1209 1207 1523 
3 1204 1207 1209 
3 933 1204 1209 
3 1523 935 1209 
3 1523 929 935 
3 936 929 1524 
3 932 1208 933 
3 935 933 1209 
3 936 1211 716 
3 1211 1526 716 
3 937 1212 1210 
3 926 937 1210 
3 941 716 1526 
3 937 1213 1212 
3 1214 944 1529 
3 1215 1213 1216 
3 1215 1212 1213 
3 1217 1216 1213 
3 937 942 1213 
3 942 1217 1213 
3 1218 727 1214 
3 727 1218 949 
3 1218 1219 949 
3 949 1219 950 
3 1217 1533 1216 
3 1220 1533 1217 
3 947 1220 1217 
3 952 950 1219 
3 1222 952 1219 
3 1533 1220 1536 
3 1221 1536 1220 
3 947 953 1220 
3 1220 953 1221 
3 1223 954 1222 
3 953 1540 1221 
3 1224 1540 953 
3 1225 1224 953 
3 1535 955 1223 
3 1224 1225 1226 
3 1225 1227 1226 
3 1535 1541 955 
3 1227 1228 1538 
3 1992 1228 1230 
3 1538 1228 1992 
3 1230 1228 735 
3 1229 956 736 
3 1229 736 955 
3 1230 735 959 
3 956 1229 957 
3 957 1231 958 
3 1232 958 1231 
3 1232 739 958 
3 1233 739 1232 
3 961 1233 1544 
3 2867 960 1546 
3 1235 962 961 
3 1235 1236 962 
3 1237 962 1236 
3 523 963 1234 
3 1237 1238 962 
3 1239 965 1238 
3 963 964 1240 
3 1240 964 1241 
3 1241 964 966 
3 1242 967 965 
3 1242 969 967 
3 966 968 1241 
3 1243 969 1242 
3 977 969 1243 
3 1241 972 1244 
3 1245 977 1243 
3 1553 1245 1243 
3 1554 1245 1553 
3 1248 976 1246 
3 976 977 1246 
3 1245 1246 977 
3 1248 1250 978 
3 1245 1247 1246 
3 1246 1251 1248 
3 1247 1251 1246 
3 1253 1249 981 
3 1253 981 982 
3 1248 1254 1250 
3 1251 1254 1248 
3 1249 1560 1252 
3 1249 1253 1560 
3 1256 1253 982 
3 1250 1256 982 
3 1254 1256 1250 
3 1251 1255 1254 
3 1560 1253 1564 
3 1256 1564 1253 
3 1254 1258 1256 
3 1255 1258 1254 
3 1255 1257 1258 
3 1256 1258 1564 
3 1259 1267 1582 
3 1262 1582 1267 
3 1263 1259 1583 
3 1267 1259 1263 
3 1265 1264 1260 
3 1266 1265 1260 
3 1261 985 1266 
3 1261 1266 1260 
3 1269 985 1262 
3 985 1261 1262 
3 1269 1262 1267 
3 1584 1270 1263 
3 983 988 1268 
3 1268 1264 1265 
3 1268 1265 983 
3 1270 1269 1267 
3 1263 1270 1267 
3 1271 988 987 
3 1270 991 1269 
3 1591 1273 1270 
3 989 1271 759 
3 1270 1273 1275 
3 992 1272 989 
3 1274 993 1276 
3 993 1274 1272 
3 993 1277 1276 
3 1273 1596 1275 
3 1596 1273 1595 
3 995 1275 1596 
3 1277 764 1278 
3 995 1596 1279 
3 766 995 1279 
3 1281 766 1279 
3 1280 996 1282 
3 1282 996 1283 
3 997 1283 996 
3 997 1603 1283 
3 1603 997 1284 
3 998 1281 1607 
3 1284 999 1605 
3 997 999 1284 
3 1605 999 1285 
3 999 1000 1285 
3 1612 1002 1607 
3 1288 1611 1287 
3 1612 1289 1002 
3 1288 1003 1618 
3 1004 1290 1003 
3 1624 1005 1289 
3 1624 1007 1005 
3 1291 1008 1292 
3 1009 1007 1293 
3 1624 1293 1007 
3 1294 1292 777 
3 1294 777 1295 
3 1638 1296 1011 
3 1297 1295 1012 
3 1296 1298 1011 
3 2101 1295 1297 
3 1297 1012 1299 
3 1298 1296 1301 
3 1300 1299 1013 
3 1302 1019 1298 
3 1302 1298 1301 
3 1023 1300 1020 
3 1022 1019 1306 
3 1306 1019 1302 
3 1301 1307 1302 
3 1299 1303 1652 
3 1299 1300 1303 
3 1300 1310 1303 
3 1023 1310 1300 
3 1662 1023 1304 
3 1305 1022 1306 
3 1305 1306 1313 
3 1306 1302 1307 
3 1308 1314 1309 
3 1308 1655 1314 
3 1655 1656 1314 
3 1315 1314 1656 
3 1023 1662 1310 
3 1668 1662 1304 
3 1311 1668 1304 
3 1305 1311 1304 
3 1305 1312 1311 
3 1305 1313 1312 
3 1306 1665 1313 
3 1306 1307 1665 
3 1314 1316 1309 
3 1309 1316 1317 
3 1318 1316 1314 
3 1320 1315 1319 
3 1314 1315 1320 
3 1318 1314 1320 
3 1681 1309 1317 
3 1681 1317 1322 
3 1316 1322 1317 
3 1323 1322 1316 
3 1318 1323 1316 
3 1319 1321 1324 
3 1320 1319 1324 
3 1329 1681 1322 
3 1327 1318 1320 
3 1324 1327 1320 
3 1324 1321 1325 
3 1688 1329 1322 
3 1331 1688 1322 
3 1323 1331 1322 
3 1326 1331 1323 
3 1318 1326 1323 
3 1332 1326 1318 
3 1327 1332 1318 
3 1333 1332 1327 
3 1324 1333 1327 
3 1325 1328 1330 
3 1324 1325 1330 
3 1331 1335 1688 
3 1334 1333 1324 
3 1330 1334 1324 
3 1336 1335 1331 
3 1326 1336 1331 
3 1337 1336 1326 
3 1332 1337 1326 
3 1343 1338 1335 
3 1336 1343 1335 
3 1341 1337 1332 
3 1333 1341 1332 
3 1342 1341 1333 
3 1334 1342 1333 
3 1340 1336 1337 
3 1341 1340 1337 
3 1336 1339 1343 
3 1344 1339 1336 
3 1340 1344 1336 
3 1344 1347 1339 
3 1345 1344 1340 
3 1341 1345 1340 
3 1345 1342 1346 
3 1341 1342 1345 
3 1348 1343 1339 
3 1350 1347 1344 
3 1345 1350 1344 
3 1353 1345 1346 
3 1339 1349 1348 
3 1347 1349 1339 
3 1345 1351 1350 
3 1345 1353 1351 
3 1347 1696 1349 
3 1352 1696 1347 
3 1350 1352 1347 
3 1351 1352 1350 
3 1355 1696 1352 
3 1354 1355 1352 
3 1351 1354 1352 
3 1353 1354 1351 
3 1358 1357 1356 
3 1361 1360 1359 
3 1361 1024 1360 
3 1361 1362 1024 
3 1362 1026 1024 
3 1745 1363 1362 
3 1363 1027 1362 
3 1363 1364 1027 
3 1366 1357 1358 
3 1359 1366 1358 
3 1367 1366 1359 
3 1360 1367 1359 
3 1026 1362 1027 
3 2214 1032 1364 
3 1032 1027 1364 
3 1368 1365 1357 
3 1366 1029 1368 
3 1366 1368 1357 
3 1028 1367 1360 
3 1024 1028 1360 
3 1749 1365 1369 
3 1368 1369 1365 
3 1368 1029 1369 
3 1751 1034 1032 
3 1372 1034 1751 
3 1750 1749 1369 
3 1369 1370 1750 
3 1371 1370 1369 
3 1029 1371 1369 
3 1371 1755 1370 
3 1371 1035 1755 
3 1039 1034 1372 
3 1754 1039 1372 
3 1373 1755 1035 
3 1041 1373 1037 
3 1373 1035 1037 
3 1754 1040 1039 
3 1754 1758 1040 
3 1040 1758 1374 
3 1040 1374 1042 
3 1375 1042 1374 
3 1041 1763 1373 
3 1041 1048 1763 
3 1376 1045 1375 
3 1375 1045 1042 
3 1377 1047 1376 
3 1047 1045 1376 
3 1378 1049 1047 
3 1768 1048 1381 
3 1763 1048 1768 
3 1381 1048 1050 
3 1378 1379 1049 
3 1380 1049 1379 
3 1380 1382 1051 
3 1054 1051 1382 
3 1778 1381 1052 
3 1383 1054 1774 
3 1383 815 1054 
3 1384 815 1383 
3 1387 1052 1053 
3 1386 1056 1384 
3 1386 1384 1385 
3 1793 1052 1387 
3 1783 1057 1386 
3 1386 1057 1056 
3 1388 1057 1783 
3 1389 1057 1388 
3 1793 1387 1390 
3 1389 1058 1057 
3 1390 1387 1059 
3 1797 1391 1389 
3 1391 1058 1389 
3 1059 1393 1390 
3 1395 1393 1059 
3 1392 1060 1391 
3 1391 1060 1058 
3 1396 1060 1392 
3 1396 1061 1060 
3 1812 1396 1807 
3 1062 1061 1396 
3 1812 1397 1396 
3 1397 1062 1396 
3 1063 1401 1395 
3 1064 1062 1397 
3 1815 1399 1064 
3 1066 1064 1399 
3 1401 1067 1400 
3 1402 829 1399 
3 1399 829 1066 
3 1400 1067 1832 
3 1402 1403 832 
3 832 1403 1405 
3 1832 1067 1068 
3 1405 1836 1069 
3 1407 1070 1069 
3 1839 1068 1409 
3 1839 1832 1068 
3 1407 1408 1070 
3 1070 1408 1072 
3 1408 1843 1072 
3 1410 1071 1072 
3 1073 1853 1409 
3 1410 1074 1071 
3 1074 1410 1412 
3 1410 1856 1412 
3 1853 1075 1411 
3 1861 1077 1412 
3 1412 1077 1076 
3 1868 1077 1861 
3 1411 843 1867 
3 1077 1868 1078 
3 1079 1867 843 
3 1414 1078 1868 
3 1079 1413 1867 
3 1079 1080 1413 
3 1414 1081 1078 
3 1414 1082 1081 
3 1080 1416 1413 
3 1414 2324 1082 
3 1080 1083 1416 
3 1084 1082 2324 
3 1873 1086 1084 
3 1085 1417 1415 
3 1418 1086 1873 
3 1418 1419 1086 
3 1087 857 2345 
3 857 1879 2345 
3 1088 1420 1423 
3 1886 1431 1427 
3 1424 1431 1886 
3 1422 1426 1425 
3 1423 1422 1425 
3 1424 1432 1431 
3 1428 1432 1424 
3 1090 1425 1091 
3 1091 1425 1426 
3 1091 1426 1430 
3 1427 1431 1434 
3 1432 1436 1431 
3 1428 1437 1432 
3 1433 1437 1428 
3 1421 1093 1429 
3 864 1093 1421 
3 1430 1897 1092 
3 1435 1427 1434 
3 1436 1434 1431 
3 1437 1436 1432 
3 1897 1439 1092 
3 1436 1445 1434 
3 1437 1446 1436 
3 1438 1094 1439 
3 1443 1435 1434 
3 1446 1445 1436 
3 1447 1446 1437 
3 1433 1447 1437 
3 1447 1433 1451 
3 1441 1096 1442 
3 1442 1096 1094 
3 1442 1094 1438 
3 1445 1444 1434 
3 1447 1451 1450 
3 1449 868 1441 
3 1441 868 1096 
3 1434 1444 1443 
3 1097 1445 1446 
3 1447 1097 1446 
3 1440 1101 2365 
3 1095 1101 1440 
3 1452 1448 1449 
3 1449 1448 1098 
3 1455 1443 1444 
3 1099 1097 1447 
3 1105 1099 1447 
3 1450 1105 1447 
3 1452 1102 1448 
3 1444 1103 1455 
3 1461 1105 1450 
3 1451 1461 1450 
3 1461 1451 1456 
3 1454 1102 1452 
3 1109 1107 1457 
3 1457 1107 874 
3 1454 1457 874 
3 1915 1453 1455 
3 1459 1915 1455 
3 1103 1108 1455 
3 1455 1108 1459 
3 1105 1461 1460 
3 1101 875 1100 
3 1100 875 1462 
3 1458 876 1109 
3 1109 1457 1458 
3 1108 1465 1459 
3 1462 875 1463 
3 876 1458 1906 
3 1465 1915 1459 
3 1119 1460 1461 
3 1456 1119 1461 
3 1120 1456 1912 
3 1119 1456 1120 
3 1463 1916 1462 
3 1906 1115 1112 
3 876 1906 1112 
3 1466 1469 1115 
3 1466 1115 1906 
3 1464 1466 1906 
3 1467 1465 1116 
3 1916 1463 1132 
3 1918 1470 1125 
3 1922 1129 1469 
3 1471 1467 1116 
3 1116 1121 1471 
3 879 1125 1470 
3 1470 1918 1472 
3 1918 1923 1472 
3 1132 1468 1916 
3 1138 879 1472 
3 879 1470 1472 
3 1923 1475 1472 
3 1473 1133 1922 
3 1129 1922 1133 
3 1121 1474 1471 
3 1474 1121 1130 
3 1468 1150 1477 
3 1479 1138 1472 
3 1475 1479 1472 
3 1924 1481 1475 
3 1485 1921 1477 
3 1150 1482 1477 
3 1929 882 1473 
3 1130 1136 1474 
3 1474 1136 1478 
3 1477 1482 1485 
3 882 1929 1480 
3 1932 1930 1474 
3 1474 1478 1932 
3 1149 1479 1475 
3 1481 1149 1475 
3 1931 1484 1481 
3 1484 1931 1489 
3 1483 1932 1478 
3 1490 1483 1478 
3 1136 1490 1478 
3 1136 1143 1490 
3 1484 1149 1481 
3 1482 1487 1485 
3 1933 1147 1480 
3 1490 1934 1483 
3 1489 1486 1484 
3 1487 1489 1485 
3 1482 1154 1487 
3 1147 1933 1488 
3 1143 1156 1490 
3 1935 1155 1488 
3 1158 1153 1484 
3 1158 1484 1486 
3 1162 1486 1489 
3 1487 1162 1489 
3 1154 1159 1487 
3 1492 1155 1935 
3 1936 1934 1490 
3 1156 1491 1490 
3 1490 1491 1936 
3 1159 1162 1487 
3 1492 1168 1155 
3 1494 1168 1492 
3 1491 1493 1936 
3 1938 1176 1494 
3 1936 1493 1940 
3 1177 1940 1173 
3 1940 1493 1173 
3 1177 2396 1940 
3 1176 1495 1180 
3 1938 1495 1176 
3 2396 1177 1183 
3 1183 1177 1178 
3 1496 1181 1495 
3 1181 1180 1495 
3 1496 1497 1181 
3 1498 1182 1497 
3 1945 1183 1188 
3 1182 1944 1500 
3 1499 1502 1500 
3 1502 1187 1500 
3 1501 1189 1502 
3 1502 1189 915 
3 1947 1188 1505 
3 1501 1191 1189 
3 1504 1191 1501 
3 1506 1191 1504 
3 1192 1191 1506 
3 1195 1197 1194 
3 1507 1195 1192 
3 1508 1507 1192 
3 1508 1192 1506 
3 1509 1196 1197 
3 1509 1197 1195 
3 1195 1507 1509 
3 1196 1509 2409 
3 1511 1515 1510 
3 2418 1512 1511 
3 1959 1517 1513 
3 1959 1510 1517 
3 1514 1517 1510 
3 1515 1514 1510 
3 1515 1511 1512 
3 1960 1962 1516 
3 1513 1519 1963 
3 1517 1519 1513 
3 1514 1518 1517 
3 1198 1514 1512 
3 1514 1515 1512 
3 1199 1198 1512 
3 1199 1512 1516 
3 1516 1962 1202 
3 1962 1964 1202 
3 1963 1519 1967 
3 1518 1519 1517 
3 1200 1518 1514 
3 1202 1199 1516 
3 1206 1202 1964 
3 1520 1967 1519 
3 1518 1520 1519 
3 1205 1521 1967 
3 1520 1205 1967 
3 1972 1975 1971 
3 1205 1522 1521 
3 1523 1207 1971 
3 929 1523 1971 
3 1971 1975 929 
3 1524 929 1975 
3 936 1524 1976 
3 1211 936 1976 
3 1212 1979 1522 
3 1210 1212 1522 
3 1211 1525 1526 
3 1526 1525 1978 
3 1526 1978 1527 
3 1527 941 1526 
3 1212 1528 1979 
3 941 1527 944 
3 1527 1529 944 
3 1212 1215 1528 
3 1214 1529 1218 
3 1218 1529 1530 
3 1219 1218 1530 
3 1215 1532 1528 
3 1219 1530 1531 
3 1215 1534 1532 
3 1533 1534 1215 
3 1215 1216 1533 
3 1222 1219 1531 
3 1536 1534 1533 
3 1535 1222 1531 
3 1223 1222 1535 
3 1539 1536 1221 
3 1540 1539 1221 
3 1991 1534 1536 
3 1536 1539 1991 
3 1540 1986 1539 
3 1226 1540 1224 
3 1538 1537 1227 
3 1537 1226 1227 
3 1229 955 1541 
3 1542 1229 1541 
3 2866 1230 959 
3 1542 957 1229 
3 957 1542 1231 
3 1543 1231 1542 
3 1543 1232 1231 
3 1543 1233 1232 
3 959 960 2867 
3 1544 1233 1543 
3 2452 2867 1546 
3 1545 961 1544 
3 1235 961 1545 
3 2452 1546 1234 
3 2454 1234 963 
3 1236 1994 1237 
3 1547 1237 1994 
3 1547 1238 1237 
3 1996 2454 963 
3 1547 1239 1238 
3 1548 965 1239 
3 1548 1549 965 
3 1550 965 1549 
3 963 2456 1996 
3 963 1240 2456 
3 1550 1242 965 
3 1242 1998 1243 
3 1553 1243 1998 
3 1553 1555 1554 
3 1247 1245 1554 
3 1247 1554 1556 
3 1555 1556 1554 
3 1251 1247 1556 
3 1251 1556 1558 
3 1561 2006 2002 
3 2008 2466 1557 
3 1557 1252 2008 
3 1255 1251 1558 
3 1566 2006 1561 
3 1559 1561 2002 
3 1560 1563 1252 
3 1255 1558 1568 
3 1565 2006 1566 
3 1559 1567 1561 
3 2012 1560 1564 
3 1563 1560 2012 
3 1562 1568 1558 
3 1574 1565 1566 
3 1567 1566 1561 
3 1559 1569 1567 
3 2010 1569 1559 
3 2010 1585 1569 
3 2476 2012 1564 
3 1564 1571 2476 
3 1571 1564 1258 
3 1568 1257 1255 
3 1562 2020 1568 
3 1571 1258 1570 
3 1258 1257 1570 
3 1568 1572 1257 
3 1572 1568 2020 
3 1573 1565 1574 
3 1576 1571 1570 
3 1257 1576 1570 
3 1572 1576 1257 
3 2020 2033 1572 
3 1583 1573 1574 
3 1566 1575 1574 
3 1567 1575 1566 
3 1587 1575 1567 
3 1569 1587 1567 
3 1576 2026 1571 
3 2033 1578 1572 
3 1259 1577 1573 
3 1583 1259 1573 
3 1575 1583 1574 
3 1569 1588 1587 
3 1585 1588 1569 
3 1572 1578 1576 
3 1586 1580 1579 
3 1580 1581 1579 
3 1582 1581 1577 
3 1259 1582 1577 
3 1575 1584 1583 
3 1587 1584 1575 
3 2032 2026 1576 
3 2028 1586 1589 
3 1264 1586 1260 
3 1261 1260 1579 
3 1260 1586 1579 
3 1262 1261 1581 
3 1261 1579 1581 
3 1262 1581 1582 
3 1584 1263 1583 
3 1585 2493 1588 
3 1589 1268 2034 
3 1264 1268 1589 
3 1589 1586 1264 
3 1270 1584 1591 
3 1592 1591 1584 
3 1587 1592 1584 
3 1592 2493 1593 
3 1588 2493 1592 
3 1587 1588 1592 
3 1590 988 1271 
3 1268 988 1590 
3 2034 1268 1590 
3 2035 1271 989 
3 1593 1273 1591 
3 1592 1593 1591 
3 2036 1272 1594 
3 2036 989 1272 
3 1594 1274 2038 
3 1594 1272 1274 
3 1593 2037 1273 
3 2038 1276 2948 
3 2038 1274 1276 
3 1273 2037 1595 
3 2948 1276 2524 
3 1277 2524 1276 
3 2040 1596 1595 
3 2524 1277 1278 
3 2040 1279 1596 
3 2040 1599 1279 
3 1597 2041 1278 
3 1597 1598 2041 
3 1281 1279 1599 
3 1598 1597 1280 
3 1598 1280 1600 
3 1281 1599 1601 
3 1280 1282 1600 
3 1602 1603 1604 
3 1602 1283 1603 
3 1600 1283 1602 
3 1282 1283 1600 
3 1607 1281 1601 
3 1604 1603 1284 
3 1604 1284 1605 
3 1605 1285 1606 
3 1285 1608 1606 
3 1608 1285 1609 
3 1285 1000 1609 
3 1607 2062 1612 
3 1609 1000 1286 
3 1609 1286 1610 
3 1610 1286 1287 
3 1610 1287 1611 
3 2058 2066 1613 
3 1289 1612 2577 
3 1616 1619 1613 
3 2066 1616 1613 
3 1614 1611 1288 
3 1615 1613 1619 
3 1620 2066 1617 
3 1616 2066 1620 
3 1614 1288 1618 
3 2070 1615 1626 
3 1628 1626 1615 
3 1619 1628 1615 
3 1620 1617 1623 
3 2072 1618 1621 
3 1618 1003 1621 
3 1622 2070 1626 
3 1625 1628 1619 
3 1616 1625 1619 
3 1621 1003 2079 
3 1631 1625 1616 
3 1620 1631 1616 
3 1290 2079 1003 
3 1629 2583 1622 
3 2084 1629 1622 
3 1626 2084 1622 
3 1635 1628 1625 
3 1631 1635 1625 
3 1620 1623 1633 
3 1631 1620 1633 
3 2079 1290 1627 
3 1290 1291 1627 
3 1630 2084 1626 
3 1628 1630 1626 
3 1633 1623 1634 
3 1292 1627 1291 
3 1639 1630 1628 
3 1635 1639 1628 
3 1632 1627 1292 
3 1632 1292 2088 
3 1293 1624 1638 
3 1639 1641 1630 
3 1636 1635 1631 
3 1633 1636 1631 
3 1011 1293 1638 
3 1624 2089 1638 
3 2087 1630 1641 
3 1633 1634 1637 
3 1636 1633 1637 
3 1294 2088 1292 
3 1641 2093 2087 
3 1642 1639 1635 
3 1636 1642 1635 
3 1637 1640 1636 
3 1294 1295 2091 
3 1647 1296 1638 
3 1645 1641 1639 
3 1642 1645 1639 
3 1636 1640 1643 
3 1642 1636 1643 
3 2091 1295 2101 
3 1641 2099 2093 
3 1644 2099 1641 
3 1645 1644 1641 
3 1643 1640 2096 
3 2096 1646 1643 
3 1651 1645 1642 
3 1643 1651 1642 
3 1648 1651 1643 
3 1646 1648 1643 
3 1646 2096 2097 
3 2097 1657 1646 
3 2101 1297 1652 
3 1652 1297 1299 
3 1649 1301 1296 
3 1649 1296 1647 
3 1647 2102 1649 
3 1650 2099 1644 
3 1645 1650 1644 
3 1654 1650 1645 
3 1651 1654 1645 
3 1657 2097 2103 
3 1301 1649 1307 
3 1653 2099 1650 
3 1308 1654 1651 
3 1648 1308 1651 
3 1655 1308 1648 
3 1646 1655 1648 
3 1656 1655 1646 
3 1657 1656 1646 
3 1303 2598 1652 
3 1658 1307 1649 
3 1649 2102 2109 
3 1658 1649 2109 
3 2107 1653 1650 
3 1654 1659 1650 
3 1308 1309 1659 
3 1308 1659 1654 
3 1315 1656 1657 
3 1660 2103 1661 
3 1657 2103 1660 
3 1315 1657 1660 
3 1667 1310 1662 
3 1663 1312 1313 
3 1664 1663 1313 
3 1664 1313 1665 
3 1665 1307 1658 
3 1671 1665 1658 
3 2109 1671 1658 
3 1672 2107 1650 
3 1659 1672 1650 
3 1659 1309 1672 
3 1677 1661 1666 
3 1310 2601 1303 
3 1310 1667 2601 
3 1668 1667 1662 
3 1668 1311 1669 
3 1674 1669 1311 
3 1312 1674 1311 
3 1670 1674 1312 
3 1663 1670 1312 
3 1676 1664 1665 
3 1671 1676 1665 
3 1319 1315 1660 
3 1682 1319 1660 
3 1682 1660 1661 
3 1661 1677 1682 
3 2110 1667 1668 
3 1668 1673 2110 
3 1668 1669 1673 
3 1669 2607 1673 
3 1669 1674 2607 
3 1663 1678 1670 
3 1675 1663 1664 
3 1676 1675 1664 
3 1680 1672 1681 
3 1680 2107 1672 
3 1309 1681 1672 
3 1321 1319 1682 
3 1677 1683 1682 
3 1663 1675 1678 
3 1676 1679 1675 
3 1684 1680 1681 
3 1684 1681 1329 
3 1325 1321 1682 
3 1328 1325 1682 
3 1328 1682 1683 
3 1328 1683 1685 
3 1686 2123 2119 
3 1686 2132 2123 
3 1330 1328 1687 
3 1687 1328 1685 
3 1685 2131 1687 
3 1329 1688 1684 
3 1334 1330 1687 
3 1688 2619 1684 
3 1688 2140 2619 
3 2140 1335 1338 
3 1688 1335 2140 
3 1342 1334 1690 
3 1334 1687 1690 
3 1689 1690 1687 
3 2131 1689 1687 
3 2140 1338 2146 
3 2627 2140 2146 
3 1342 1690 1346 
3 2136 1690 1689 
3 1690 2136 1692 
3 1346 1690 1692 
3 2146 1343 1348 
3 1338 1343 2146 
3 1353 1346 1691 
3 1691 1346 1692 
3 2153 1695 1694 
3 2636 2146 1348 
3 2153 2158 1695 
3 1693 1691 1692 
3 1693 2165 1691 
3 2161 1694 1698 
3 1699 1698 1694 
3 1695 1699 1694 
3 1348 1702 2636 
3 1349 1702 1348 
3 1697 1353 1691 
3 2165 1697 1691 
3 1695 2158 1701 
3 1349 2168 1702 
3 1349 1696 2168 
3 1354 1353 1703 
3 1703 1353 1697 
3 1703 1697 1707 
3 1695 1704 1699 
3 1701 1704 1695 
3 1704 1701 1700 
3 1696 1708 2168 
3 1708 1696 1355 
3 1698 1699 2167 
3 1712 2167 1699 
3 1704 1712 1699 
3 1708 1355 1705 
3 1706 1705 1355 
3 1355 1354 1706 
3 1706 1354 1703 
3 1706 1703 1710 
3 1716 1710 1703 
3 1707 1716 1703 
3 1713 1712 1704 
3 1700 1713 1704 
3 1705 1709 1708 
3 1715 1709 1705 
3 1706 1715 1705 
3 1710 1715 1706 
3 1716 1707 1711 
3 1713 1721 1712 
3 2177 1708 1709 
3 1710 1717 1715 
3 1719 1721 1720 
3 1719 1712 1721 
3 1714 1713 1700 
3 1715 1722 1709 
3 1723 1722 1715 
3 1717 1723 1715 
3 1718 1717 1710 
3 1716 1718 1710 
3 1711 1718 1716 
3 1711 1725 1718 
3 1724 1723 1717 
3 1718 1724 1717 
3 1726 1720 1721 
3 1713 1726 1721 
3 1726 1714 2184 
3 1713 1714 1726 
3 1727 1729 1722 
3 1723 1727 1722 
3 1724 1727 1723 
3 1725 1724 1718 
3 1725 2186 1724 
3 1726 1732 1720 
3 1730 1729 1727 
3 1731 1730 1727 
3 1724 1731 1727 
3 2186 1731 1724 
3 1732 1728 1720 
3 1733 1732 1726 
3 1726 2184 1733 
3 1734 1733 2184 
3 2186 1739 1731 
3 1729 1730 1741 
3 1738 1741 1730 
3 1731 1738 1730 
3 1739 1738 1731 
3 1736 1728 1732 
3 1732 1733 1736 
3 1733 2197 1736 
3 1734 1737 1733 
3 1739 1735 1740 
3 1735 1742 1740 
3 2195 1742 1735 
3 1737 2197 1733 
3 1747 1741 1738 
3 1356 1747 1738 
3 1739 1356 1738 
3 1358 1356 1740 
3 1740 1356 1739 
3 1359 1358 1740 
3 1359 1740 1742 
3 1742 2195 1743 
3 1743 1744 1742 
3 1743 1745 1744 
3 1746 1363 1745 
3 1746 2204 1363 
3 2208 1741 1748 
3 1749 1748 1741 
3 1747 1749 1741 
3 1356 1357 1747 
3 1361 1359 1742 
3 1361 1742 1744 
3 1362 1361 1744 
3 1362 1744 1745 
3 1364 1363 2204 
3 1364 2204 2209 
3 2214 1364 2209 
3 1357 1365 1747 
3 1365 1749 1747 
3 1032 2214 1751 
3 2214 2216 1751 
3 1749 1750 1748 
3 1752 1750 1370 
3 1751 1753 1372 
3 1754 1372 1753 
3 1752 1370 1755 
3 1755 1373 2227 
3 2685 1758 1757 
3 1757 1758 1756 
3 1756 1758 1754 
3 1760 1758 2685 
3 1373 2231 2227 
3 1763 2231 1373 
3 1758 1760 1374 
3 1761 1374 1760 
3 1761 1375 1374 
3 1761 2686 1375 
3 1376 1375 2686 
3 2229 1759 1764 
3 1766 1764 1759 
3 1766 1759 1762 
3 1767 2231 1763 
3 1762 1770 1766 
3 1771 1770 1762 
3 1768 1767 1763 
3 1047 1377 1378 
3 1377 1769 1378 
3 1766 1772 1764 
3 1770 1772 1766 
3 1378 1769 1379 
3 1379 2237 1380 
3 1382 1380 2237 
3 1770 1775 1772 
3 1770 1771 1773 
3 1774 1054 1382 
3 1773 1775 1770 
3 1381 2248 1768 
3 1381 1778 2248 
3 1780 1784 1775 
3 1773 1780 1775 
3 1776 1773 1777 
3 1780 1773 1776 
3 1776 1781 1780 
3 1777 1782 1776 
3 1777 2258 1782 
3 1384 1383 1385 
3 1383 2250 1385 
3 1779 1385 2250 
3 1784 1780 1785 
3 1782 1781 1776 
3 2257 1783 1779 
3 1779 1783 1386 
3 1779 1386 1385 
3 1786 1783 2257 
3 1785 1789 1784 
3 1787 1785 1780 
3 1781 1787 1780 
3 1788 1787 1781 
3 1782 1788 1781 
3 1789 1785 1790 
3 1792 1790 1785 
3 1787 1792 1785 
3 1782 2258 2260 
3 1783 1786 1388 
3 1796 1792 1787 
3 1788 1796 1787 
3 1791 1796 1788 
3 1782 1791 1788 
3 1782 2260 1791 
3 1795 1789 1790 
3 2265 1791 2260 
3 1794 1389 1388 
3 1795 1790 1798 
3 1799 1798 1790 
3 1792 1799 1790 
3 1796 1799 1792 
3 1791 1803 1796 
3 2265 1800 1791 
3 1389 1794 1797 
3 1802 1799 1796 
3 1803 1802 1796 
3 1803 1791 1800 
3 1392 1391 1797 
3 1801 1795 1798 
3 1809 1798 1799 
3 1804 1809 1799 
3 1802 1804 1799 
3 1805 1802 1803 
3 1800 1805 1803 
3 1800 1806 1805 
3 1807 1396 1392 
3 1807 1392 2271 
3 1808 1801 1798 
3 1809 1808 1798 
3 1802 1394 1804 
3 1810 1394 1802 
3 1810 1802 1805 
3 1816 1808 1809 
3 1804 1816 1809 
3 1804 1394 1816 
3 1810 1398 1394 
3 1398 1810 1805 
3 1805 1806 1814 
3 1398 1805 1814 
3 1394 1398 1816 
3 1811 1398 1814 
3 1393 1395 2274 
3 1816 1821 1808 
3 1398 1817 1816 
3 1813 1817 1398 
3 1813 1398 1811 
3 1811 1814 1825 
3 1395 1401 2274 
3 1064 1397 1815 
3 1397 1812 1815 
3 2279 1815 1812 
3 2279 1820 1815 
3 1823 1817 1813 
3 1824 1823 1813 
3 1811 1824 1813 
3 1819 1825 1814 
3 1399 1815 1820 
3 1816 1818 1821 
3 1822 1818 1816 
3 1817 1822 1816 
3 1823 1822 1817 
3 1819 2284 1825 
3 1400 2274 1401 
3 1820 1402 1399 
3 1818 1827 1821 
3 1830 1824 1811 
3 1825 1830 1811 
3 1826 1402 1820 
3 1818 1828 1827 
3 1822 1828 1818 
3 1841 1828 1822 
3 1834 1841 1822 
3 1823 1834 1822 
3 1829 1834 1823 
3 1824 1829 1823 
3 1830 1829 1824 
3 1831 1830 1825 
3 2284 1831 1825 
3 2284 2286 1831 
3 1400 1832 2712 
3 1402 1826 1403 
3 1826 1833 1403 
3 1829 1404 1834 
3 1404 1829 1830 
3 1837 1404 1830 
3 1831 1837 1830 
3 1403 1833 1405 
3 1405 1833 1835 
3 1836 1405 1835 
3 1834 1404 1406 
3 1834 1406 1841 
3 1845 1406 1404 
3 1845 1404 1837 
3 1838 1837 1831 
3 1831 2286 1838 
3 2291 1838 2286 
3 1836 1840 1069 
3 1840 1407 1069 
3 1406 1842 1841 
3 1842 1406 1845 
3 1846 1845 1837 
3 1838 1846 1837 
3 1407 1840 1408 
3 1840 2290 1408 
3 1843 1408 2290 
3 1841 1850 1828 
3 1844 1850 1841 
3 1842 1844 1841 
3 1857 1844 1842 
3 1851 1857 1842 
3 1845 1851 1842 
3 1852 1846 1838 
3 1838 2291 1852 
3 2293 1852 2291 
3 1839 1409 1847 
3 1849 1843 1848 
3 1849 1072 1843 
3 1858 1851 1845 
3 1846 1858 1845 
3 1859 1858 1846 
3 1852 1859 1846 
3 2294 1847 1855 
3 1853 1855 1847 
3 1847 1409 1853 
3 1849 1410 1072 
3 1857 1854 1844 
3 1858 1857 1851 
3 1859 1852 2293 
3 2294 1855 2297 
3 1856 1410 1849 
3 1859 1860 1858 
3 1855 1411 2297 
3 1853 1411 1855 
3 1862 1854 1857 
3 1863 1862 1857 
3 1858 1863 1857 
3 1860 1863 1858 
3 2293 1865 1859 
3 1867 2301 2297 
3 1411 1867 2297 
3 1861 1412 1856 
3 1859 1865 1864 
3 1860 1859 1864 
3 1863 1866 1862 
3 2307 1866 1863 
3 1860 2307 1863 
3 1864 2307 1860 
3 1867 1870 2301 
3 1864 1869 2307 
3 1867 1413 1870 
3 1872 1414 1868 
3 1413 2329 1871 
3 1413 1416 2329 
3 1414 1872 2324 
3 1873 1084 2324 
3 1415 1417 2328 
3 2328 2329 1415 
3 1415 2329 1416 
3 1417 1087 2752 
3 2345 2752 1087 
3 1875 1418 1873 
3 1878 1876 1874 
3 1877 1878 1874 
3 1878 1877 1883 
3 2345 1879 2759 
3 1881 1880 1876 
3 1878 1881 1876 
3 1883 1882 1878 
3 1418 1884 1419 
3 1881 1886 1880 
3 1882 1881 1878 
3 1883 1887 1882 
3 1887 1883 1888 
3 1088 1884 1420 
3 1420 1884 2352 
3 1884 1088 1419 
3 1885 2350 1880 
3 1890 1885 1880 
3 1886 1890 1880 
3 1424 1886 1881 
3 1882 1424 1881 
3 1879 1421 2759 
3 2352 1889 1420 
3 1890 1892 1885 
3 1887 1424 1882 
3 1888 1428 1887 
3 1428 1888 1891 
3 1423 1889 1422 
3 1422 1889 2355 
3 1889 1423 1420 
3 1886 1427 1890 
3 1890 1427 1892 
3 1428 1424 1887 
3 1421 1429 2353 
3 1422 2354 1426 
3 1422 2355 2354 
3 1893 1885 1892 
3 1896 1891 1894 
3 2354 1895 1426 
3 1427 1893 1892 
3 1428 1891 1433 
3 1896 1433 1891 
3 1430 1895 1897 
3 1895 1430 1426 
3 1427 1435 1893 
3 1435 1899 1893 
3 1429 1440 2358 
3 1429 1093 1440 
3 2362 1439 1897 
3 1451 1433 1896 
3 1451 1894 1901 
3 1896 1894 1451 
3 1440 2365 2358 
3 1898 1439 2362 
3 1438 1439 1898 
3 1443 1899 1435 
3 1900 1441 1442 
3 1900 1442 1898 
3 1442 1438 1898 
3 2366 1449 1900 
3 1900 1449 1441 
3 2371 1899 1453 
3 1899 1443 1453 
3 1452 1449 1902 
3 1902 1449 2366 
3 1455 1453 1443 
3 1903 1451 1901 
3 2357 1903 1901 
3 1452 1902 1904 
3 1456 1451 1903 
3 1912 1903 2374 
3 2365 1100 1914 
3 1101 1100 2365 
3 2372 1454 1904 
3 1454 1452 1904 
3 1912 1456 1903 
3 1100 1462 1914 
3 1905 1457 1454 
3 1454 2372 1905 
3 2373 1453 1915 
3 1910 2369 1914 
3 1906 1458 1907 
3 1908 1457 1905 
3 1458 1457 1908 
3 1907 1458 1908 
3 1906 1907 1911 
3 1916 1913 1910 
3 1914 1916 1910 
3 1462 1916 1914 
3 1464 1906 1911 
3 1467 1915 1465 
3 1120 1912 1125 
3 1125 1912 1909 
3 1916 1919 1913 
3 1917 1466 1464 
3 1918 1125 1909 
3 2786 1923 1918 
3 2385 1913 1919 
3 1921 2385 1919 
3 1468 1919 1916 
3 1466 1922 1469 
3 2382 1925 1924 
3 1925 2382 1920 
3 2384 2385 1926 
3 1926 2385 1921 
3 1468 1477 1919 
3 1917 1922 1466 
3 1931 1925 1920 
3 2384 1931 1920 
3 1926 1476 2384 
3 1927 1473 1922 
3 1475 1923 1924 
3 1477 1921 1919 
3 1929 1473 1927 
3 1930 1471 1474 
3 1481 1924 1925 
3 1931 1481 1925 
3 1476 1931 2384 
3 1485 1476 1926 
3 1921 1485 1926 
3 1928 1480 1929 
3 2389 1930 1932 
3 1476 1489 1931 
3 1480 1928 1933 
3 1485 1489 1476 
3 2809 1935 1933 
3 1935 1488 1933 
3 1935 2393 1492 
3 1492 2393 1937 
3 1937 1494 1492 
3 1939 1938 1937 
3 1938 1494 1937 
3 1495 1938 1496 
3 1496 1938 1941 
3 2399 2396 1183 
3 1941 1498 1496 
3 1498 1497 1496 
3 1183 2400 2399 
3 1944 1182 1942 
3 1498 1942 1182 
3 1945 2400 1183 
3 1943 1499 1944 
3 1499 1500 1944 
3 1947 1945 1188 
3 1501 1502 1946 
3 1499 1946 1502 
3 1499 1943 1946 
3 1504 1501 2406 
3 1501 1946 2406 
3 1948 1505 1503 
3 1950 1506 1949 
3 1504 1949 1506 
3 1504 2406 1949 
3 1948 1503 918 
3 1508 1952 1507 
3 1506 1950 1508 
3 2407 918 1196 
3 1951 1509 1507 
3 1951 1507 1952 
3 2409 1509 1951 
3 1955 1956 1954 
3 1956 1955 1953 
3 1957 1511 1953 
3 1958 1961 1954 
3 1959 1958 1954 
3 1956 1959 1954 
3 1953 1510 1956 
3 1510 1953 1511 
3 1511 1957 2418 
3 2418 1960 1512 
3 1958 2423 1961 
3 1959 1513 1958 
3 1510 1959 1956 
3 1516 1512 1960 
3 1963 1965 2423 
3 1958 1963 2423 
3 1513 1963 1958 
3 2424 2423 1965 
3 1968 1206 1964 
3 1969 1966 2424 
3 1965 1969 2424 
3 1967 1969 1965 
3 1963 1967 1965 
3 1969 1974 1966 
3 1967 1521 1969 
3 1206 1968 1207 
3 1970 1207 1968 
3 1207 1970 1971 
3 1970 1972 1971 
3 1975 1972 1973 
3 1969 1522 1974 
3 1521 1522 1969 
3 1524 1975 1976 
3 1525 1976 2844 
3 1525 1211 1976 
3 1979 1977 1974 
3 1522 1979 1974 
3 1979 1981 1977 
3 1527 1978 2431 
3 1980 1527 2431 
3 1527 1980 1529 
3 1528 1982 1981 
3 1979 1528 1981 
3 1529 1980 1530 
3 1532 1984 1982 
3 1528 1532 1982 
3 1530 2849 1531 
3 1983 1535 1531 
3 1985 1984 1532 
3 1534 1985 1532 
3 1983 2439 1535 
3 1534 1988 1985 
3 1534 1991 1988 
3 2439 1541 1535 
3 1985 1988 1987 
3 1991 1539 1989 
3 2438 1989 1539 
3 2438 1539 1986 
3 1986 2441 1990 
3 1540 2441 1986 
3 2441 1540 1226 
3 2441 1226 1537 
3 2439 2442 1541 
3 1991 1989 2443 
3 2441 1537 1993 
3 1992 1993 1538 
3 1993 1537 1538 
3 2442 2446 1541 
3 2446 1542 1541 
3 2449 1992 1230 
3 2447 1542 2446 
3 1993 1992 2449 
3 2449 1230 2866 
3 2447 1543 1542 
3 2447 3568 1543 
3 959 2450 2866 
3 2867 2450 959 
3 1543 1545 1544 
3 1994 1545 2874 
3 1235 1545 1994 
3 2452 1234 2454 
3 1994 1236 1235 
3 1995 1239 1547 
3 1995 1548 1239 
3 1548 1995 1549 
3 1549 2457 1550 
3 1998 1550 2457 
3 1998 1242 1550 
3 2456 1240 1997 
3 1997 1240 1241 
3 2458 2456 1997 
3 1553 1998 1999 
3 1553 1999 1552 
3 1555 1553 1552 
3 2001 2006 2004 
3 2002 2006 2001 
3 2002 2001 2463 
3 1558 1556 2009 
3 1556 1555 2009 
3 2000 2009 1555 
3 2006 2005 2004 
3 2010 1559 2002 
3 2010 2002 2003 
3 2007 2471 2010 
3 2008 1252 1563 
3 1562 1558 2009 
3 2005 2019 2014 
3 1565 2019 2005 
3 2006 1565 2005 
3 2471 2015 2010 
3 1562 2009 2017 
3 2018 2011 2014 
3 1585 2010 2015 
3 2013 2017 2009 
3 2475 2011 2018 
3 2019 2018 2014 
3 2477 2016 2012 
3 2021 2020 1562 
3 2021 1562 2017 
3 1565 1573 2019 
3 2023 2476 1571 
3 2025 2018 2024 
3 2025 2475 2018 
3 2022 2024 2018 
3 1573 1577 2019 
3 2019 1577 2022 
3 2019 2022 2018 
3 2027 2033 2020 
3 2021 2027 2020 
3 1577 1581 2022 
3 1585 2015 2031 
3 2023 1571 2026 
3 2030 1586 2028 
3 2025 2024 2030 
3 2030 2024 1580 
3 2030 1580 1586 
3 1581 1580 2022 
3 1580 2024 2022 
3 1585 2031 2493 
3 2496 2032 1576 
3 1576 1578 2485 
3 2496 1576 2485 
3 1578 2486 2485 
3 1578 2033 2486 
3 2029 2028 2034 
3 2034 2028 1589 
3 1590 1271 2035 
3 2035 2034 1590 
3 2037 1593 2493 
3 2493 2516 2037 
3 989 2036 2035 
3 1594 2504 2036 
3 2038 2507 1594 
3 2948 2945 2038 
3 1595 2037 2516 
3 2516 2039 1595 
3 2529 2524 1278 
3 2039 2040 1595 
3 2041 2529 1278 
3 2529 2041 2042 
3 2041 1598 2042 
3 1600 2042 1598 
3 1600 2043 2042 
3 2045 1601 1599 
3 1600 1602 2043 
3 2043 1602 1604 
3 2043 1604 2044 
3 2044 1604 2047 
3 1607 1601 2049 
3 2045 2049 1601 
3 1604 1605 2047 
3 2047 1606 1608 
3 1605 1606 2047 
3 2047 1608 2555 
3 1607 2049 2062 
3 1608 1609 2555 
3 2555 1609 1610 
3 2555 1610 2048 
3 2048 1610 2050 
3 2054 2053 2052 
3 2050 1610 2057 
3 2064 2052 2053 
3 2053 2054 2055 
3 2055 2059 2053 
3 2055 2567 2059 
3 2567 2056 2059 
3 1610 1611 2057 
3 2059 2058 2053 
3 2057 1611 2060 
3 2063 2572 2571 
3 2064 2063 2571 
3 2065 2064 2053 
3 2058 2065 2053 
3 2066 2058 2059 
3 2066 2059 2056 
3 2066 2056 2067 
3 2060 1611 2061 
3 2577 1612 2062 
3 2069 2572 2063 
3 2065 1613 2063 
3 2065 2063 2064 
3 2058 1613 2065 
3 1617 2066 2067 
3 1617 2067 2071 
3 1614 2061 1611 
3 2063 2070 2069 
3 1613 1615 2063 
3 2063 1615 2070 
3 2068 2072 2576 
3 1618 2072 2068 
3 1614 1618 2068 
3 2576 2072 2073 
3 2077 2069 2070 
3 2074 1623 1617 
3 2074 1617 2071 
3 2071 2575 2075 
3 2074 2071 2075 
3 2073 1621 2076 
3 2072 1621 2073 
3 2580 1289 2577 
3 1622 2077 2070 
3 2078 2075 2575 
3 1621 2079 2076 
3 1289 2580 1624 
3 2077 1622 2583 
3 2081 2075 2078 
3 2983 2079 2080 
3 2086 1623 2074 
3 2086 2074 2075 
3 2086 2075 2081 
3 2079 1627 2080 
3 2080 1627 2082 
3 1634 1623 2086 
3 2584 2082 1632 
3 2580 2089 1624 
3 2083 1629 2084 
3 2086 2081 2085 
3 2082 1627 1632 
3 2084 1630 2087 
3 2084 2087 2083 
3 1637 1634 2090 
3 2090 1634 2086 
3 2090 2086 2085 
3 2090 2085 2094 
3 2088 1294 2091 
3 2087 2098 2083 
3 2087 2093 2098 
3 1637 2090 1640 
3 2092 1638 2089 
3 2096 1640 2090 
3 2094 2096 2090 
3 2092 1647 1638 
3 2093 2099 2098 
3 2097 2095 2590 
3 2094 2095 2097 
3 2096 2094 2097 
3 2099 2105 2098 
3 2100 2103 2590 
3 2103 2097 2590 
3 2104 1647 2092 
3 2103 2100 1666 
3 2106 1666 2100 
3 2101 1652 2598 
3 2102 1647 2104 
3 1653 2105 2099 
3 1661 2103 1666 
3 2105 1653 2107 
3 2597 1677 2106 
3 1677 1666 2106 
3 2108 2109 2102 
3 2108 2102 2104 
3 2110 2601 1667 
3 1677 2600 2604 
3 2597 2600 1677 
3 2113 1677 2604 
3 2605 2110 1673 
3 2111 2605 1673 
3 2111 1673 2607 
3 2112 2607 1674 
3 2112 1674 1670 
3 1676 1671 1679 
3 1671 2109 1679 
3 2114 1679 2109 
3 2108 2114 2109 
3 2112 2115 2607 
3 1670 1678 2116 
3 1670 2116 2112 
3 2117 2116 1678 
3 2118 2117 1675 
3 2117 1678 1675 
3 2118 1675 1679 
3 2129 2108 2120 
3 2114 2108 2129 
3 3006 2603 2107 
3 2107 1680 3006 
3 1683 1677 2113 
3 2609 1683 2113 
3 2112 2116 2115 
3 2116 2124 2115 
3 2119 2118 1679 
3 2114 1686 2119 
3 2114 2119 1679 
3 2129 1686 2114 
3 2121 1680 1684 
3 3009 1680 2121 
3 2122 1685 2609 
3 1685 1683 2609 
3 2125 2124 2116 
3 2117 2125 2116 
3 2126 2125 2117 
3 2118 2126 2117 
3 2118 2119 2123 
3 2118 2123 2126 
3 1686 2129 2128 
3 2123 2134 2126 
3 2134 2123 2132 
3 2132 1686 2127 
3 1686 2128 2127 
3 2130 2129 2120 
3 1685 2122 2131 
3 2126 2134 2125 
3 2127 2135 2132 
3 2130 2128 2129 
3 2134 2137 2125 
3 2132 2138 2134 
3 2132 2135 2138 
3 2135 2127 2139 
3 2142 2139 2127 
3 2128 2142 2127 
3 2128 2130 2142 
3 2136 2131 2133 
3 2141 2137 2134 
3 2138 2141 2134 
3 2139 2138 2135 
3 2618 2142 2130 
3 1689 2131 2136 
3 2141 2152 2137 
3 2143 2141 2138 
3 2139 2143 2138 
3 2142 2145 2139 
3 2152 2141 2147 
3 2149 2147 2141 
3 2143 2149 2141 
3 2144 2143 2139 
3 2145 2144 2139 
3 2151 2142 2618 
3 2149 2148 2147 
3 2150 2149 2143 
3 2144 2150 2143 
3 2154 2144 2145 
3 2142 2154 2145 
3 2151 2154 2142 
3 2624 1692 2136 
3 2147 2157 2152 
3 2150 2153 2148 
3 2150 2148 2149 
3 2153 2150 2144 
3 2154 2153 2144 
3 2155 2146 2636 
3 2627 2146 2155 
3 2156 1692 2624 
3 2157 2147 2161 
3 2153 1694 2148 
3 1694 2147 2148 
3 2154 2158 2153 
3 2159 2158 2154 
3 2151 2159 2154 
3 2156 1693 1692 
3 2164 2157 2161 
3 1694 2161 2147 
3 2151 2160 2163 
3 2159 2151 2163 
3 2156 2162 1693 
3 1701 2158 2159 
3 2165 1693 2162 
3 1701 2159 2163 
3 2636 1702 2638 
3 2640 2635 2164 
3 2172 2640 2164 
3 2161 1698 2164 
3 2164 1698 2172 
3 1707 1697 2169 
3 1697 2165 2169 
3 2162 2169 2165 
3 2166 2640 2172 
3 2172 1698 2175 
3 2175 1698 2167 
3 1700 1701 2173 
3 2173 1701 2163 
3 2637 2173 2163 
3 2172 2171 2166 
3 1714 1700 2176 
3 1700 2173 2176 
3 1702 2168 2177 
3 2177 2168 1708 
3 1711 1707 2169 
3 2174 1711 2169 
3 2170 2174 2169 
3 2172 2179 2171 
3 2172 2175 2179 
3 2167 1712 1719 
3 2167 1719 2175 
3 2179 2175 2183 
3 1719 2183 2175 
3 2643 2176 2173 
3 2643 2181 2176 
3 1722 2177 1709 
3 1719 2180 2183 
3 2180 1719 1720 
3 1714 2176 2181 
3 3378 2177 1722 
3 2182 1725 1711 
3 2182 1711 2174 
3 2178 2182 2174 
3 2178 2189 2182 
3 2184 1714 2181 
3 2181 2185 2187 
3 1725 2182 2186 
3 2186 2182 2189 
3 2180 2190 2183 
3 1720 1728 2180 
3 2180 1728 2190 
3 2187 2184 2181 
3 2188 2187 2185 
3 2654 2647 2183 
3 2190 2654 2183 
3 2191 2184 2187 
3 2188 2191 2187 
3 2656 2188 2185 
3 2194 2189 2649 
3 2190 2192 2654 
3 1728 1736 2190 
3 1734 2184 2191 
3 2656 2198 2188 
3 2193 1722 1729 
3 1739 2186 2189 
3 2194 1735 2189 
3 2189 1735 1739 
3 2196 2195 2194 
3 2190 2200 2192 
3 1736 2200 2190 
3 1737 1734 2201 
3 2202 2201 1734 
3 2191 2202 1734 
3 2198 2202 2191 
3 2188 2198 2191 
3 1735 2194 2195 
3 2200 2205 2192 
3 2206 2200 1736 
3 2197 2206 1736 
3 2197 1737 2212 
3 2201 2212 1737 
3 1729 2208 2193 
3 1741 2208 1729 
3 1743 2195 2196 
3 1743 2196 2199 
3 1743 2199 2203 
3 1745 1743 2203 
3 1745 2203 1746 
3 2200 2660 2205 
3 2200 2206 2660 
3 2206 2210 2660 
3 2211 2206 2197 
3 2212 2211 2197 
3 2202 2207 2201 
3 2206 2211 2210 
3 2212 2664 2211 
3 2213 2212 2201 
3 2207 2213 2201 
3 2215 2207 2202 
3 2209 2661 2214 
3 2212 2665 2664 
3 2212 2213 2665 
3 2215 2213 2207 
3 2208 1748 1750 
3 2665 2213 2217 
3 2213 2215 2666 
3 2217 2213 2666 
3 1753 2216 3048 
3 1751 2216 1753 
3 2671 2665 2217 
3 2666 2221 2217 
3 2218 2221 2666 
3 2672 2218 2666 
3 2219 1753 2674 
3 2219 1754 1753 
3 2220 2671 2217 
3 2221 2220 2217 
3 2224 2672 2679 
3 2218 2672 2224 
3 2677 1752 2682 
3 1750 1752 2677 
3 2682 1752 1755 
3 1754 2219 1756 
3 2219 2225 1756 
3 2222 2228 2220 
3 2221 2222 2220 
3 2223 2222 2221 
3 2218 2223 2221 
3 2224 2223 2218 
3 2682 1755 2227 
3 1756 2225 1757 
3 2685 1757 2225 
3 2223 1759 2222 
3 2224 2679 2226 
3 2683 2682 2227 
3 2230 2676 2228 
3 2222 2229 2228 
3 1759 2229 2222 
3 1762 1759 2224 
3 2224 1759 2223 
3 2686 1760 2685 
3 2686 1761 1760 
3 2230 2228 2233 
3 2229 2233 2228 
3 2226 1762 2224 
3 2239 2226 2234 
3 1762 2226 2239 
3 2232 1376 2686 
3 2690 2230 2233 
3 1765 1376 2232 
3 1765 1377 1376 
3 1764 2233 2229 
3 1771 1762 2239 
3 3061 1377 1765 
3 2690 2233 2235 
3 2233 1764 2235 
3 1377 3061 1769 
3 3061 2691 1769 
3 1764 2236 2235 
3 2236 1764 1772 
3 2239 2234 2244 
3 1769 2691 1379 
3 2237 1379 2691 
3 2238 2235 2236 
3 2243 2238 2236 
3 2236 1772 2243 
3 2244 2234 2240 
3 2241 1382 2237 
3 2242 2245 2238 
3 2243 2242 2238 
3 2243 1772 1775 
3 1773 1771 2247 
3 2247 1771 2239 
3 2244 2247 2239 
3 2240 2255 2244 
3 2694 1767 1768 
3 2259 2694 1768 
3 2241 2249 1382 
3 2249 1774 1382 
3 2246 2242 2243 
3 2243 1775 2254 
3 2243 2254 2246 
3 1773 2247 1777 
3 2247 2244 2255 
3 2259 2251 2694 
3 1768 2248 2259 
3 2250 1774 2249 
3 2250 1383 1774 
3 2252 2245 2242 
3 2253 2252 2242 
3 2246 2253 2242 
3 2254 1775 1784 
3 2259 2700 2251 
3 2254 2253 2246 
3 2258 1777 2247 
3 2258 2247 2255 
3 2259 2248 1778 
3 2253 2262 2252 
3 2256 2262 2253 
3 2254 2256 2253 
3 1784 2256 2254 
3 2258 2255 2706 
3 2257 1779 2250 
3 2256 1784 1789 
3 2258 2706 2260 
3 1778 2261 2259 
3 1052 2261 1778 
3 2262 2256 2263 
3 1789 2263 2256 
3 1052 1793 2261 
3 2260 2706 2264 
3 1388 1786 1794 
3 1789 1795 2263 
3 2263 1795 2267 
3 2265 2260 2264 
3 2261 1793 2268 
3 2705 2263 2267 
3 1793 1390 2268 
3 1794 2266 1797 
3 2708 2705 2267 
3 1806 1800 2265 
3 2269 1806 2265 
3 2264 2269 2265 
3 2271 1392 1797 
3 2271 1797 2266 
3 2708 2267 2709 
3 1795 1801 2267 
3 2267 1801 2709 
3 1390 2274 2268 
3 2269 2264 2270 
3 2273 2710 2709 
3 1801 2273 2709 
3 1806 2269 2277 
3 2270 2277 2269 
3 1390 1393 2274 
3 2271 2272 1807 
3 1801 2280 2273 
3 2280 1801 1808 
3 1814 1806 2277 
3 2277 2270 2278 
3 2272 1812 1807 
3 2276 2710 2273 
3 2280 2276 2273 
3 1812 2272 2279 
3 2275 2710 2276 
3 1808 1821 2280 
3 1819 1814 2277 
3 1819 2277 2278 
3 2282 1819 2278 
3 2276 2713 2275 
3 2283 2713 2276 
3 2280 2283 2276 
3 2280 1821 2283 
3 2282 2284 1819 
3 2274 1400 2711 
3 1826 1820 2281 
3 2283 1821 1827 
3 3094 2711 2712 
3 1400 2712 2711 
3 2714 2713 2283 
3 2286 2284 2282 
3 2282 2716 2289 
3 2286 2282 2289 
3 2285 1833 1826 
3 2715 1827 2287 
3 1827 1828 2287 
3 1839 2720 2712 
3 1832 1839 2712 
3 1833 2285 1835 
3 2722 2715 2287 
3 1839 2288 2720 
3 1836 1835 1840 
3 1840 1835 2718 
3 2290 1840 2718 
3 2296 2722 2287 
3 2287 1828 2296 
3 2291 2286 2289 
3 1839 1847 2288 
3 2721 1843 2290 
3 1828 1850 2296 
3 2291 2289 2725 
3 1847 2294 2288 
3 1843 2721 1848 
3 2721 2723 1848 
3 2295 1848 2723 
3 2295 1849 1848 
3 2296 1850 2292 
3 2293 2291 2725 
3 2292 2298 2296 
3 2299 2298 2292 
3 1850 1844 2292 
3 2292 1844 2299 
3 1854 2299 1844 
3 2300 2293 2725 
3 1856 1849 2295 
3 2295 2729 1856 
3 1854 1862 2299 
3 2293 2300 1865 
3 2729 1861 1856 
3 2299 2731 2730 
3 1862 2731 2299 
3 1864 1865 2303 
3 2300 2303 1865 
3 2729 2306 1861 
3 2306 1868 1861 
3 2302 2731 1862 
3 2302 1862 1866 
3 1869 1864 2308 
3 2308 1864 2303 
3 2305 1868 2306 
3 2302 2735 2731 
3 1866 2310 2302 
3 1869 2308 2311 
3 2308 2303 2309 
3 2302 2310 2735 
3 2313 2310 1866 
3 2307 2313 1866 
3 2314 2313 2307 
3 1869 2314 2307 
3 2315 2314 1869 
3 2311 2315 1869 
3 2312 2311 2308 
3 2309 2312 2308 
3 2738 2312 2309 
3 1413 1871 1870 
3 2305 1872 1868 
3 2316 2315 2311 
3 2312 2316 2311 
3 2325 1872 2305 
3 2313 2314 2317 
3 2314 2315 2317 
3 2315 2741 2317 
3 2315 2316 2741 
3 2316 2318 2741 
3 2320 2318 2316 
3 2312 2320 2316 
3 2321 2320 2312 
3 2738 2321 2312 
3 2321 2738 2742 
3 2742 2319 2321 
3 2319 2742 2323 
3 2323 2322 2319 
3 2325 2324 1872 
3 2326 2318 2320 
3 2330 2326 2320 
3 2321 2330 2320 
3 2327 2330 2321 
3 2319 2327 2321 
3 2322 2323 2331 
3 2324 2325 2335 
3 2324 2335 1873 
3 2333 2327 2319 
3 2322 2333 2319 
3 2331 2337 2322 
3 2338 2326 2330 
3 2332 2338 2330 
3 2327 2332 2330 
3 2336 2332 2327 
3 2333 2336 2327 
3 2337 2333 2322 
3 2337 2331 2334 
3 1417 2752 2328 
3 2338 2332 2339 
3 2336 2339 2332 
3 2340 2336 2333 
3 2337 2340 2333 
3 1875 1873 2335 
3 2339 2755 2338 
3 1874 2339 2336 
3 2340 1874 2336 
3 1877 2340 2337 
3 2341 1877 2337 
3 2334 2341 2337 
3 2341 2334 2342 
3 2344 2752 2345 
3 2755 2339 2347 
3 2343 2347 2339 
3 1874 1876 2343 
3 1874 2343 2339 
3 1877 1874 2340 
3 1875 2753 2346 
3 1883 1877 2341 
3 1883 2341 2342 
3 2345 2759 2344 
3 2346 1418 1875 
3 2346 2348 1418 
3 2349 2347 2350 
3 1880 2350 2347 
3 2343 1880 2347 
3 1876 1880 2343 
3 2351 1883 2342 
3 2348 1884 1418 
3 1888 1883 2351 
3 1884 2348 2761 
3 2767 2349 2350 
3 1884 2761 2352 
3 2767 2350 2356 
3 1885 2356 2350 
3 1888 2351 1891 
3 1891 2351 2764 
3 1889 2352 2761 
3 1889 2761 2355 
3 2759 1421 2353 
3 2769 2354 2355 
3 2764 1894 1891 
3 1885 1893 2356 
3 1893 2359 2356 
3 2353 1429 2358 
3 2769 1895 2354 
3 1894 2764 2357 
3 2361 1895 2769 
3 2361 1897 1895 
3 2363 1893 1899 
3 2359 1893 2363 
3 1901 1894 2357 
3 2361 2362 1897 
3 2361 2360 2362 
3 2770 2358 2365 
3 2364 1898 2773 
3 1898 2360 2773 
3 2362 2360 1898 
3 2371 2363 1899 
3 1900 1898 2364 
3 2770 2365 2369 
3 2366 1900 2367 
3 2367 1900 2364 
3 1903 2357 2368 
3 2366 2370 1902 
3 2373 2371 1453 
3 1903 2368 2374 
3 1902 2782 1904 
3 1902 2370 2782 
3 1904 2782 2372 
3 1910 2375 2376 
3 2369 1910 2376 
3 2365 1914 2369 
3 2378 1908 2377 
3 1908 1905 2377 
3 2372 2377 1905 
3 1909 1912 2374 
3 2374 2786 1909 
3 2375 2379 2781 
3 2378 1907 1908 
3 2793 2373 1915 
3 2800 1911 2796 
3 1907 2796 1911 
3 2375 1913 2379 
3 1910 1913 2375 
3 1464 1911 2800 
3 2793 1915 2799 
3 2799 1915 1467 
3 1918 1909 2786 
3 2794 2382 2791 
3 2382 2794 1920 
3 2797 2381 1920 
3 2379 2385 2380 
3 1913 2385 2379 
3 2383 1917 1464 
3 1923 2786 2791 
3 2382 1924 2791 
3 2385 2381 2380 
3 1924 1923 2791 
3 2381 2384 1920 
3 2385 2384 2381 
3 2386 1917 2383 
3 2799 1467 1471 
3 1917 2386 1922 
3 2799 1471 2804 
3 2803 1927 2386 
3 1927 1922 2386 
3 1929 1927 2387 
3 1927 2803 2387 
3 1929 2387 1928 
3 2806 2804 1471 
3 1930 2806 1471 
3 2389 2806 1930 
3 1933 1928 2388 
3 2389 1932 1483 
3 2809 1933 2388 
3 2390 2389 1483 
3 1483 2391 2390 
3 1934 2391 1483 
3 2391 1934 2392 
3 2809 2393 1935 
3 2392 1934 1936 
3 1939 1937 2394 
3 1940 2395 1936 
3 2812 2395 1940 
3 2396 2398 1940 
3 1940 2398 2812 
3 2397 1941 1939 
3 1941 1938 1939 
3 2398 2396 2399 
3 2813 2398 2399 
3 2814 1942 1941 
3 1942 1498 1941 
3 3163 2399 2400 
3 2814 2401 1942 
3 1942 2401 2402 
3 1945 2403 2400 
3 2818 1943 2402 
3 1943 1944 2402 
3 1942 2402 1944 
3 1947 2819 1945 
3 1943 2404 1946 
3 1943 2818 2404 
3 2821 2819 1947 
3 1947 1505 2821 
3 1946 2405 2406 
3 1946 2404 2405 
3 1948 2821 1505 
3 2825 1950 2406 
3 1950 1949 2406 
3 2823 1948 2407 
3 1948 918 2407 
3 1952 1508 2408 
3 2408 1508 1950 
3 1950 2825 2408 
3 1952 2410 1951 
3 1196 2409 2407 
3 2409 1951 2410 
3 2411 2412 2414 
3 2411 2413 2412 
3 2828 2414 2416 
3 2412 2413 1955 
3 1953 1955 2413 
3 2413 1957 1953 
3 2413 2415 1957 
3 2415 2417 1957 
3 2416 2834 2828 
3 2419 2834 2416 
3 2414 1954 2416 
3 1955 1954 2412 
3 1954 2414 2412 
3 1957 2417 2418 
3 2420 2418 2417 
3 2416 1961 2419 
3 1954 1961 2416 
3 1960 2418 2420 
3 1960 2420 2838 
3 2421 2834 2419 
3 1962 1960 2838 
3 1962 2838 2422 
3 2419 2423 2421 
3 1961 2423 2419 
3 1962 2422 1964 
3 2424 2842 2421 
3 2423 2424 2421 
3 2425 1968 1964 
3 1966 2426 2842 
3 2424 1966 2842 
3 2428 1968 2427 
3 1966 2846 2426 
3 1968 2428 1970 
3 1972 1970 2428 
3 1973 1972 2428 
3 1973 2428 2429 
3 1974 2846 1966 
3 1973 2430 1975 
3 1976 1975 2430 
3 1976 2430 2844 
3 1974 1977 2846 
3 1525 2844 1978 
3 1978 2844 3196 
3 2431 1978 3196 
3 1977 2432 2846 
3 1977 1981 2432 
3 2433 1980 2431 
3 1981 2848 2432 
3 1530 1980 3199 
3 3199 1980 2433 
3 1982 2848 1981 
3 1530 3199 2849 
3 1982 2437 2848 
3 2437 1982 1984 
3 1531 2849 1983 
3 2437 1984 2434 
3 2434 1984 2435 
3 2435 1984 1985 
3 2439 1983 2436 
3 2434 2853 2437 
3 2435 2853 2434 
3 1985 1987 2435 
3 2443 2448 1991 
3 2448 1988 1991 
3 1986 2852 2438 
3 2852 1986 1990 
3 1990 2441 2440 
3 1988 2448 1987 
3 2443 2444 2448 
3 1989 2858 2443 
3 2438 2858 1989 
3 2438 2852 2858 
3 2441 1993 2440 
3 2435 1987 2854 
3 1987 2857 2854 
3 2443 2860 2444 
3 2443 2858 2860 
3 2445 2440 1993 
3 2448 2857 1987 
3 1993 2861 2445 
3 1993 2449 2861 
3 1543 3568 1545 
3 2872 1545 3568 
3 2874 1545 2872 
3 2451 2867 2452 
3 2453 2451 2452 
3 2875 1547 2874 
3 2874 1547 1994 
3 1995 1547 2875 
3 2454 2877 2876 
3 2455 1995 2875 
3 1996 2877 2454 
3 2455 1549 1995 
3 2456 2877 1996 
3 1549 2455 2457 
3 2459 1998 2457 
3 1999 1998 2459 
3 2459 2457 2878 
3 2459 1552 1999 
3 2460 1552 2459 
3 2461 1555 1552 
3 2461 1552 2460 
3 2462 2000 2461 
3 2461 2000 1555 
3 2895 2001 2889 
3 2895 2890 2001 
3 2890 2463 2001 
3 2001 2004 2889 
3 2896 2003 2463 
3 2903 2004 2465 
3 2003 2002 2463 
3 2004 2005 2465 
3 2465 2005 2464 
3 2010 2003 2007 
3 2003 2467 2007 
3 2009 2000 2468 
3 2000 2905 2468 
3 2469 2908 2470 
3 2914 2471 2007 
3 2466 2008 3275 
3 2470 2011 2469 
3 2464 2011 2470 
3 2005 2014 2464 
3 2014 2011 2464 
3 2011 2475 2469 
3 2015 2471 2919 
3 2921 2008 2016 
3 2008 1563 2016 
3 2016 1563 2012 
3 2468 2013 2009 
3 2472 2918 2473 
3 2475 2473 2469 
3 3273 2015 2919 
3 2476 2477 2012 
3 2017 2013 2474 
3 2473 2480 2472 
3 2475 2480 2473 
3 3273 2031 2015 
3 2021 2017 2474 
3 2927 2472 2480 
3 2475 2025 2480 
3 2476 2478 2477 
3 2023 2478 2476 
3 2021 2474 2479 
3 2481 2027 2021 
3 2481 2021 2479 
3 2479 2490 2481 
3 2028 2029 2482 
3 2483 2028 2482 
3 2927 2480 2483 
3 2483 2480 2030 
3 2483 2030 2028 
3 2025 2030 2480 
3 2023 2026 2484 
3 2023 2484 2478 
3 2484 2026 2032 
3 2487 2486 2033 
3 2033 2027 2487 
3 2487 2027 2481 
3 2487 2481 2498 
3 2498 2481 2490 
3 2029 2932 2482 
3 2495 2484 2032 
3 2497 2496 2485 
3 2486 2497 2485 
3 2488 2497 2486 
3 2487 2488 2486 
3 2489 2488 2487 
3 2498 2489 2487 
3 2934 2035 2492 
3 2934 2034 2035 
3 2932 2029 2934 
3 2934 2029 2034 
3 2494 2493 2031 
3 2496 2495 2032 
3 2498 2490 2491 
3 2492 2036 2504 
3 2492 2035 2036 
3 2516 2493 2494 
3 2484 2495 2938 
3 2499 2495 2496 
3 2497 2499 2496 
3 2500 2499 2497 
3 2488 2500 2497 
3 2506 2500 2488 
3 2489 2506 2488 
3 2501 2506 2489 
3 2498 2501 2489 
3 2502 2501 2498 
3 2491 2502 2498 
3 2502 2491 2503 
3 2495 2499 2939 
3 2499 2508 2939 
3 2509 2508 2499 
3 2500 2509 2499 
3 2510 2509 2500 
3 2506 2510 2500 
3 1594 2507 2504 
3 2507 2505 2504 
3 2509 2517 2508 
3 2511 2510 2506 
3 2501 2511 2506 
3 2514 2511 2501 
3 2502 2514 2501 
3 2512 2514 2502 
3 2503 2512 2502 
3 2944 2512 2503 
3 2038 2945 2507 
3 2945 2941 2507 
3 2513 2517 2509 
3 2510 2513 2509 
3 2519 2513 2510 
3 2511 2519 2510 
3 2945 2948 3294 
3 2513 2521 2517 
3 2518 2521 2513 
3 2519 2518 2513 
3 2523 2519 2511 
3 2514 2523 2511 
3 2520 2523 2514 
3 2512 2520 2514 
3 2515 2520 2512 
3 2515 2528 2520 
3 2946 2039 2516 
3 2518 2526 2521 
3 2527 2526 2518 
3 2519 2527 2518 
3 2522 2527 2519 
3 2523 2522 2519 
3 2523 2520 2528 
3 2526 2527 2531 
3 2530 2527 2522 
3 2523 2530 2522 
3 2534 2530 2523 
3 2528 2534 2523 
3 2040 2039 2525 
3 2527 2532 2531 
3 2533 2532 2527 
3 2530 2533 2527 
3 1599 2040 2525 
3 2534 2533 2530 
3 2528 2535 2534 
3 2956 2535 2528 
3 2956 2536 2535 
3 2042 2955 2529 
3 2042 2957 2955 
3 2543 1599 2525 
3 2538 2537 2531 
3 2532 2538 2531 
3 2539 2538 2532 
3 2533 2539 2532 
3 2540 2539 2533 
3 2534 2540 2533 
3 2541 2540 2534 
3 2535 2541 2534 
3 2541 2535 2536 
3 2957 2042 2043 
3 2045 1599 2543 
3 2537 2963 2959 
3 2556 2963 2537 
3 2538 2556 2537 
3 2536 2542 2544 
3 2541 2536 2544 
3 2043 2044 2546 
3 2547 2540 2541 
3 2544 2547 2541 
3 2548 2545 2549 
3 2542 2545 2548 
3 2544 2542 2548 
3 2546 2044 2962 
3 2044 2551 2962 
3 2556 2559 2963 
3 2552 2556 2538 
3 2539 2552 2538 
3 2550 2552 2539 
3 2540 2550 2539 
3 2547 2046 2550 
3 2547 2550 2540 
3 2046 2547 2544 
3 2553 2046 2544 
3 2548 2553 2544 
3 2044 2047 2551 
3 2046 2552 2550 
3 2557 2046 2553 
3 2548 2549 2554 
3 2553 2548 2554 
3 2558 2554 2549 
3 2047 2555 2551 
3 2551 2555 2967 
3 2552 2560 2556 
3 2552 2046 2560 
3 2557 2560 2046 
3 2051 2557 2553 
3 2967 2048 2050 
3 2555 2048 2967 
3 2967 2050 2970 
3 2045 2565 2049 
3 2556 3311 2559 
3 2560 3311 2556 
3 2051 2560 2557 
3 2561 2051 2553 
3 2562 2561 2553 
3 2554 2562 2553 
3 2563 2558 2564 
3 2554 2558 2563 
3 2562 2554 2563 
3 2050 2569 2970 
3 2973 3311 2560 
3 2560 2051 2570 
3 2560 2570 2973 
3 2566 2570 2051 
3 2566 2051 2561 
3 2566 2561 2052 
3 2054 2052 2562 
3 2562 2052 2561 
3 2054 2562 2563 
3 2055 2054 2563 
3 2055 2563 2564 
3 2055 2564 2567 
3 2564 2568 2567 
3 2050 2057 2569 
3 2565 2062 2049 
3 2571 2570 2566 
3 2052 2571 2566 
3 2064 2571 2052 
3 2056 2567 2568 
3 2067 2056 2573 
3 2573 2056 2568 
3 2569 2060 3314 
3 2057 2060 2569 
3 3314 2060 2972 
3 2570 2578 2973 
3 2572 2578 2570 
3 2571 2572 2570 
3 2972 2060 2061 
3 2972 2061 2574 
3 2577 2062 2977 
3 2062 2565 2977 
3 2071 2067 2573 
3 2061 1614 2574 
3 2069 2578 2572 
3 2575 2071 2573 
3 2574 2576 2976 
3 2574 2068 2576 
3 1614 2068 2574 
3 2581 2577 2977 
3 2576 2073 2076 
3 2581 2580 2577 
3 2076 2079 2579 
3 2081 2078 2582 
3 2983 2579 2079 
3 2985 2580 2581 
3 2080 2082 2986 
3 2085 2081 2582 
3 2085 2582 2585 
3 2584 2986 2082 
3 2584 1632 2586 
3 2985 2089 2580 
3 2589 2085 2585 
3 2088 2586 1632 
3 2586 2088 2587 
3 2993 2089 2985 
3 2589 2094 2085 
3 2587 2088 2588 
3 2088 2091 2588 
3 2589 2095 2094 
3 2994 2095 2589 
3 2091 2991 2588 
3 2089 2993 2092 
3 2590 2095 2994 
3 2091 2591 2991 
3 3330 2092 2993 
3 2591 2091 2592 
3 2091 2101 2592 
3 2594 2092 3330 
3 2100 2590 2994 
3 2593 2100 2994 
3 2104 2092 2594 
3 2593 2106 2100 
3 2101 2598 2596 
3 2595 2106 2593 
3 2597 2106 2595 
3 2598 1303 2599 
3 3695 2105 2107 
3 2601 2599 1303 
3 2104 2594 2602 
3 3695 2107 2603 
3 3004 2601 2110 
3 2605 3004 2110 
3 2120 2108 2104 
3 2120 2104 2602 
3 2604 3002 2113 
3 2605 2606 3004 
3 2605 2111 2606 
3 2111 3005 2606 
3 3005 2111 2607 
3 2602 2616 2120 
3 2113 2608 2609 
3 2607 2115 2610 
3 2607 2610 3005 
3 2124 2610 2115 
3 3006 1680 3009 
3 3005 2610 2611 
3 2612 2611 2610 
3 2124 2612 2610 
3 2613 2122 3007 
3 2613 2131 2122 
3 2614 2611 2612 
3 2617 2614 2612 
3 2124 2617 2612 
3 2124 2615 2617 
3 2615 2124 2125 
3 2130 2120 2616 
3 1684 2619 2121 
3 2133 2131 2613 
3 3013 2614 2617 
3 2617 3015 3013 
3 2621 3015 2617 
3 2615 2621 2617 
3 2615 2125 2137 
3 2615 2137 2621 
3 2133 2620 2136 
3 2618 2130 2616 
3 3012 2618 2616 
3 2137 2626 2621 
3 2137 2622 2626 
3 2622 2137 2152 
3 2618 3012 2623 
3 2624 2136 2620 
3 2625 2624 2620 
3 2628 2624 2625 
3 2629 2621 2626 
3 2151 2618 2623 
3 3012 2160 2623 
3 2626 2631 2629 
3 2630 2631 2626 
3 2622 2630 2626 
3 2152 2630 2622 
3 2628 2156 2624 
3 2632 2156 2628 
3 2630 2152 2157 
3 2633 2160 3012 
3 2631 2630 2635 
3 2157 2635 2630 
3 2160 2151 2623 
3 2634 2156 2632 
3 2164 2635 2157 
3 2163 2160 2637 
3 2160 2633 2637 
3 2155 2636 2638 
3 2634 2162 2156 
3 2639 2162 2634 
3 2169 2162 2639 
3 2173 2637 2643 
3 2641 2170 3023 
3 3023 2170 2639 
3 2639 2170 2169 
3 2640 2166 2171 
3 3027 2643 2637 
3 3371 2638 1702 
3 3028 2640 2171 
3 2174 2170 2641 
3 2179 3029 2171 
3 2177 3371 1702 
3 2644 2178 2642 
3 2642 2178 2641 
3 2641 2178 2174 
3 3029 2179 2647 
3 2647 2179 2183 
3 2189 2178 2644 
3 3030 2644 2642 
3 2185 2181 2643 
3 2185 2643 2645 
3 2644 3030 2650 
3 2651 2650 3030 
3 2656 2185 2648 
3 2648 2185 2645 
3 2649 2189 2644 
3 2649 2644 2650 
3 2652 2650 2651 
3 2194 2649 2650 
3 2194 2650 2652 
3 2648 3034 2656 
3 2193 3733 3378 
3 1722 2193 3378 
3 2655 2196 2652 
3 2652 2196 2194 
3 3038 2653 2654 
3 2654 2192 3038 
3 2199 2196 2655 
3 2657 2199 2655 
3 2656 3034 2658 
3 2203 2199 2657 
3 2659 3040 1746 
3 2204 1746 3040 
3 3038 2192 3039 
3 2192 2205 3039 
3 2202 2198 2215 
3 2658 2215 2198 
3 2656 2658 2198 
3 2204 3040 2209 
3 2205 3046 3039 
3 2668 3046 2205 
3 2660 2668 2205 
3 2660 2210 2662 
3 2660 2662 2668 
3 2663 2662 2210 
3 2663 2210 2211 
3 2661 2209 3041 
3 2211 2664 2663 
3 2672 2666 2215 
3 2658 2672 2215 
3 2672 2658 3043 
3 3043 2680 2672 
3 2214 2661 2216 
3 2216 2661 2667 
3 2662 2673 2668 
3 2669 2673 2662 
3 2663 2669 2662 
3 2670 2669 2663 
3 2664 2670 2663 
3 2671 2670 2664 
3 2665 2671 2664 
3 2216 2667 3048 
3 2669 3053 2673 
3 2675 3053 2669 
3 2670 2675 2669 
3 2680 2679 2672 
3 2208 1750 3050 
3 3048 2674 1753 
3 2670 2676 2675 
3 2671 2220 2670 
3 2220 2676 2670 
3 3055 2680 3043 
3 1750 2677 3050 
3 2225 2219 3054 
3 3054 2219 2674 
3 2678 2675 2684 
3 2678 3053 2675 
3 2676 2684 2675 
3 2220 2228 2676 
3 2681 2677 2682 
3 2685 2225 3054 
3 2680 2226 2679 
3 3057 2680 3055 
3 2681 2682 2683 
3 2676 2230 2684 
3 2678 2684 2230 
3 2234 2226 2680 
3 2680 3057 2234 
3 2227 2231 2683 
3 2687 2686 2685 
3 2230 2689 2678 
3 2690 2689 2230 
3 2686 2687 2688 
3 2688 2232 2686 
3 1765 2232 2688 
3 3057 3062 2234 
3 3061 1765 2688 
3 2683 2231 3063 
3 2231 1767 3063 
3 2691 3061 3064 
3 2690 2235 2692 
3 2235 2238 2692 
3 2692 2238 3400 
3 2240 2234 3062 
3 2241 2237 2693 
3 2693 2237 2691 
3 2238 2245 3400 
3 2240 3062 2696 
3 3063 1767 2694 
3 3400 2245 2695 
3 3068 2694 2251 
3 2249 2241 3071 
3 3076 2249 3071 
3 2250 2249 3076 
3 3072 2245 2252 
3 2695 2245 3072 
3 2696 2255 2240 
3 3072 2252 2697 
3 2698 2251 2699 
3 2698 3068 2251 
3 2251 2700 2699 
3 2703 2250 3076 
3 2697 2252 2701 
3 2706 2255 2696 
3 2706 2696 2702 
3 2703 2257 2250 
3 2262 2701 2252 
3 2699 2700 3081 
3 2261 3081 2259 
3 3081 2700 2259 
3 2703 2704 2257 
3 2704 1786 2257 
3 2701 2262 2705 
3 2705 2262 2263 
3 2706 2702 3083 
3 2704 1794 1786 
3 3083 2264 2706 
3 1794 2704 3416 
3 2266 1794 3416 
3 2707 2271 2266 
3 2270 2264 3083 
3 2274 3086 2268 
3 3421 2709 2710 
3 2271 2707 2272 
3 3088 2278 2270 
3 3090 3086 3093 
3 2274 3093 3086 
3 3089 2278 3088 
3 2274 2711 3093 
3 3091 2279 2272 
3 2282 2278 3089 
3 2281 1820 2279 
3 2281 2279 3091 
3 3094 3093 2711 
3 3096 1826 2281 
3 2716 2282 3089 
3 3089 3420 2716 
3 2717 1826 3096 
3 2715 2714 2283 
3 2715 2283 1827 
3 2712 2720 3094 
3 2285 1826 2717 
3 2285 2717 3097 
3 2718 2285 3097 
3 2718 1835 2285 
3 2719 2714 2715 
3 2719 2715 2722 
3 2289 2716 2726 
3 2721 2290 2718 
3 2724 2722 2296 
3 2725 2289 2726 
3 2288 2294 3099 
3 2724 2296 2298 
3 2727 2725 2726 
3 2297 2728 3099 
3 2294 2297 3099 
3 2730 2298 2299 
3 2295 2723 2729 
3 2300 2725 2727 
3 2297 2301 2728 
3 3104 2730 2731 
3 2303 2300 2732 
3 2732 2300 2727 
3 2732 2727 2733 
3 2728 1870 2304 
3 2301 1870 2728 
3 3103 2306 2729 
3 2306 3103 2734 
3 2309 2303 2732 
3 2738 2309 2732 
3 2304 1871 3445 
3 1870 1871 2304 
3 2734 2305 2306 
3 3104 2731 2735 
3 2732 2733 2736 
3 1871 2739 3445 
3 2305 2734 2737 
3 2744 3109 2735 
3 2310 2744 2735 
3 2740 2744 2310 
3 2740 2310 2313 
3 2742 2738 2732 
3 2736 2742 2732 
3 2325 2305 2737 
3 2313 2317 2740 
3 2741 2740 2317 
3 2323 2742 2736 
3 2747 2323 2736 
3 2739 2329 2328 
3 1871 2329 2739 
3 2743 2325 2737 
3 2740 2745 2744 
3 2746 2745 2740 
3 2741 2746 2740 
3 2318 2746 2741 
3 2331 2323 2747 
3 2328 3110 2739 
3 2748 2745 2746 
3 2318 2326 2746 
3 2331 2747 2749 
3 2328 3113 3110 
3 2335 2325 2743 
3 2751 2748 2746 
3 2326 2751 2746 
3 2326 2750 2751 
3 2334 2331 2749 
3 2328 2752 3113 
3 2751 3114 2748 
3 2326 2338 2750 
3 2751 2754 3114 
3 2750 2754 2751 
3 2338 2754 2750 
3 3113 2752 2344 
3 2753 1875 2335 
3 2754 2338 2755 
3 2754 2755 2756 
3 2342 2334 2749 
3 3117 2342 2749 
3 2757 2754 2756 
3 2342 3117 2351 
3 2753 3116 2346 
3 2755 2347 2756 
3 2756 2347 2349 
3 2756 2349 2757 
3 2758 2344 2759 
3 2346 3116 2348 
3 3118 2757 2760 
3 2349 2760 2757 
3 2764 2351 3117 
3 2761 3116 3457 
3 3116 2761 2348 
3 2760 2763 3118 
3 2759 2353 2758 
3 2761 3457 2762 
3 2763 2760 2767 
3 2349 2767 2760 
3 2761 2762 2765 
3 3121 2763 2767 
3 2768 3456 2353 
3 2765 2766 2355 
3 2761 2765 2355 
3 2766 2769 2355 
3 3124 3121 2767 
3 3124 2767 2356 
3 2766 2771 2769 
3 2353 2358 2768 
3 2356 2359 3124 
3 2357 2764 2772 
3 2772 3122 2368 
3 2775 3119 2768 
3 2358 2770 2768 
3 3128 2361 2771 
3 2771 2361 2769 
3 2774 3124 2359 
3 2768 2770 2775 
3 2361 3128 2360 
3 2774 2359 2363 
3 3129 2773 3128 
3 3128 2773 2360 
3 2368 2357 2772 
3 2770 2369 2775 
3 2776 2773 3133 
3 2376 2777 2775 
3 2369 2376 2775 
3 2773 2776 2364 
3 3133 2779 2776 
3 2779 2778 2776 
3 2776 2778 2367 
3 2367 2778 2366 
3 2776 2367 2364 
3 2363 2371 3141 
3 2779 3136 2778 
3 3136 2782 2778 
3 2778 2782 2370 
3 2778 2370 2366 
3 2374 2368 3134 
3 2780 2374 3134 
3 2376 2781 2777 
3 2785 2782 3136 
3 2371 2373 3141 
3 3137 2786 2780 
3 2792 2784 2788 
3 2781 2379 2788 
3 2376 2375 2781 
3 2782 2785 2372 
3 2786 2374 2780 
3 2783 2792 2797 
3 2796 2378 2789 
3 2378 2790 2789 
3 2790 2378 2377 
3 2790 2377 2372 
3 2785 2790 2372 
3 3141 2373 2793 
3 2791 2786 3137 
3 2787 2791 3137 
3 2794 2791 2787 
3 2783 2794 2787 
3 2380 2792 2788 
3 2379 2380 2788 
3 1907 2378 2796 
3 2795 2800 2796 
3 2797 2794 2783 
3 2380 2797 2792 
3 2798 2800 2795 
3 1920 2794 2797 
3 2381 2797 2380 
3 2801 2383 2800 
3 2383 1464 2800 
3 2802 2386 2383 
3 2802 2383 2801 
3 2386 2802 2803 
3 2805 2387 3148 
3 2803 3148 2387 
3 2388 1928 2805 
3 2387 2805 1928 
3 2806 3149 2804 
3 2388 2805 2807 
3 3152 2389 2390 
3 2807 3151 2808 
3 2807 2809 2388 
3 2808 3155 2809 
3 2807 2808 2809 
3 3504 2391 2810 
3 2810 2391 2392 
3 2393 2809 2811 
3 2811 2809 3155 
3 3157 3504 2810 
3 2395 2392 1936 
3 1937 2811 2394 
3 2811 1937 2393 
3 2815 2397 2394 
3 2394 2397 1939 
3 2812 2398 3160 
3 2397 2815 2814 
3 3511 2813 3163 
3 2813 2399 3163 
3 2814 2815 2816 
3 2814 1941 2397 
3 2814 2816 2401 
3 3165 3163 2400 
3 3165 2400 2403 
3 2816 2817 2402 
3 2401 2816 2402 
3 2402 2817 2818 
3 2819 2403 1945 
3 2405 2404 3169 
3 2818 3169 2404 
3 2820 2819 2821 
3 2822 2821 2823 
3 2821 1948 2823 
3 2405 2825 2406 
3 3173 2823 3172 
3 2823 2407 3172 
3 2827 2408 2825 
3 3172 2407 2826 
3 2410 1952 2827 
3 2827 1952 2408 
3 2409 2826 2407 
3 3175 2826 2409 
3 3175 2409 2410 
3 2829 2828 2831 
3 2829 2411 2414 
3 2413 2411 3177 
3 2830 2415 2413 
3 2830 2833 2415 
3 2832 2831 2828 
3 2414 2828 2829 
3 2417 2415 2833 
3 2417 2833 3182 
3 2834 2836 2832 
3 2828 2834 2832 
3 2835 2420 2417 
3 2834 2839 2836 
3 2420 2835 2837 
3 2838 2420 2837 
3 2834 2421 2839 
3 2422 2838 2840 
3 3185 2839 2841 
3 3185 2836 2839 
3 2421 2841 2839 
3 3187 1964 2422 
3 2421 2842 2841 
3 1964 3187 2425 
3 3192 2841 2842 
3 1968 2425 2427 
3 2428 2427 2843 
3 2845 3192 2842 
3 2426 2845 2842 
3 2429 2428 2843 
3 1973 2429 2430 
3 2430 2429 3195 
3 2430 3195 2844 
3 2426 2846 2845 
3 3196 2844 3195 
3 3198 2845 2846 
3 3197 2431 3196 
3 2432 2847 3198 
3 2846 2432 3198 
3 2433 2431 3197 
3 2432 2848 2847 
3 3201 2848 3202 
3 3201 2847 2848 
3 3202 2848 2437 
3 1983 2849 2851 
3 2437 2850 3202 
3 1983 2851 2436 
3 3202 2850 3204 
3 2850 2437 2853 
3 2439 2436 2442 
3 2436 3205 2442 
3 2853 3204 2850 
3 2854 2853 2435 
3 2852 3206 2859 
3 1990 3206 2852 
3 1990 2855 3206 
3 2440 2855 1990 
3 2856 2442 3205 
3 2856 2446 2442 
3 2853 2854 3204 
3 2858 2852 2860 
3 2859 2860 2852 
3 2856 2447 2446 
3 2857 2865 2854 
3 2869 2448 2444 
3 3218 2861 2449 
3 2868 2865 2857 
3 2857 2862 2868 
3 2857 2448 2862 
3 2862 2448 2869 
3 2863 2869 2444 
3 2863 2444 2860 
3 3213 2863 2860 
3 2864 2445 2861 
3 2449 2866 3218 
3 2856 3568 2447 
3 2863 3213 3222 
3 2868 3221 2865 
3 2863 2871 2869 
3 2871 2863 3222 
3 2873 2866 2450 
3 2451 2873 2450 
3 2867 2451 2450 
3 2862 2870 2868 
3 2869 2870 2862 
3 2869 3226 2870 
3 2871 3226 2869 
3 3222 3226 2871 
3 2873 2451 2453 
3 2870 3221 2868 
3 2454 2453 2452 
3 2453 2454 2876 
3 2874 3232 2875 
3 3247 2455 2875 
3 2878 2455 3247 
3 2878 2457 2455 
3 2456 2458 2877 
3 2458 3598 2877 
3 2879 2888 2881 
3 2888 2879 2880 
3 2882 2888 2880 
3 2885 2884 2883 
3 2886 2459 2878 
3 3258 2881 2887 
3 2888 2887 2881 
3 3250 2895 2889 
3 3250 3254 2895 
3 3266 2459 2886 
3 2460 2459 3266 
3 2893 3258 2887 
3 2882 2894 2888 
3 2894 2882 2902 
3 2889 2902 3250 
3 3254 2890 2895 
3 2896 2890 3254 
3 2884 2896 3254 
3 2892 2461 2460 
3 2892 2460 3266 
3 2899 2893 2887 
3 2888 2899 2887 
3 2900 2899 2888 
3 2894 2900 2888 
3 2897 2896 2884 
3 2885 2897 2884 
3 2904 2897 2885 
3 2891 2904 2885 
3 2461 2892 2462 
3 2898 2462 2892 
3 2898 2000 2462 
3 2910 2906 2893 
3 2899 2910 2893 
3 2901 2900 2894 
3 2902 2901 2894 
3 2889 2903 2902 
3 2896 2463 2890 
3 2891 3268 2904 
3 2905 2000 2898 
3 2899 2907 2910 
3 2911 2907 2899 
3 2908 2911 2899 
3 2900 2908 2899 
3 2909 2908 2900 
3 2903 2465 2901 
3 2903 2901 2902 
3 2004 2903 2889 
3 2467 2003 2896 
3 2467 2896 2897 
3 2912 2467 2897 
3 2904 2912 2897 
3 3271 2915 2905 
3 2907 2913 2910 
3 2465 2464 2901 
3 2901 2464 2909 
3 2901 2909 2900 
3 2904 3268 2912 
3 2468 2905 2915 
3 2464 2470 2909 
3 2470 2908 2909 
3 2914 2007 2467 
3 2914 2467 2912 
3 3268 2914 2912 
3 3270 2914 3268 
3 3608 2466 3275 
3 2922 2915 2916 
3 2917 2910 2913 
3 2918 2917 2913 
3 2907 2918 2913 
3 2908 2469 2911 
3 2469 2907 2911 
3 2013 2468 2915 
3 2922 2013 2915 
3 2918 2920 2917 
3 2469 2918 2907 
3 2471 2914 2919 
3 3275 2008 2921 
3 2469 2473 2918 
3 2920 2923 2917 
3 2918 2472 2920 
3 2922 3279 2013 
3 2924 3281 2923 
3 2920 2924 2923 
3 2472 2924 2920 
3 2474 2013 3279 
3 2031 3273 3278 
3 2016 2929 2921 
3 2929 2016 2477 
3 2925 2474 3279 
3 2926 3281 2924 
3 2927 2926 2924 
3 2472 2927 2924 
3 2931 2479 2925 
3 2925 2479 2474 
3 2928 2926 2927 
3 3286 2031 3278 
3 2930 2482 2933 
3 2930 2928 2483 
3 2930 2483 2482 
3 2927 2483 2928 
3 2931 2490 2479 
3 2932 2933 2482 
3 2491 2490 2931 
3 2935 2491 2931 
3 3285 2934 2936 
3 2932 2934 3285 
3 2494 2031 3286 
3 3286 3291 2494 
3 2478 2937 2477 
3 2478 2484 2937 
3 2503 2491 2935 
3 2936 2504 3288 
3 2936 2492 2504 
3 2936 2934 2492 
3 2938 2937 2484 
3 3287 2503 2935 
3 2505 3288 2504 
3 2494 3291 2516 
3 2939 2938 2495 
3 2944 2503 3287 
3 2940 2944 3287 
3 2507 2941 2505 
3 2941 3289 2505 
3 3291 2946 2516 
3 2943 2508 2517 
3 2939 2508 2943 
3 2945 2942 2941 
3 2940 2515 2944 
3 2944 2515 2512 
3 2947 2517 2521 
3 2528 2515 2952 
3 2515 2940 2952 
3 2952 2940 2953 
3 3294 2948 2949 
3 2951 2521 2526 
3 2950 2521 2951 
3 2947 2521 2950 
3 2949 2948 2524 
3 3297 2952 2953 
3 3297 2954 2952 
3 2949 2524 2529 
3 2039 3299 2525 
3 2956 2528 2952 
3 2954 2956 2952 
3 2949 2529 2955 
3 2949 2955 3300 
3 2543 2525 3299 
3 2531 2537 2526 
3 2956 2954 2958 
3 2043 2546 2957 
3 2542 2536 2956 
3 2956 2958 2545 
3 3299 2965 2543 
3 2960 2959 2963 
3 2542 2956 2545 
3 2961 2549 2545 
3 2546 2962 3305 
3 2960 2963 2966 
3 2964 2549 2961 
3 2965 2045 2543 
3 2963 2559 2966 
3 2964 2558 2549 
3 2968 2558 2964 
3 2551 2967 2962 
3 2962 2967 2970 
3 2965 2565 2045 
3 2564 2558 2968 
3 2969 2564 2968 
3 2568 2564 2969 
3 2568 2969 2971 
3 2970 2569 3314 
3 2568 2971 2573 
3 2974 2573 2971 
3 2972 2574 2976 
3 3311 2973 2578 
3 2974 3654 2573 
3 2979 2573 3654 
3 2979 2575 2573 
3 2975 2977 2565 
3 2978 2977 2975 
3 3311 2578 3317 
3 2976 2576 2981 
3 3317 2578 2069 
3 2979 2078 2575 
3 2982 2979 2980 
3 2576 2076 2981 
3 2977 2978 3320 
3 2581 2977 3320 
3 2069 2077 3317 
3 2982 2078 2979 
3 2981 2076 3318 
3 2582 2078 2982 
3 3318 2579 2983 
3 2076 2579 3318 
3 3318 2983 2984 
3 3320 2985 2581 
3 3321 2077 2583 
3 2983 2080 2984 
3 3321 2583 1629 
3 2582 3663 2585 
3 2984 2080 2986 
3 2993 2985 3320 
3 2987 2584 2988 
3 2986 2584 2987 
3 3327 1629 2083 
3 3331 2589 2585 
3 2988 2586 3325 
3 2584 2586 2988 
3 3325 2587 3328 
3 2586 2587 3325 
3 2989 2589 3331 
3 2990 2991 2992 
3 2990 2588 2991 
3 3328 2588 2990 
3 2587 2588 3328 
3 3333 2994 3332 
3 3332 2994 2989 
3 2989 2994 2589 
3 2991 2591 2995 
3 2098 3682 2083 
3 2098 2996 3682 
3 3335 2593 2994 
3 2591 2592 2997 
3 2592 3340 2997 
3 2594 3330 3343 
3 2996 2098 2105 
3 2592 2101 2596 
3 2596 2598 2998 
3 3695 2996 2105 
3 2595 3341 2597 
3 3341 2999 2597 
3 2998 2598 2599 
3 2597 2999 2600 
3 2999 3000 2600 
3 3001 2600 3000 
3 2599 2601 3345 
3 2602 2594 3347 
3 2600 3001 2604 
3 3002 2604 3001 
3 2601 3003 3345 
3 3003 2601 3004 
3 2113 3002 2608 
3 3002 3350 2608 
3 3702 2606 3005 
3 2608 3351 2609 
3 3007 2609 3351 
3 3007 2122 2609 
3 2611 3008 3005 
3 3011 2613 3007 
3 2133 2613 3011 
3 2611 2614 3010 
3 3354 3012 2616 
3 3010 2614 3013 
3 3014 2620 2133 
3 3013 3015 3016 
3 3360 2619 3362 
3 2121 2619 3360 
3 2620 3014 2625 
3 2619 2140 3362 
3 3015 3018 3016 
3 2621 2629 3015 
3 2629 3018 3015 
3 3017 2628 2625 
3 2627 3362 2140 
3 3017 2632 2628 
3 3019 3017 3717 
3 3018 2629 3368 
3 2631 3368 2629 
3 3019 2632 3017 
3 2155 3364 2627 
3 2632 3019 2634 
3 3368 2631 3021 
3 3021 2631 2635 
3 3363 3366 2633 
3 3366 2637 2633 
3 3369 3364 2155 
3 3020 2639 2634 
3 3020 3022 2639 
3 3027 2637 3366 
3 3369 2155 2638 
3 3023 2639 3022 
3 3021 2635 2640 
3 3369 2638 3024 
3 3025 3023 3367 
3 3370 3021 2640 
3 3025 2641 3023 
3 3370 2640 3028 
3 3024 2638 3371 
3 3026 3025 3375 
3 2641 3025 2642 
3 3026 2642 3025 
3 3028 2171 3029 
3 2645 2643 3373 
3 2643 3027 3373 
3 3030 2642 3026 
3 3031 3028 3029 
3 3031 3029 2646 
3 2646 3029 2647 
3 3032 2651 3381 
3 3032 2652 2651 
3 3034 2648 3384 
3 3033 2655 3032 
3 3032 2655 2652 
3 2653 2646 2647 
3 2654 2653 2647 
3 2657 2655 3033 
3 2657 3035 2203 
3 1746 2203 3035 
3 1746 3035 2659 
3 2659 3036 3040 
3 3034 3384 3043 
3 2193 2208 3733 
3 2209 3040 3041 
3 3038 3042 3037 
3 3038 3039 3042 
3 3044 2661 3041 
3 3039 3045 3042 
3 3039 3046 3045 
3 3043 2658 3034 
3 3044 3047 2661 
3 2661 3047 2667 
3 3046 2668 2673 
3 3048 2667 3051 
3 3051 2667 3047 
3 3390 3045 3046 
3 3049 2673 3053 
3 3390 2673 3049 
3 3046 2673 3390 
3 2674 3048 3051 
3 3052 3049 3053 
3 3391 3055 3043 
3 2674 3051 3747 
3 3054 2674 3747 
3 3052 3053 3056 
3 2678 3056 3053 
3 3055 3391 3057 
3 2685 3054 3396 
3 2678 2689 3056 
3 2687 2685 3058 
3 3058 2685 3396 
3 2687 3058 3059 
3 2688 2687 3059 
3 3056 2689 3060 
3 3060 2689 2690 
3 2690 2692 3060 
3 3062 3746 3065 
3 2696 3062 3065 
3 2693 2691 3064 
3 2695 3066 3400 
3 3063 2694 3068 
3 3063 3068 3067 
3 2241 2693 3403 
3 3071 2241 3403 
3 3065 2702 2696 
3 3078 2702 3065 
3 3069 3067 3070 
3 3075 3070 3067 
3 3068 3075 3067 
3 3408 3072 2697 
3 3073 3069 3070 
3 3070 3074 3073 
3 3077 3074 3070 
3 3075 3077 3070 
3 2698 3075 3068 
3 3077 2698 3080 
3 3075 2698 3077 
3 3080 2698 2699 
3 3410 3076 3407 
3 2703 3076 3410 
3 3408 2697 3082 
3 3082 2697 2701 
3 3080 2699 3413 
3 3413 2699 3081 
3 3410 2704 2703 
3 3082 2701 2705 
3 3083 2702 3078 
3 3413 3079 3080 
3 3084 3417 3081 
3 3081 2261 3084 
3 2704 3410 3754 
3 3416 2704 3754 
3 3414 3082 2705 
3 3083 3078 3419 
3 3418 2266 3416 
3 3414 2705 3085 
3 3085 2705 2708 
3 3419 2270 3083 
3 2261 2268 3084 
3 2707 2266 3418 
3 3088 2270 3419 
3 3417 3084 3086 
3 3084 2268 3086 
3 2708 3087 3085 
3 2708 2709 3087 
3 3090 3417 3086 
3 3421 3087 2709 
3 3088 3419 3420 
3 3088 3420 3089 
3 3092 2707 3763 
3 2272 2707 3092 
3 3421 2710 3764 
3 3091 2272 3092 
3 3764 2710 2275 
3 3090 3093 3095 
3 3091 3092 3426 
3 3093 3094 3095 
3 2281 3091 3096 
3 2713 3428 2275 
3 3428 2713 3432 
3 2713 2714 3432 
3 3430 2716 3420 
3 3094 3429 3095 
3 3432 2714 2719 
3 3094 2720 3429 
3 2720 3098 3429 
3 2719 2722 2724 
3 2726 2716 3430 
3 3098 3433 3429 
3 2720 2288 3098 
3 2721 2718 3779 
3 3099 3433 3098 
3 2288 3099 3098 
3 3436 2721 3779 
3 2723 2721 3436 
3 3100 2723 3436 
3 3438 2724 3101 
3 2724 2298 3101 
3 2728 3439 3433 
3 2728 3433 3099 
3 2727 2726 3442 
3 3439 2728 3105 
3 3100 2729 2723 
3 3102 3101 2298 
3 2730 3102 2298 
3 2728 2304 3105 
3 2729 3100 3103 
3 3102 2730 3104 
3 2733 2727 3442 
3 2733 3442 3443 
3 3106 3102 3104 
3 2733 3443 3107 
3 2304 3445 3105 
3 3104 3108 3106 
3 2735 3108 3104 
3 2736 2733 3107 
3 3107 2747 2736 
3 2737 2734 3797 
3 3108 2735 3109 
3 3112 2747 3107 
3 3448 3445 2739 
3 2739 3110 3448 
3 2743 2737 3449 
3 3109 2744 3450 
3 3451 3450 2744 
3 3451 2744 2745 
3 2749 2747 3112 
3 3449 2335 2743 
3 3111 2745 2748 
3 3453 3111 2748 
3 3449 3115 2335 
3 2748 3114 3453 
3 3117 2749 3112 
3 2753 2335 3115 
3 3459 3453 3114 
3 2754 3459 3114 
3 3116 2753 3115 
3 3459 2754 2757 
3 2757 3118 3459 
3 3456 3454 2758 
3 2344 2758 3454 
3 3458 2764 3117 
3 3460 2762 3457 
3 3463 3118 2763 
3 2758 2353 3456 
3 2762 3460 3120 
3 2762 3120 2765 
3 3458 3461 2772 
3 3456 2768 3119 
3 3466 3123 3120 
3 3120 3123 2766 
3 3120 2766 2765 
3 2772 2764 3458 
3 2772 3461 3122 
3 3465 3119 3126 
3 3123 3125 2771 
3 3123 2771 2766 
3 3121 3124 3471 
3 3470 3128 2771 
3 3125 3470 2771 
3 3471 3124 2774 
3 3127 2368 3122 
3 3129 3128 3470 
3 2780 3472 3477 
3 3474 3130 3131 
3 3126 3135 3475 
3 2777 3135 3126 
3 3119 2775 3126 
3 2775 2777 3126 
3 3132 3133 3479 
3 3133 3129 3479 
3 2368 3127 3134 
3 3472 3134 3127 
3 3135 3130 3475 
3 3140 3133 3132 
3 3133 2773 3129 
3 2774 2363 3480 
3 2780 3134 3472 
3 3478 2783 3142 
3 3140 2779 3133 
3 3480 2363 3834 
3 3137 2780 3477 
3 3137 3477 3142 
3 3478 3131 2784 
3 2783 3478 2784 
3 3130 3138 3131 
3 3135 3138 3130 
3 2777 2781 3135 
3 3140 3136 2779 
3 3834 2363 3141 
3 3138 2784 3131 
3 2781 2788 3135 
3 3135 2788 3138 
3 3139 3136 3140 
3 3142 2787 3137 
3 2783 2787 3142 
3 3136 3139 2785 
3 2788 2784 3138 
3 3143 2785 3144 
3 2785 3139 3144 
3 2784 2792 2783 
3 3486 2789 3144 
3 3143 2789 2790 
3 3143 3144 2789 
3 2785 3143 2790 
3 2798 2795 3487 
3 3486 3487 2789 
3 3487 2795 2789 
3 2789 2795 2796 
3 3488 3141 2793 
3 2793 3491 3488 
3 2793 2799 3491 
3 2800 2798 2801 
3 2801 2798 3145 
3 2801 3145 3490 
3 3491 2799 3492 
3 3146 2802 2801 
3 3146 2801 3490 
3 2799 2804 3492 
3 3148 2803 3147 
3 2802 3147 2803 
3 3497 3150 3148 
3 3150 2805 3148 
3 3493 2804 3149 
3 3494 3149 3498 
3 3149 2806 3498 
3 3150 3151 2805 
3 2805 3151 2807 
3 3498 2806 3500 
3 2806 2389 3500 
3 2389 3152 3500 
3 3151 3153 2808 
3 2390 3154 3152 
3 3153 3155 2808 
3 2390 2391 3154 
3 3156 3155 3153 
3 3504 3154 2391 
3 3156 2811 3155 
3 2392 3158 2810 
3 2810 3158 3157 
3 3509 3156 3862 
3 3156 3509 2811 
3 2392 2395 3158 
3 3509 2394 2811 
3 2812 3159 2395 
3 3159 2812 3160 
3 2394 3509 2815 
3 2398 3161 3160 
3 3162 2815 3509 
3 2813 3161 2398 
3 3161 2813 3511 
3 3511 3163 3164 
3 2815 3162 2816 
3 3164 3163 3515 
3 3515 3163 3165 
3 3165 2403 3517 
3 2817 3162 3166 
3 3162 2817 2816 
3 2818 3167 3169 
3 3166 3167 2818 
3 2817 3166 2818 
3 2819 3517 2403 
3 3517 2819 3168 
3 2820 3168 2819 
3 2820 3521 3168 
3 3170 3521 2820 
3 3170 2820 2822 
3 2820 2821 2822 
3 3520 3171 3169 
3 3169 3171 2405 
3 2824 2825 3171 
3 2825 2405 3171 
3 3173 2822 2823 
3 3173 3172 3174 
3 3528 2827 2825 
3 2824 3528 2825 
3 2826 3174 3172 
3 2826 3872 3174 
3 2826 3175 3872 
3 3175 3176 3872 
3 3176 2410 2827 
3 3176 3175 2410 
3 3530 3177 2411 
3 3530 2829 2831 
3 2829 3530 2411 
3 3177 2830 2413 
3 2833 2830 3178 
3 2833 3178 3179 
3 2831 2832 3180 
3 3182 2833 3179 
3 3182 3179 3181 
3 2836 3184 3180 
3 2832 2836 3180 
3 2835 2417 3182 
3 3183 2835 3182 
3 3183 2837 2835 
3 2840 2838 2837 
3 2836 3185 3184 
3 3186 3185 3188 
3 3186 3184 3185 
3 3187 2422 2840 
3 2841 3188 3185 
3 2425 3187 3189 
3 3188 3546 3544 
3 3192 3546 3188 
3 2841 3192 3188 
3 2425 3189 2427 
3 3189 3190 2427 
3 2427 3191 2843 
3 3190 3191 2427 
3 2843 3191 3193 
3 2843 3193 3194 
3 2843 3194 2429 
3 2845 3550 3546 
3 3192 2845 3546 
3 2429 3194 3195 
3 3195 3194 3548 
3 2845 3198 3550 
3 4232 3553 3197 
3 3197 3553 2433 
3 3199 2433 3553 
3 2847 3552 3198 
3 2849 3199 3200 
3 3556 3552 2847 
3 3201 3556 2847 
3 2849 4243 2851 
3 3203 3556 3201 
3 3202 3203 3201 
3 3202 3204 3203 
3 3204 3215 3203 
3 3215 3209 3203 
3 3206 2855 3207 
3 2855 2440 3208 
3 2855 3208 3207 
3 3208 2440 2445 
3 3210 3213 2859 
3 3213 2860 2859 
3 2859 3206 3211 
3 3214 3209 3215 
3 2854 3217 3204 
3 3204 3217 3215 
3 3216 2861 3218 
3 2861 3216 2864 
3 2856 3212 3568 
3 3215 3220 3214 
3 3217 3220 3215 
3 2854 2865 3217 
3 3218 2866 2873 
3 3572 3214 3219 
3 3220 3219 3214 
3 2865 3221 3217 
3 3217 3221 3220 
3 3224 3572 3219 
3 3220 3225 3219 
3 3576 3573 2873 
3 2874 2872 3223 
3 3230 3225 3220 
3 3221 3230 3220 
3 3221 2870 3234 
3 3234 2870 3228 
3 3228 2870 3226 
3 3226 3222 3229 
3 3222 3580 3585 
3 2453 3577 2873 
3 3225 3224 3219 
3 3221 3234 3230 
3 3222 3585 3229 
3 3577 2453 3236 
3 3232 2874 3223 
3 3224 3238 3227 
3 3228 3231 3234 
3 3585 3235 3229 
3 3236 3583 3577 
3 3243 3251 3582 
3 3233 3243 3582 
3 3227 3243 3233 
3 3244 3243 3227 
3 3238 3244 3227 
3 3239 3238 3224 
3 3225 3239 3224 
3 3234 3245 3230 
3 3226 3231 3228 
3 3229 3235 3231 
3 3226 3229 3231 
3 3236 2453 2876 
3 3232 3240 2875 
3 3240 3247 2875 
3 3593 3249 3587 
3 3245 3239 3225 
3 3230 3245 3225 
3 3231 3245 3234 
3 3236 2876 2877 
3 3587 2879 3248 
3 2879 3587 3249 
3 3249 3593 3588 
3 3588 3241 3249 
3 3237 3242 3253 
3 3243 3255 3251 
3 3244 2883 3243 
3 3252 3244 3238 
3 3239 3252 3238 
3 3231 3246 3245 
3 3235 3246 3231 
3 3236 2877 3594 
3 2881 3248 2879 
3 2880 2879 3249 
3 3241 2882 3249 
3 3241 3237 3253 
3 3242 3250 3253 
3 3251 3254 3242 
3 3257 3252 3239 
3 3245 3257 3239 
3 3245 3246 3257 
3 3247 3240 3597 
3 2878 3247 3597 
3 3248 3258 3596 
3 3258 3248 2881 
3 2882 2880 3249 
3 3254 3250 3242 
3 3255 3254 3251 
3 2883 3255 3243 
3 3256 2883 3244 
3 3259 3256 3244 
3 3252 3259 3244 
3 3257 3246 3260 
3 3594 2877 3598 
3 2882 3241 3253 
3 2883 2884 3255 
3 3257 3259 3252 
3 3261 3259 3257 
3 3260 3261 3257 
3 2886 2878 3597 
3 3263 3596 3258 
3 2902 2882 3253 
3 3250 2902 3253 
3 2884 3254 3255 
3 2885 2883 3256 
3 2891 2885 3256 
3 3258 2893 3263 
3 2891 3256 3264 
3 3264 3256 3259 
3 3261 3264 3259 
3 3263 2893 3602 
3 3603 3264 3261 
3 3603 3267 3264 
3 2893 2906 3602 
3 2891 3264 3268 
3 3602 2906 3606 
3 3264 3267 3268 
3 2905 2898 3271 
3 2906 3269 3606 
3 2906 2910 3269 
3 3267 3270 3268 
3 2915 3271 2916 
3 3269 2910 2917 
3 3270 2919 2914 
3 3267 3272 3270 
3 3269 2917 3277 
3 2919 3270 3273 
3 3272 3273 3270 
3 3272 3274 3273 
3 3276 3279 2922 
3 3277 2917 2923 
3 3274 3278 3273 
3 3278 3274 3618 
3 3277 2923 3281 
3 2925 3279 3280 
3 2926 3617 3281 
3 3968 2921 2929 
3 3282 2931 2925 
3 2926 2928 3617 
3 3971 2929 3629 
3 3283 2933 3284 
3 3283 2930 2933 
3 2930 3283 2928 
3 3283 3617 2928 
3 2929 2477 3629 
3 2933 2932 3285 
3 3285 3284 2933 
3 2935 2931 3282 
3 3287 2935 3282 
3 3981 2477 2937 
3 3288 3624 2936 
3 2477 3981 3629 
3 2505 3289 3288 
3 3292 2938 2939 
3 3295 2940 3287 
3 3293 2941 2942 
3 2941 3293 3289 
3 2946 3291 3290 
3 2945 3294 2942 
3 2942 3294 3633 
3 2942 3633 3293 
3 2946 3290 3296 
3 3295 2953 2940 
3 3294 3298 3633 
3 3296 2039 2946 
3 3297 2953 3295 
3 2949 3298 3294 
3 3303 3297 3985 
3 2949 3300 3298 
3 2039 3296 3299 
3 3301 3299 3296 
3 3303 2954 3297 
3 3302 3300 2955 
3 3303 2958 2954 
3 3636 2958 3303 
3 3302 2955 2957 
3 3302 2957 3635 
3 3301 3304 3299 
3 2545 2958 3636 
3 3637 2545 3636 
3 2546 3635 2957 
3 2546 3305 3635 
3 3304 2965 3299 
3 2961 2545 3637 
3 2964 2961 3637 
3 3304 3308 2965 
3 2960 3641 3306 
3 2966 3641 2960 
3 3305 2962 3307 
3 3307 2962 3310 
3 3309 2968 2964 
3 2962 2970 3310 
3 3646 2966 2559 
3 3309 2969 2968 
3 2565 2965 2975 
3 3308 2975 2965 
3 3646 2559 3311 
3 3309 3647 2969 
3 3647 2971 2969 
3 3310 3314 3655 
3 2970 3314 3310 
3 2975 3308 3312 
3 3313 2975 3312 
3 3654 2974 3653 
3 3314 2972 2976 
3 3314 2976 3655 
3 2978 2975 3313 
3 3316 2979 3654 
3 3655 2976 3315 
3 3658 3311 3317 
3 2980 2979 3316 
3 2981 3315 2976 
3 3659 2982 2980 
3 3315 2981 3661 
3 3320 2978 3323 
3 3323 2978 3313 
3 2981 3318 3661 
3 3661 3318 3322 
3 3321 3317 2077 
3 4012 3317 3321 
3 3659 3319 2982 
3 3663 2982 3319 
3 3318 2984 3322 
3 2982 3663 2582 
3 3322 2984 2986 
3 3322 2987 3673 
3 2986 2987 3322 
3 2993 3320 3326 
3 3326 3320 3323 
3 3324 2585 3663 
3 3331 2585 3324 
3 3673 2988 3325 
3 2987 2988 3673 
3 3321 1629 3327 
3 3673 3325 3328 
3 3673 3328 3329 
3 3330 2993 3326 
3 3329 3328 2990 
3 3329 2990 2992 
3 3683 3330 3326 
3 3682 3327 2083 
3 3332 3334 3333 
3 2995 2992 2991 
3 3335 3333 3334 
3 2591 2997 2995 
3 3333 3335 2994 
3 3683 3343 3330 
3 3338 2593 3336 
3 3336 2593 3335 
3 3337 2997 3340 
3 2592 2596 3340 
3 3341 2595 3339 
3 3339 2595 3338 
3 3338 2595 2593 
3 3344 3341 3339 
3 2596 3342 3340 
3 3343 3683 3347 
3 3342 2596 2998 
3 3342 2998 3690 
3 3341 3344 2999 
3 3344 3000 2999 
3 2998 2599 3345 
3 3347 2594 3343 
3 3004 3346 3003 
3 3001 3350 3002 
3 3346 3004 2606 
3 3348 3346 2606 
3 3348 2606 3702 
3 3347 2616 2602 
3 3349 3695 2603 
3 3351 2608 3350 
3 2616 3347 3354 
3 3349 2603 3006 
3 3353 3007 3351 
3 3008 3702 3005 
3 3705 3349 3006 
3 3705 3009 3352 
3 3705 3006 3009 
3 3007 3353 3011 
3 3356 3011 3353 
3 3355 3705 3352 
3 3008 2611 3010 
3 3011 3356 2133 
3 3356 3361 2133 
3 3359 3010 3013 
3 3012 3354 3357 
3 3009 2121 3712 
3 3712 2121 3360 
3 3361 3356 3358 
3 3014 2133 3361 
3 3016 3359 3013 
3 3017 3014 3361 
3 3017 2625 3014 
3 3016 3714 3359 
3 2633 3012 3357 
3 3016 3018 3715 
3 3714 3016 3715 
3 3363 2633 3357 
3 3364 3362 2627 
3 3365 3019 3717 
3 3715 3018 3368 
3 3365 2634 3019 
3 2634 3365 3020 
3 3367 3022 3020 
3 3367 3020 3365 
3 3024 3364 3369 
3 3367 3023 3022 
3 4061 3368 3021 
3 4061 3021 3370 
3 3720 3025 3367 
3 3366 3373 3027 
3 3375 3025 3720 
3 3370 3028 3372 
3 3024 3376 3374 
3 3371 3376 3024 
3 3372 3028 3379 
3 3374 3376 3724 
3 2645 3373 3377 
3 3725 2645 3377 
3 3726 3376 3380 
3 3376 3371 3378 
3 3376 3378 3380 
3 3378 3371 2177 
3 3030 3026 4071 
3 3031 3379 3028 
3 3379 3031 3729 
3 3381 2651 3030 
3 2648 2645 3725 
3 3031 2646 3382 
3 3729 3031 3382 
3 3381 3383 3032 
3 3383 3033 3032 
3 2646 2653 3382 
3 3727 3737 3384 
3 3385 3033 3383 
3 3385 2657 3033 
3 3043 3384 3737 
3 3035 2657 3385 
3 3038 3382 2653 
3 3038 3736 3382 
3 2659 3386 3036 
3 3035 3386 2659 
3 3037 4078 3038 
3 3036 3386 3387 
3 3040 3036 3388 
3 3388 3036 3387 
3 3041 3040 3388 
3 3047 3044 3392 
3 3044 3041 3392 
3 3392 3041 3388 
3 3045 3389 3042 
3 3391 3043 3737 
3 3389 3045 3390 
3 3392 3742 3047 
3 3051 3047 3742 
3 3393 3389 3390 
3 3394 3393 3390 
3 3394 3390 3049 
3 3394 3049 3052 
3 3394 3052 3395 
3 3052 3056 3395 
3 3057 3391 3746 
3 3396 3054 3747 
3 3395 3056 3398 
3 3058 3396 3397 
3 3746 3062 3057 
3 3058 3397 3059 
3 3056 3060 3398 
3 3061 2688 3399 
3 3399 2688 3059 
3 3064 3061 3399 
3 4090 3060 3400 
3 3400 3060 2692 
3 2693 3064 3402 
3 3066 4091 3400 
3 4092 3066 3751 
3 3078 3065 3401 
3 2693 3402 3403 
3 2695 3751 3066 
3 3752 3078 3401 
3 3403 3753 3071 
3 3753 3076 3071 
3 3072 3751 2695 
3 3751 3072 3404 
3 3404 3072 3408 
3 3406 3405 3077 
3 3406 3077 3080 
3 3076 3753 3407 
3 3411 3078 3752 
3 3406 3079 3409 
3 3406 3409 3405 
3 3080 3079 3406 
3 3754 3410 3407 
3 3409 3079 3412 
3 3078 3411 3419 
3 3412 3079 3413 
3 3081 3417 3413 
3 3417 3758 3413 
3 3419 3411 3415 
3 3417 3422 3758 
3 3090 3422 3417 
3 3763 2707 3418 
3 3415 3420 3419 
3 3762 3424 3415 
3 3421 3759 3087 
3 3090 3425 3422 
3 3421 3764 3423 
3 3424 3420 3415 
3 3766 3422 3425 
3 3430 3420 3424 
3 3766 3425 3427 
3 3095 3427 3425 
3 3090 3095 3425 
3 2275 3428 3764 
3 3426 3096 3091 
3 3095 3429 3427 
3 3096 3426 3431 
3 3432 3768 3428 
3 3430 3424 3781 
3 3773 3427 3429 
3 3096 3431 2717 
3 3774 2717 3431 
3 2717 3774 3097 
3 3774 3779 3097 
3 3773 3429 3435 
3 3097 3779 2718 
3 3432 2719 3434 
3 3434 2719 2724 
3 2726 3430 3781 
3 3429 3433 3435 
3 3433 3437 3435 
3 3782 3436 3779 
3 3438 3434 2724 
3 3442 2726 3781 
3 3439 3437 3433 
3 3100 3436 3440 
3 3442 3781 3786 
3 3441 3101 3102 
3 3441 3102 3788 
3 3786 3443 3442 
3 3105 3789 3439 
3 3792 3103 3100 
3 3792 3100 3440 
3 3788 3102 3106 
3 3789 3105 3444 
3 3107 3786 3447 
3 3443 3786 3107 
3 3793 3103 3792 
3 2734 3103 3793 
3 3105 3445 3444 
3 3108 3446 3106 
3 3445 3448 3444 
3 3797 2734 3793 
3 3446 3108 3796 
3 3112 3107 3447 
3 3109 3796 3108 
3 3109 3450 3796 
3 3452 3447 3799 
3 3449 2737 3797 
3 3452 3112 3447 
3 3801 3450 3451 
3 3448 3110 3113 
3 3804 2745 3111 
3 3451 2745 3804 
3 3117 3112 3452 
3 3115 3449 3803 
3 3113 3454 3448 
3 3809 3111 3453 
3 3453 3812 3809 
3 3113 2344 3454 
3 3115 3808 3455 
3 3458 3117 3452 
3 3452 3461 3458 
3 3456 3806 3454 
3 3455 3116 3115 
3 3464 3806 3456 
3 3457 3455 3811 
3 3455 3457 3116 
3 3457 3811 3815 
3 3460 3457 3815 
3 3463 3459 3118 
3 3456 3119 3464 
3 3460 3819 3462 
3 3122 3461 3816 
3 3122 3816 3467 
3 3465 3818 3464 
3 3462 3120 3460 
3 3462 3466 3120 
3 3820 3463 3468 
3 3468 3463 2763 
3 3464 3119 3465 
3 2763 3121 3468 
3 3467 3469 3472 
3 3466 3827 3123 
3 3127 3122 3467 
3 3472 3127 3467 
3 3829 3469 3828 
3 3126 3475 3818 
3 3465 3126 3818 
3 3125 3827 3831 
3 3827 3125 3123 
3 3470 3831 3476 
3 3831 3470 3125 
3 3471 3468 3121 
3 3471 3825 3468 
3 3826 4162 3478 
3 3474 3478 4162 
3 3474 4162 3823 
3 3474 3823 3475 
3 3471 2774 3480 
3 3829 3477 3469 
3 3473 3477 3829 
3 3477 3473 3481 
3 3479 3129 3476 
3 3476 3129 3470 
3 3477 3472 3469 
3 3130 3474 3475 
3 3474 3131 3478 
3 3140 3132 3482 
3 3142 3477 3481 
3 3478 3142 3481 
3 3482 3485 3140 
3 3485 3139 3140 
3 3483 3485 3484 
3 3834 3141 3837 
3 3486 3144 3483 
3 3836 3486 3483 
3 3485 3483 3144 
3 3485 3144 3139 
3 3837 3141 3488 
3 3838 3487 3486 
3 3145 3487 3489 
3 3487 3838 3489 
3 3487 3145 2798 
3 3491 4174 3488 
3 3844 3490 3489 
3 3145 3489 3490 
3 3490 3844 3146 
3 3492 2804 3493 
3 3147 2802 3146 
3 3497 3148 3495 
3 3495 3148 3147 
3 3493 3149 3494 
3 3496 3150 3497 
3 3150 3496 3151 
3 3496 3499 3502 
3 3496 3502 3151 
3 3152 3501 3500 
3 3501 3152 3503 
3 3502 3153 3151 
3 3154 3503 3152 
3 3503 3154 3852 
3 3153 3502 3505 
3 3852 3154 3504 
3 3153 3505 3156 
3 3852 3157 3855 
3 3852 3504 3157 
3 3855 3157 3506 
3 3505 3862 3156 
3 3507 3506 3157 
3 3158 3507 3157 
3 3158 3858 3507 
3 3158 2395 3858 
3 3159 3858 2395 
3 3159 3508 3858 
3 3159 3160 3508 
3 3160 3510 3508 
3 3161 3510 3160 
3 3510 3161 3863 
3 3862 3512 3509 
3 3512 3514 3509 
3 3509 3514 3162 
3 3161 3511 3863 
3 3863 3511 3513 
3 3164 3513 3511 
3 3515 3513 3164 
3 3162 3514 3516 
3 3165 3518 3515 
3 3165 3517 3518 
3 3516 3868 3166 
3 3162 3516 3166 
3 3518 3519 3522 
3 3518 3517 3519 
3 4199 3520 3868 
3 3868 3520 3167 
3 3167 3520 3169 
3 3868 3167 3166 
3 3522 3168 3521 
3 3519 3168 3522 
3 3517 3168 3519 
3 3520 4199 3524 
3 3170 3522 3521 
3 3170 2822 3525 
3 3523 3171 3524 
3 3520 3524 3171 
3 3525 3527 3526 
3 3527 4200 3526 
3 3523 2824 3171 
3 3525 2822 3173 
3 3527 3525 3173 
3 3173 3174 3527 
3 3174 3872 3527 
3 2824 3523 3528 
3 3176 3875 3872 
3 3529 3875 3176 
3 3528 3176 2827 
3 3528 3529 3176 
3 3177 3530 3531 
3 3177 3531 3877 
3 4207 2831 3532 
3 4207 3530 2831 
3 3177 3877 2830 
3 3877 3533 2830 
3 3178 2830 3533 
3 3178 3533 3880 
3 3179 3178 3880 
3 3179 3880 3535 
3 3534 3532 3180 
3 2831 3180 3532 
3 3181 3179 3535 
3 3181 3537 3182 
3 3183 3182 3537 
3 3184 3539 3534 
3 3180 3184 3534 
3 3540 2837 3538 
3 2837 3183 3538 
3 3538 3183 3537 
3 2840 2837 3540 
3 3184 3541 3539 
3 3540 3538 3885 
3 3184 3186 3541 
3 3186 3889 3541 
3 3540 3891 2840 
3 3543 3187 2840 
3 3891 3543 2840 
3 3189 3187 3543 
3 3186 3544 3889 
3 3188 3544 3186 
3 3542 3545 3891 
3 3545 3543 3891 
3 3189 3543 3190 
3 3190 3543 3545 
3 3190 3545 3895 
3 3190 3895 3191 
3 3547 3893 3544 
3 3546 3547 3544 
3 3193 3191 3896 
3 3194 3193 3896 
3 3546 3549 3547 
3 3896 3548 3194 
3 3549 3900 3547 
3 3550 3549 3546 
3 3548 3897 3195 
3 3897 4549 3196 
3 3195 3897 3196 
3 3900 3549 3551 
3 3550 3551 3549 
3 3197 3196 4549 
3 3197 4549 4232 
3 3552 3554 3551 
3 3550 3552 3551 
3 3198 3552 3550 
3 3552 3555 3554 
3 3199 3553 3200 
3 3556 3555 3552 
3 3558 3557 3555 
3 3556 3558 3555 
3 3200 4243 2849 
3 3558 3559 3557 
3 3556 3203 3558 
3 3559 3561 3557 
3 3558 3563 3559 
3 2436 2851 3562 
3 3557 3561 3560 
3 3564 3561 3559 
3 3563 3564 3559 
3 3209 3563 3558 
3 3203 3209 3558 
3 3565 3560 3561 
3 3566 3565 3561 
3 3564 3566 3561 
3 2856 3205 4247 
3 3565 3914 3560 
3 3563 3572 3564 
3 3209 3214 3563 
3 3214 3572 3563 
3 3567 3914 3581 
3 3581 3914 3565 
3 3566 3571 3565 
3 3572 3566 3564 
3 3565 3570 3581 
3 3572 3575 3566 
3 3573 3216 3218 
3 3573 3218 2873 
3 3574 3921 3569 
3 3567 3579 3569 
3 3581 3579 3567 
3 3575 3571 3566 
3 3578 3568 3212 
3 2872 3568 3578 
3 3571 3570 3565 
3 3233 3571 3575 
3 3577 3576 2873 
3 3569 3584 3574 
3 3579 3584 3569 
3 3582 3570 3571 
3 3233 3582 3571 
3 3227 3233 3575 
3 3575 3224 3227 
3 3572 3224 3575 
3 2872 3578 3223 
3 3924 3574 3592 
3 3584 3592 3574 
3 3570 3589 3581 
3 3576 3586 3590 
3 3583 3586 3576 
3 3577 3583 3576 
3 3591 3924 3592 
3 3579 3588 3584 
3 3581 3588 3579 
3 3589 3588 3581 
3 3570 3582 3589 
3 3584 3587 3592 
3 3593 3587 3584 
3 3588 3593 3584 
3 3589 3237 3588 
3 3582 3251 3589 
3 3242 3237 3251 
3 3251 3237 3589 
3 3585 3934 3946 
3 3235 3585 3946 
3 3943 3583 3236 
3 3587 3248 3592 
3 3592 3248 3591 
3 3237 3241 3588 
3 3246 3235 3595 
3 3943 3942 3586 
3 3583 3943 3586 
3 3943 3236 3594 
3 3941 3248 3596 
3 3591 3248 3941 
3 3235 3946 3595 
3 3943 3594 3600 
3 3945 3260 3246 
3 3595 3945 3246 
3 3598 3600 3594 
3 2886 3597 3599 
3 3263 3601 3596 
3 3945 3954 3260 
3 3598 3604 3600 
3 3603 3261 3260 
3 3954 3603 3260 
3 3598 3262 3604 
3 3266 2886 3599 
3 3605 3266 3599 
3 2892 3266 3605 
3 3601 3263 3602 
3 3954 3958 3603 
3 3265 3604 3262 
3 2898 2892 3605 
3 3607 2898 3605 
3 3271 2898 3607 
3 3957 3606 3610 
3 3610 3606 3269 
3 3603 3958 3267 
3 3956 3265 3608 
3 3267 3958 3272 
3 3271 3607 2916 
3 3958 3963 3272 
3 3609 2922 2916 
3 3269 3277 3610 
3 3276 2922 3609 
3 3963 3274 3272 
3 3963 3615 3274 
3 3611 3279 3276 
3 3960 3610 3966 
3 3966 3610 3277 
3 3962 3275 3968 
3 3277 3281 3966 
3 3275 2921 3968 
3 3279 3611 3280 
3 3611 3612 3280 
3 3613 3280 3612 
3 3613 2925 3280 
3 3966 3281 3614 
3 3274 3615 3618 
3 3281 3617 3620 
3 3614 3281 3620 
3 3286 3278 3618 
3 3619 3282 3613 
3 3613 3282 2925 
3 3968 2929 3971 
3 3622 3282 3619 
3 3283 3284 3617 
3 3284 3620 3617 
3 3285 3623 3284 
3 3623 3621 3284 
3 3286 3618 3625 
3 3622 3287 3282 
3 3624 3623 3285 
3 3624 3285 2936 
3 3625 3291 3286 
3 3622 3626 3287 
3 3627 3287 3626 
3 3628 3288 3289 
3 3288 3628 3624 
3 3290 3291 3625 
3 3289 3293 3628 
3 3625 3977 3290 
3 3629 3983 3978 
3 3627 3295 3287 
3 3977 3296 3290 
3 3631 3295 3627 
3 3293 3633 3980 
3 3633 3632 3980 
3 3985 3295 3631 
3 3630 3296 3977 
3 3295 3985 3297 
3 3298 3634 3633 
3 3301 3296 3630 
3 3989 3303 3985 
3 3298 3300 3634 
3 3636 3989 3990 
3 3302 3634 3300 
3 3302 3635 3634 
3 3630 3304 3301 
3 3994 3304 3630 
3 3636 3303 3989 
3 3637 3636 3992 
3 3994 3643 3304 
3 3639 3993 3305 
3 3305 3993 3635 
3 3996 3637 3640 
3 3996 2964 3637 
3 3305 3307 3639 
3 3304 3643 3308 
3 3997 3309 3996 
3 3996 3309 2964 
3 3643 3994 3649 
3 3642 2966 3646 
3 3642 3641 2966 
3 3647 3309 3997 
3 3307 3310 3648 
3 3647 3651 2971 
3 3643 3312 3308 
3 3649 3312 3643 
3 2971 3651 3652 
3 3652 2974 2971 
3 3648 3310 4000 
3 4001 3312 3649 
3 4001 4005 3312 
3 3652 3653 2974 
3 3310 3655 4000 
3 3653 4002 3654 
3 3655 3315 4000 
3 4005 3313 3312 
3 4003 3316 3654 
3 3656 3316 4003 
3 2980 3316 3656 
3 3315 3661 4006 
3 3657 3313 4005 
3 3656 3659 2980 
3 4006 3661 4632 
3 3657 3323 3313 
3 3658 3317 4012 
3 3660 3659 4008 
3 3661 3664 4632 
3 3671 3662 3658 
3 4012 3671 3658 
3 3659 3660 3319 
3 3663 3319 3660 
3 3661 3322 3664 
3 3670 3323 3657 
3 3675 3665 3662 
3 3671 3675 3662 
3 3664 3322 3673 
3 3664 3673 3668 
3 3663 3667 3324 
3 3674 3323 3670 
3 3675 3666 3665 
3 3321 4016 4012 
3 3676 3331 3324 
3 3668 3673 3677 
3 3326 3323 3674 
3 3672 3675 3671 
3 4016 3321 3327 
3 2989 3331 3676 
3 3673 3329 3677 
3 3669 3674 3670 
3 3666 3675 4014 
3 3679 3329 2992 
3 3679 3677 3329 
3 3678 3677 3679 
3 3327 3682 4020 
3 3332 2989 3676 
3 3683 3326 3674 
3 3332 3676 3334 
3 3676 4017 3334 
3 3679 2992 2995 
3 3679 3680 3678 
3 3683 3674 3681 
3 3334 4025 3336 
3 3335 3334 3336 
3 3679 2995 2997 
3 3679 3337 3680 
3 2997 3337 3679 
3 4024 4020 3682 
3 4024 3682 2996 
3 3336 4025 3684 
3 3680 3337 3685 
3 3681 3694 3683 
3 3336 3684 3338 
3 4031 3338 3684 
3 4031 3339 3338 
3 3685 3337 3340 
3 3685 3342 3686 
3 3685 3340 3342 
3 4024 3689 4030 
3 4024 2996 3689 
3 3342 3690 3686 
3 3694 3347 3683 
3 3688 4030 3689 
3 3344 3339 4031 
3 3686 3690 3687 
3 3690 3691 3687 
3 3693 3347 3694 
3 3690 3345 3691 
3 2998 3345 3690 
3 3697 3001 3000 
3 3692 3345 3696 
3 3691 3345 3692 
3 3696 3345 3003 
3 3698 3696 3003 
3 3698 3003 3346 
3 3346 3699 3698 
3 3001 3697 3350 
3 3699 3346 3348 
3 3700 3699 3348 
3 3348 3702 3700 
3 3354 3347 3693 
3 4040 3351 3350 
3 3700 3702 4039 
3 4039 3702 4344 
3 3353 3351 4040 
3 3008 4344 3702 
3 3704 3354 3693 
3 3349 3705 3703 
3 3357 3354 3704 
3 3355 3707 3705 
3 3008 3010 3708 
3 4046 3706 3707 
3 3710 3352 3712 
3 3710 3355 3352 
3 4046 3355 3710 
3 3707 3355 4046 
3 3712 3352 3009 
3 3358 3356 4348 
3 3010 3711 3708 
3 3010 3359 3711 
3 3709 3357 3704 
3 4048 3712 3360 
3 3357 3709 3718 
3 3358 3017 3361 
3 3714 3713 3359 
3 3717 3017 3358 
3 4048 3360 3716 
3 3360 3362 3716 
3 3363 3357 3718 
3 3362 4060 3716 
3 3362 3364 4060 
3 3715 3368 4057 
3 3366 3363 3718 
3 3366 3718 4062 
3 4058 4056 4047 
3 3364 3024 4060 
3 3368 4061 4057 
3 3374 4060 3024 
3 3719 3367 3365 
3 4062 4064 3366 
3 3721 4060 3374 
3 3367 3719 3720 
3 4064 3373 3366 
3 3723 3731 3721 
3 3721 3374 3723 
3 3720 3722 3375 
3 3377 3373 4064 
3 3723 3374 3724 
3 4071 3026 3375 
3 4071 3375 3722 
3 3379 4069 3372 
3 3724 3728 3723 
3 3726 3728 3724 
3 3376 3726 3724 
3 4069 3379 3729 
3 3731 3730 4068 
3 4070 3731 3723 
3 3728 4070 3723 
3 3728 3726 3380 
3 3030 4071 3381 
3 4071 4075 3381 
3 2648 3725 3727 
3 3731 4070 3732 
3 4394 3380 3733 
3 4394 3728 3380 
3 3383 3381 4075 
3 3384 2648 3727 
3 3382 3735 3729 
3 3734 4076 3383 
3 3385 3383 4076 
3 3035 3385 3386 
3 3386 3385 4077 
3 3386 4077 4079 
3 3387 3386 4079 
3 4078 3736 3038 
3 4078 3037 3738 
3 3388 3387 3740 
3 3042 3739 3037 
3 3037 3739 4081 
3 3037 4081 3738 
3 3389 3739 3042 
3 3740 4083 3388 
3 4083 3392 3388 
3 3391 3737 3741 
3 3392 4083 3743 
3 3742 3392 3743 
3 3393 4084 3389 
3 3743 3051 3742 
3 4084 3393 3744 
3 3744 3393 3394 
3 3747 3051 4086 
3 4387 3744 3745 
3 3745 3744 3394 
3 3745 3394 3395 
3 3391 3741 3746 
3 3746 3741 4085 
3 3396 3747 3748 
3 3395 3398 3749 
3 3745 3395 3749 
3 3065 3746 4085 
3 3065 4085 3750 
3 3398 3060 4090 
3 3065 3750 3401 
3 3059 4402 3399 
3 4090 3400 4091 
3 3402 3064 3399 
3 3752 3750 4093 
3 3401 3750 3752 
3 4092 4091 3066 
3 3403 3402 4416 
3 3753 3403 4751 
3 4095 3751 3404 
3 4093 3411 3752 
3 3408 3082 3404 
3 4096 3411 4093 
3 4100 3754 3407 
3 4098 3404 4101 
3 3404 3082 4101 
3 3415 3411 4096 
3 3415 4096 4099 
3 3082 3414 4101 
3 3754 4100 4104 
3 3416 3754 4104 
3 4099 3762 3415 
3 3762 4099 4105 
3 3414 3085 3756 
3 4101 3414 3756 
3 3418 3416 3755 
3 3087 3756 3085 
3 3756 3087 3759 
3 3760 3757 3758 
3 3422 3760 3758 
3 3418 3755 4110 
3 3763 3418 4110 
3 3759 3421 3423 
3 3765 3762 4105 
3 3422 3761 3760 
3 3422 3766 3761 
3 4109 3423 3764 
3 3769 3424 3762 
3 3765 3769 3762 
3 4115 3092 3763 
3 4112 3761 3766 
3 4115 3426 3092 
3 3764 3428 4113 
3 3431 3426 4115 
3 3767 4113 3428 
3 3767 3428 3768 
3 3781 3424 3769 
3 3769 3765 3772 
3 3771 3770 4112 
3 3766 3771 4112 
3 3766 3427 3771 
3 3772 3781 3769 
3 3773 3771 3427 
3 3432 3775 3768 
3 3771 3776 3770 
3 3773 3776 3771 
3 3777 3779 3774 
3 3775 3434 3778 
3 3432 3434 3775 
3 3784 3781 3772 
3 3773 3435 3776 
3 3778 3434 3780 
3 3435 4129 3776 
3 3437 4129 3435 
3 3779 3777 3782 
3 3780 3434 3783 
3 3436 3782 4452 
3 3783 3434 3438 
3 3786 3781 3784 
3 3436 4452 3440 
3 4132 3438 3441 
3 3438 3101 3441 
3 3786 3784 3794 
3 3437 3439 3787 
3 3439 3789 3787 
3 3788 3106 3791 
3 4138 3787 3790 
3 3789 3790 3787 
3 3789 3444 3790 
3 3446 3791 3106 
3 3446 4139 3791 
3 3794 3447 3786 
3 3444 3800 3790 
3 3448 3800 3444 
3 3797 3793 3795 
3 4140 3446 3796 
3 3799 3447 3794 
3 4141 3799 3794 
3 3798 3796 3450 
3 3799 4141 3805 
3 3803 3449 3797 
3 3802 3801 3451 
3 3451 3804 3802 
3 3448 3806 3800 
3 3805 3452 3799 
3 3806 4146 3800 
3 3448 3454 3806 
3 3808 3803 4147 
3 3803 3808 3115 
3 3111 3807 3804 
3 3807 3111 3809 
3 3461 3452 3805 
3 3806 3810 4146 
3 3816 3461 3805 
3 3817 3816 3805 
3 3810 3814 4148 
3 3812 3453 3459 
3 3806 3464 3810 
3 3815 3811 4479 
3 3459 4152 3812 
3 4152 3459 3463 
3 3813 3467 3817 
3 3810 3818 3814 
3 3810 3464 3818 
3 3819 3815 4817 
3 3815 3819 3460 
3 3467 3816 3817 
3 4817 4157 3819 
3 4157 3462 3819 
3 3823 4162 4156 
3 3814 3823 4156 
3 3818 3823 3814 
3 3462 4157 4158 
3 3820 3468 4160 
3 3467 3813 3469 
3 4154 3469 3813 
3 3828 3469 4154 
3 3824 3828 3821 
3 3824 3821 3830 
3 3830 3821 3822 
3 3827 3466 4158 
3 4158 3466 3462 
3 4160 3468 3825 
3 3830 3822 3826 
3 3822 4162 3826 
3 3818 3475 3823 
3 3824 3829 3828 
3 3473 3829 3824 
3 3830 3473 3824 
3 4490 3476 4164 
3 4164 3476 3831 
3 3825 3471 3832 
3 3481 3473 3830 
3 3478 3481 3830 
3 3826 3478 3830 
3 3476 4490 3479 
3 3471 3480 3832 
3 3479 3482 3132 
3 3479 3833 3482 
3 3480 3834 3832 
3 4165 4167 3833 
3 3833 4167 3484 
3 3484 3482 3833 
3 3835 3484 4167 
3 3484 3485 3482 
3 3835 3483 3484 
3 4168 3834 3837 
3 3835 3836 3483 
3 3836 3838 3486 
3 3838 4169 4171 
3 4171 3840 3838 
3 3837 3488 3839 
3 3840 3489 3838 
3 3488 4174 3839 
3 4171 3841 3840 
3 3840 3841 3489 
3 3841 3844 3489 
3 4174 3491 3842 
3 3841 3843 3844 
3 3492 3842 3491 
3 3492 3845 3842 
3 3845 3492 3846 
3 3492 3493 3846 
3 3843 3848 3844 
3 3844 3848 3146 
3 3146 3848 3147 
3 3846 3493 3494 
3 3846 3494 3847 
3 4182 3497 3848 
3 3497 3495 3848 
3 3495 3147 3848 
3 3847 3494 3849 
3 3499 3496 3497 
3 3494 3498 3849 
3 3849 3498 3500 
3 3850 3849 3500 
3 3850 3501 3851 
3 3500 3501 3850 
3 3499 4186 3502 
3 3501 3503 3851 
3 4187 3851 3503 
3 3503 3852 4187 
3 4187 3852 3853 
3 3505 3502 3854 
3 3502 4512 3854 
3 3853 3855 4189 
3 3853 3852 3855 
3 4189 3506 3856 
3 3855 3506 4189 
3 3505 3854 3857 
3 3856 3506 3507 
3 3856 3858 3859 
3 3856 3507 3858 
3 3857 3862 3505 
3 3860 3859 3858 
3 3857 4193 3862 
3 3860 3858 3508 
3 3860 3510 3861 
3 3508 3510 3860 
3 3861 3863 3864 
3 3510 3863 3861 
3 4193 3512 3862 
3 3863 3513 3864 
3 3512 4193 3865 
3 3864 3513 3866 
3 3512 3865 3514 
3 3513 3515 3866 
3 3868 3865 3869 
3 3865 3516 3514 
3 3865 3868 3516 
3 3866 3515 3518 
3 3867 3518 3522 
3 3866 3518 3867 
3 4199 3868 3869 
3 3867 3522 4196 
3 4196 3522 3870 
3 3870 3522 3170 
3 3870 3525 3526 
3 3170 3525 3870 
3 3524 3871 3523 
3 3527 4201 4200 
3 3527 3872 4201 
3 4201 3872 3875 
3 3874 3523 3871 
3 3529 3873 3875 
3 3874 3529 3528 
3 3874 3873 3529 
3 3874 3528 3523 
3 3531 3530 4207 
3 3877 3531 3876 
3 4207 3532 3878 
3 4208 4207 3878 
3 3533 3877 3879 
3 3880 3533 3879 
3 3535 3880 4213 
3 3878 3534 3881 
3 3532 3534 3878 
3 3882 3535 4213 
3 3535 3882 3537 
3 3181 3535 3537 
3 3881 3536 4215 
3 3536 3881 3534 
3 3536 3539 3884 
3 3536 3534 3539 
3 3882 3883 3537 
3 3885 3538 3537 
3 3883 3885 3537 
3 3539 3541 3884 
3 3541 3888 3884 
3 3883 3886 3885 
3 3890 3540 3885 
3 3541 3887 3888 
3 3885 3886 3890 
3 3890 3891 3540 
3 3541 3889 3887 
3 3887 4223 3888 
3 3892 4223 3887 
3 3893 3892 3887 
3 3889 3893 3887 
3 3544 3893 3889 
3 3545 3542 3894 
3 3895 3545 3894 
3 3191 3895 3896 
3 3898 3892 3893 
3 3547 3898 3893 
3 4230 3897 3548 
3 3547 3899 3898 
3 3900 3899 3547 
3 3901 3898 3899 
3 3902 3901 3899 
3 3900 3902 3899 
3 3554 3902 3900 
3 3551 3554 3900 
3 3553 4232 4235 
3 3554 3903 3902 
3 3905 3901 3904 
3 3902 3904 3901 
3 3903 3906 3902 
3 3554 3555 3903 
3 3902 3906 3904 
3 3903 3908 3906 
3 3555 3908 3903 
3 3905 3904 4240 
3 3906 3907 3904 
3 3555 3557 3908 
3 3909 4240 3904 
3 3907 3909 3904 
3 3908 3911 3906 
3 4244 2851 4243 
3 3911 3910 3907 
3 3906 3911 3907 
3 2851 4244 3562 
3 3909 3913 4240 
3 3916 3913 3909 
3 3907 3910 3909 
3 3908 3560 3911 
3 3557 3560 3908 
3 3912 2436 3562 
3 3560 3914 3911 
3 3909 3918 3916 
3 3910 3918 3909 
3 3911 3919 3910 
3 3914 3919 3911 
3 2436 3912 3205 
3 3912 4247 3205 
3 3915 3913 3920 
3 3916 3920 3913 
3 3919 3918 3910 
3 3917 3915 3920 
3 3916 3921 3920 
3 3918 3921 3916 
3 3914 3567 3919 
3 3212 2856 4247 
3 3919 3567 3918 
3 3917 3928 3915 
3 3567 3569 3918 
3 3569 3921 3918 
3 3923 3922 3216 
3 3573 3923 3216 
3 3921 3574 3920 
3 3917 3929 3928 
3 3924 3929 3917 
3 3920 3924 3917 
3 3574 3924 3920 
3 3922 3927 3926 
3 3923 3927 3922 
3 3573 3576 3923 
3 3926 3930 3925 
3 3932 3930 3926 
3 3927 3932 3926 
3 3940 3928 3933 
3 3940 4249 3928 
3 3929 3933 3928 
3 3576 3590 3923 
3 3223 3578 4251 
3 3232 3223 4251 
3 3924 3591 3929 
3 3927 3936 3932 
3 3937 3936 3927 
3 3938 3937 3927 
3 3923 3938 3927 
3 3923 3590 3938 
3 3232 4251 3939 
3 3929 3591 3933 
3 3934 3585 3931 
3 4255 3934 3931 
3 3930 4253 3935 
3 3930 3932 4253 
3 3590 4263 3938 
3 3240 3232 3939 
3 3940 3933 3941 
3 3591 3941 3933 
3 4567 3240 3939 
3 3944 3940 3941 
3 3946 3934 4260 
3 3948 4263 3590 
3 3586 3948 3590 
3 3586 3942 3948 
3 3240 4567 4269 
3 3596 3944 3941 
3 3946 4260 4270 
3 3948 4271 4263 
3 3942 3943 3947 
3 3600 3947 3943 
3 3597 3240 4269 
3 3945 3595 3946 
3 3949 3948 3942 
3 3947 3949 3942 
3 3950 3944 3596 
3 3946 4270 3945 
3 3599 3597 3952 
3 3596 3601 3950 
3 4270 3951 3945 
3 3949 4271 3948 
3 3950 3601 3953 
3 3954 3945 3951 
3 3947 4277 3949 
3 4274 3599 3952 
3 4277 4275 3949 
3 3955 4277 3947 
3 3600 3955 3947 
3 3600 3604 3955 
3 3953 3601 3602 
3 3951 4278 3954 
3 3599 4274 3605 
3 3602 3606 3953 
3 3604 3956 3955 
3 3956 3604 3265 
3 3957 3953 3606 
3 3958 4278 3959 
3 3954 4278 3958 
3 3961 4277 3955 
3 3956 3961 3955 
3 3605 4583 3607 
3 4280 2916 3607 
3 3960 3957 3610 
3 3958 3959 3963 
3 3608 3961 3956 
3 3608 3962 3961 
3 3962 3608 3275 
3 3609 2916 4280 
3 3965 3276 3609 
3 3965 3611 3276 
3 3964 3960 3966 
3 3611 3965 3612 
3 3614 4591 3966 
3 3613 3612 3616 
3 3614 3620 3967 
3 4287 3968 4294 
3 3613 3616 3619 
3 3616 4598 3619 
3 3620 3969 3967 
3 3615 3970 3618 
3 4598 3622 3619 
3 3972 3622 4598 
3 3621 3969 3284 
3 3620 3284 3969 
3 3968 3971 4294 
3 4292 3624 3973 
3 4292 3623 3624 
3 3623 4292 3621 
3 3970 3974 3618 
3 3626 3622 3972 
3 3974 3625 3618 
3 3971 3978 4294 
3 3629 3978 3971 
3 3975 3627 3626 
3 3624 3628 3973 
3 3973 3628 3976 
3 3977 3625 3974 
3 4295 3977 3974 
3 3979 3627 3975 
3 3627 3979 3631 
3 3293 3980 3628 
3 4295 3630 3977 
3 3983 3629 3981 
3 3985 3631 3982 
3 4301 3630 4295 
3 3987 3985 3986 
3 4298 3633 3634 
3 3989 3985 3987 
3 4298 3634 3988 
3 3994 3630 4301 
3 3991 3634 3635 
3 3991 3988 3634 
3 3992 3636 3990 
3 3993 3991 3635 
3 3994 4301 3995 
3 3638 3637 3992 
3 3640 3637 3638 
3 3996 3640 4307 
3 3995 3649 3994 
3 4309 3995 4616 
3 4307 4308 3996 
3 3639 3648 4312 
3 3639 3307 3648 
3 3641 3998 3645 
3 4309 3649 3995 
3 3641 3642 3998 
3 3647 3997 4317 
3 3651 3647 4317 
3 3648 4000 4312 
3 3649 4309 4001 
3 4001 4309 4319 
3 4622 3650 3644 
3 3652 4320 3653 
3 4320 4625 3653 
3 4002 3653 4625 
3 4003 3654 4002 
3 4007 4005 4001 
3 4319 4007 4001 
3 4004 3656 4003 
3 4000 3315 4006 
3 4007 3657 4005 
3 3656 4004 4008 
3 4008 3659 3656 
3 3657 4007 4010 
3 4319 4321 4007 
3 3660 4008 4009 
3 3670 3657 4010 
3 3664 4324 4632 
3 4321 4010 4007 
3 3663 3660 3667 
3 3660 4323 3667 
3 4327 3667 4323 
3 3664 3668 4324 
3 4012 3672 3671 
3 4327 3324 3667 
3 3669 3670 4010 
3 4010 4321 4011 
3 3676 3324 4327 
3 3668 3677 4324 
3 4014 4328 3666 
3 3675 3672 4018 
3 4012 4016 3672 
3 4013 3676 4327 
3 4324 3677 4325 
3 4011 3669 4010 
3 4015 4014 3675 
3 4015 3675 4018 
3 4016 4019 3672 
3 4017 3676 4013 
3 4021 3674 3669 
3 4019 4018 3672 
3 3327 4020 4016 
3 4020 4019 4016 
3 3677 3678 4325 
3 4011 4021 3669 
3 4330 4014 4015 
3 4018 4027 4015 
3 4029 4027 4018 
3 4019 4029 4018 
3 4331 3334 4017 
3 4022 3678 3680 
3 4022 4325 3678 
3 4026 4325 4022 
3 3681 3674 4021 
3 4015 4027 4330 
3 4020 4029 4019 
3 3334 4331 4025 
3 4029 4028 4027 
3 4020 4023 4029 
3 4020 4024 4023 
3 4022 3680 3685 
3 4024 4030 4023 
3 4022 3685 3686 
3 4022 4333 4026 
3 4029 4023 4028 
3 4023 4336 4028 
3 4030 4336 4023 
3 4031 3684 4332 
3 4022 3687 4333 
3 3686 3687 4022 
3 4021 4334 4034 
3 3681 4021 4034 
3 4032 3687 3691 
3 4032 4333 3687 
3 4333 4032 4033 
3 4034 3694 3681 
3 3344 4031 3000 
3 4031 3697 3000 
3 4032 3692 4033 
3 3691 3692 4032 
3 3693 3694 4034 
3 4035 3692 3696 
3 4033 3692 4035 
3 4037 4033 4036 
3 4036 4033 4035 
3 4351 4034 4334 
3 4036 3696 3698 
3 4036 4035 3696 
3 3698 4037 4036 
3 3699 4037 3698 
3 3699 3700 4038 
3 3699 4038 4037 
3 4034 4042 3693 
3 3697 4343 3350 
3 4038 3700 4039 
3 4351 4042 4034 
3 4040 3350 4343 
3 4042 3704 3693 
3 4344 3008 4041 
3 3008 3708 4041 
3 3709 3704 4042 
3 3353 4040 4348 
3 3356 3353 4348 
3 4347 3708 3711 
3 4043 3709 4042 
3 4042 4351 4043 
3 3711 3359 3713 
3 4043 3718 3709 
3 4044 4045 4046 
3 4048 4045 4044 
3 3712 4048 4044 
3 4352 4043 4351 
3 3717 3358 4356 
3 4352 4052 4043 
3 4049 4045 4048 
3 3715 4050 3714 
3 4049 4053 4045 
3 4048 3716 4049 
3 4052 3718 4043 
3 4055 4355 4051 
3 4056 4055 4051 
3 4059 4047 4045 
3 4059 4045 4053 
3 4049 3716 4054 
3 4054 3716 4060 
3 4363 3717 4356 
3 3365 3717 4363 
3 4057 4050 3715 
3 4062 3718 4052 
3 4058 4047 4059 
3 4053 4065 4059 
3 4054 4053 4049 
3 4058 4059 4360 
3 4059 4065 4360 
3 4053 4063 4065 
3 4054 4063 4053 
3 3721 4063 4054 
3 4060 3721 4054 
3 3719 3365 4363 
3 4052 4367 4062 
3 4056 4360 4362 
3 4056 4058 4360 
3 3720 3719 5039 
3 4061 3370 4066 
3 4064 4062 4367 
3 4063 3721 3731 
3 3370 3372 4066 
3 4068 4063 3731 
3 3720 5039 3722 
3 3372 4366 4066 
3 4064 4367 3725 
3 3377 4064 3725 
3 4069 4366 3372 
3 3725 4367 4072 
3 3727 3725 4072 
3 4073 4070 3728 
3 4707 4374 4369 
3 4068 4707 4369 
3 3730 3731 3732 
3 3732 4070 4074 
3 4070 4073 4074 
3 3734 3383 4075 
3 4072 3737 3727 
3 4380 4072 4378 
3 3730 4707 4068 
3 4069 3729 3735 
3 3735 3382 4375 
3 4375 3382 3736 
3 4380 3737 4072 
3 4076 4077 3385 
3 3741 4380 4082 
3 3737 4380 3741 
3 3740 3387 4080 
3 4080 3387 4079 
3 4382 3738 4081 
3 3740 4385 4083 
3 3739 3389 4084 
3 3741 4082 4085 
3 4086 3051 3743 
3 4387 3745 4087 
3 4085 4082 4389 
3 4391 4086 3743 
3 3747 4086 3748 
3 4087 3745 3749 
3 3750 4085 4389 
3 4400 3396 3748 
3 3397 3396 4400 
3 3749 3398 4088 
3 3750 4389 4089 
3 3397 4400 4402 
3 3059 3397 4402 
3 3398 4090 4088 
3 3399 4402 4409 
3 4093 3750 4089 
3 3402 3399 4409 
3 4411 4093 4089 
3 3402 4094 4749 
3 4416 3402 4749 
3 4095 4092 3751 
3 4751 3403 4416 
3 4096 4093 4411 
3 4099 4411 4412 
3 4096 4411 4099 
3 4745 4095 3404 
3 3407 3753 4097 
3 4097 3753 4751 
3 4745 3404 4098 
3 4412 4103 4099 
3 4103 4412 4418 
3 4099 4103 4105 
3 4103 4418 4106 
3 3755 3416 4104 
3 4106 4105 4103 
3 4106 4420 4423 
3 4102 3756 3759 
3 4102 3759 4424 
3 4424 3759 4108 
3 3765 4105 4106 
3 3759 3423 4108 
3 3760 4111 4107 
3 4108 3423 4109 
3 3765 4106 4114 
3 4423 4114 4106 
3 4111 3760 3761 
3 4114 4423 4428 
3 3761 4112 4111 
3 3763 4110 4115 
3 4113 4109 3764 
3 4761 4113 3767 
3 4125 3765 4114 
3 4114 4428 4116 
3 4112 4433 4111 
3 3431 4115 4118 
3 4431 3767 4119 
3 3767 3768 4119 
3 3772 3765 4125 
3 4116 4125 4114 
3 4112 4117 4433 
3 3774 3431 4118 
3 4119 3768 4120 
3 4112 3770 4117 
3 3775 4120 3768 
3 3775 4436 4120 
3 4440 4117 4122 
3 4117 3770 4122 
3 3775 4438 4436 
3 3784 3772 4125 
3 4122 3770 3776 
3 3774 4121 3777 
3 4123 3777 4121 
3 3778 4438 3775 
3 3778 4124 4438 
3 4116 4126 4125 
3 3780 4124 3778 
3 4126 3784 4125 
3 4126 4116 4135 
3 4127 4122 4128 
3 4128 4122 3776 
3 4129 4128 3776 
3 3777 4123 3782 
3 4123 4781 3782 
3 3783 4130 3780 
3 4452 3782 4781 
3 3783 4131 4130 
3 3783 3438 4131 
3 3787 3785 4129 
3 3785 4128 4129 
3 3437 3787 4129 
3 4132 4131 3438 
3 3441 4133 4132 
3 3784 4126 3794 
3 4135 3794 4126 
3 3440 4452 4454 
3 4134 4133 3441 
3 3441 3788 4134 
3 4136 4128 3785 
3 4797 3440 4454 
3 3788 4456 4134 
3 4456 3788 3791 
3 3787 4138 3785 
3 4138 4136 3785 
3 3792 3440 4797 
3 4141 3794 4135 
3 4138 4457 4136 
3 4459 3792 4797 
3 3793 3792 4459 
3 4137 4141 4135 
3 4145 4137 4462 
3 3790 3800 4142 
3 3790 4142 4138 
3 3793 4459 3795 
3 4140 4139 3446 
3 4140 3796 4464 
3 4137 3805 4141 
3 3798 4464 3796 
3 4143 3797 3795 
3 3798 3450 3801 
3 3801 4469 3798 
3 4142 3800 4146 
3 4143 3803 3797 
3 4144 3801 3802 
3 4148 4467 3810 
3 4467 4146 3810 
3 4142 4146 4467 
3 4143 4468 4147 
3 4143 4147 3803 
3 4811 3802 3804 
3 3804 3807 4811 
3 3817 3805 4137 
3 4145 3817 4137 
3 4145 4150 3817 
3 3809 4813 3807 
3 3455 3808 3811 
3 3809 3812 4476 
3 4150 3813 3817 
3 4472 4153 4151 
3 4148 3814 4156 
3 3812 4149 4476 
3 4153 4472 4156 
3 4152 4149 3812 
3 4154 3813 4150 
3 4474 4154 4150 
3 4153 3822 4151 
3 4479 4817 3815 
3 3828 4154 4474 
3 4161 3828 4474 
3 4155 4161 4474 
3 3822 4481 4151 
3 4152 3463 3820 
3 4155 3821 4161 
3 4481 3821 4155 
3 4159 4158 4157 
3 3820 4160 4485 
3 4481 3822 3821 
3 4156 4162 4153 
3 4153 4162 3822 
3 4485 4160 4163 
3 3821 3828 4161 
3 4160 3825 4163 
3 3827 4487 4488 
3 4163 4489 4486 
3 4488 4164 3831 
3 3827 4488 3831 
3 4163 3832 4489 
3 4163 3825 3832 
3 4165 3833 4491 
3 3479 4491 3833 
3 3834 4493 3832 
3 4493 4168 4495 
3 3834 4168 4493 
3 4166 4497 3835 
3 4166 3835 4167 
3 4168 4170 4496 
3 4497 4500 4169 
3 4169 3836 4497 
3 4497 3836 3835 
3 4168 3837 4170 
3 4500 4836 4169 
3 4169 3838 3836 
3 4170 3837 3839 
3 4836 4171 4169 
3 4170 4172 4501 
3 4836 4173 4171 
3 4174 4170 3839 
3 4170 4174 4172 
3 4176 3841 4171 
3 4173 4176 4171 
3 4175 4172 4174 
3 4176 4173 4178 
3 4176 3843 3841 
3 4175 3842 4177 
3 4174 3842 4175 
3 4178 3843 4176 
3 3845 4177 3842 
3 3845 3846 4179 
3 3845 4179 4177 
3 4178 4508 4180 
3 4178 4180 4181 
3 4178 4181 3843 
3 4180 4182 4181 
3 4181 3848 3843 
3 4183 3846 3847 
3 4179 3846 4183 
3 4509 4179 4183 
3 4181 4182 3848 
3 4184 4507 4509 
3 4184 4509 4183 
3 4180 4185 4182 
3 4183 3847 3849 
3 4182 3499 3497 
3 4185 3499 4182 
3 4183 3849 3850 
3 4184 3850 4511 
3 4183 3850 4184 
3 4186 4185 4512 
3 4185 4186 3499 
3 4511 3850 3851 
3 4188 4511 4187 
3 4187 4511 3851 
3 3502 4186 4512 
3 4188 3853 4189 
3 4187 3853 4188 
3 4188 4189 4190 
3 4190 4189 3856 
3 4190 3856 3859 
3 3859 4191 4190 
3 3857 3854 4513 
3 3859 4192 4191 
3 4513 4193 3857 
3 3859 3860 4192 
3 4192 3860 3861 
3 4192 3861 4515 
3 4515 3861 3864 
3 4515 3864 4194 
3 4193 4195 3865 
3 4194 3864 3866 
3 4194 3866 3867 
3 4194 3867 4850 
3 4850 3867 4196 
3 3869 4518 4199 
3 4195 4518 3869 
3 3865 4195 3869 
3 4198 4199 4518 
3 4853 4197 3526 
3 4197 4196 3870 
3 3870 3526 4197 
3 3526 4519 4853 
3 4519 3526 4521 
3 4205 3871 4198 
3 4199 3871 3524 
3 4199 4198 3871 
3 4200 4521 3526 
3 4201 4202 4521 
3 4201 4206 4202 
3 4206 4204 4203 
3 4204 3871 4203 
3 3871 4205 4203 
3 4521 4200 4201 
3 4206 4201 3875 
3 4204 3873 3874 
3 4204 4206 3873 
3 3871 4204 3874 
3 4206 3875 3873 
3 3531 4207 4209 
3 4209 4210 3876 
3 3531 4209 3876 
3 3877 4210 4212 
3 3877 3876 4210 
3 4211 4212 4210 
3 3877 4212 3879 
3 4212 4213 3879 
3 3880 3879 4213 
3 4526 3878 3881 
3 3882 4213 4214 
3 4214 4213 4533 
3 4215 3884 4535 
3 3536 3884 4215 
3 4214 4533 4216 
3 4214 3883 3882 
3 4216 3883 4214 
3 4216 4533 4537 
3 4537 4217 4216 
3 4217 3883 4216 
3 3884 4869 4535 
3 3884 4218 4869 
3 3888 4218 3884 
3 4217 3886 3883 
3 4218 4222 4869 
3 4219 4220 4217 
3 4220 3886 4217 
3 3890 3886 4221 
3 4221 3886 4220 
3 3890 4221 4225 
3 3891 3890 4225 
3 4222 4229 4545 
3 4222 4223 4229 
3 4218 4223 4222 
3 3888 4223 4218 
3 4224 4225 4221 
3 3891 4225 3542 
3 3542 4225 4226 
3 3894 3542 4226 
3 3894 4226 4227 
3 3894 4227 3895 
3 4223 4228 4229 
3 3892 4228 4223 
3 3895 4227 3896 
3 4228 4231 4229 
3 3896 4230 3548 
3 4228 4233 4231 
3 3892 3898 4228 
3 3898 4233 4228 
3 4233 4236 4231 
3 4236 4233 4237 
3 4234 4237 4233 
3 3898 3901 4233 
3 3901 4234 4233 
3 3200 3553 4238 
3 4238 3553 4235 
3 4239 4236 4237 
3 3901 3905 4234 
3 4234 3905 4240 
3 4234 4240 4237 
3 4239 4241 4242 
3 4241 4239 4237 
3 4240 4241 4237 
3 4240 4245 4241 
3 4241 4559 4242 
3 4245 4559 4241 
3 4240 3913 4245 
3 3915 4248 4559 
3 3913 3915 4245 
3 4245 3915 4559 
3 4246 4559 4248 
3 4250 4246 4249 
3 3928 4249 4248 
3 4248 4249 4246 
3 3915 3928 4248 
3 4564 3212 4247 
3 3578 3212 4564 
3 4250 4249 3940 
3 4565 4250 3940 
3 4565 3940 3944 
3 4252 3935 4253 
3 4253 3932 4258 
3 4258 3932 3936 
3 4258 3936 4259 
3 4254 4565 3944 
3 4255 4252 4256 
3 4253 4257 4252 
3 4258 4257 4253 
3 4259 3936 3937 
3 4260 3934 4255 
3 4252 4257 4256 
3 4258 4259 4257 
3 3938 4262 3937 
3 4264 4260 4255 
3 4256 4264 4255 
3 4265 4264 4256 
3 4256 4257 4265 
3 4261 4257 4259 
3 3937 4261 4259 
3 3938 4266 4262 
3 3938 4263 4267 
3 4268 4263 4271 
3 4257 4261 4265 
3 4267 4266 3938 
3 4268 4267 4263 
3 4254 3944 3950 
3 4260 4264 4270 
3 4264 4265 4569 
3 4261 3937 4262 
3 4269 3952 3597 
3 4570 4270 4264 
3 4270 4272 3951 
3 4270 4570 4272 
3 4267 4268 4273 
3 4271 4273 4268 
3 4573 4274 3952 
3 4275 4273 4271 
3 3949 4275 4271 
3 4278 3951 4276 
3 3951 4272 4276 
3 4275 4582 4273 
3 4589 4582 4275 
3 4589 4275 4277 
3 4583 4274 4575 
3 3605 4274 4583 
3 4581 3953 3957 
3 4276 4281 4278 
3 4277 4279 4589 
3 4279 4277 3961 
3 4280 3607 4583 
3 4581 3957 3960 
3 3961 4282 4279 
3 4278 4281 3959 
3 4283 4279 4282 
3 4282 3961 4287 
3 4287 3961 3962 
3 3965 3609 4588 
3 3615 3963 4286 
3 3963 3959 4286 
3 4281 4286 3959 
3 3964 3966 4591 
3 4597 4283 4282 
3 4287 4597 4282 
3 3962 3968 4287 
3 4284 3612 3965 
3 4591 3614 4285 
3 4286 3970 3615 
3 3612 4284 3616 
3 3967 4285 3614 
3 4285 3967 4288 
3 3969 4288 3967 
3 4286 4289 3970 
3 4287 4291 4597 
3 4291 4287 4294 
3 4290 4288 3969 
3 3621 4290 3969 
3 4292 3973 4290 
3 4292 4290 3621 
3 3974 3970 4289 
3 4603 3974 4289 
3 3975 3972 4936 
3 3975 3626 3972 
3 3973 4293 4290 
3 4603 4295 3974 
3 3976 4293 3973 
3 3628 3980 3976 
3 3976 3980 4605 
3 4296 4291 4294 
3 3978 4296 4294 
3 3982 3631 3979 
3 4603 4301 4295 
3 4296 3978 3983 
3 3986 3985 3982 
3 4603 4302 4301 
3 4297 4299 4296 
3 3983 4297 4296 
3 4298 3632 3633 
3 4299 4297 4300 
3 4608 4299 4300 
3 4300 4303 4608 
3 4304 4303 4300 
3 4297 4304 4300 
3 3987 3990 3989 
3 4305 3990 3987 
3 4298 3988 4609 
3 4302 3995 4301 
3 4612 4609 3988 
3 4612 3988 3991 
3 4616 3995 4302 
3 4305 3992 3990 
3 4612 3991 3993 
3 3638 3992 4305 
3 4306 3993 3639 
3 4306 4612 3993 
3 3640 4615 4307 
3 4306 3639 4617 
3 4620 4309 4616 
3 4308 4311 3996 
3 4310 4311 4308 
3 4617 3639 4312 
3 3997 3996 4311 
3 3997 4311 4621 
3 3997 4621 4317 
3 4312 4000 4313 
3 4316 4314 3999 
3 4966 4316 3650 
3 4634 4631 3998 
3 4317 3652 3651 
3 4313 4000 4318 
3 4620 4319 4309 
3 4620 4623 4319 
3 4622 4966 3650 
3 3645 4627 3644 
3 3998 4627 3645 
3 4317 4320 3652 
3 4002 4625 4003 
3 4000 4006 4318 
3 4006 4632 4629 
3 4321 4319 4623 
3 4326 4321 4623 
3 4323 3660 4009 
3 4321 4326 4011 
3 4326 4329 4011 
3 4014 4330 4328 
3 4328 4330 4641 
3 4639 4325 4026 
3 4021 4011 4329 
3 4335 4021 4329 
3 4025 4331 4994 
3 4639 4026 4998 
3 4335 4334 4021 
3 4027 4644 4330 
3 4338 4027 4028 
3 4025 4332 3684 
3 4647 4644 4027 
3 4336 4338 4028 
3 4027 4338 4647 
3 4333 4033 4337 
3 4338 4341 4647 
3 4332 3697 4031 
3 5003 4337 4340 
3 4340 4337 4033 
3 4335 4351 4334 
3 4351 4335 4648 
3 4340 4033 4037 
3 4037 4342 4340 
3 4037 4038 4342 
3 4342 4038 4654 
3 4038 4039 4654 
3 4654 4039 4345 
3 4039 4344 4345 
3 4345 4344 4346 
3 4352 4351 4648 
3 4352 4648 4659 
3 4344 4041 4346 
3 4346 4041 3708 
3 4346 3708 4347 
3 4347 3711 4349 
3 4352 4659 4358 
3 4349 3713 4350 
3 3711 3713 4349 
3 4670 4358 4659 
3 4355 4354 4353 
3 4350 3713 4666 
3 3714 4666 3713 
3 3714 4668 4666 
3 4668 3714 4050 
3 4355 4055 4674 
3 4050 4057 4357 
3 4358 4359 4352 
3 4359 4052 4352 
3 4364 4359 4358 
3 4357 4057 4673 
3 4673 4057 4677 
3 4052 4359 4367 
3 4677 4057 4061 
3 4677 4061 4361 
3 4055 4056 4362 
3 4368 4367 4359 
3 4364 4368 4359 
3 4065 4372 4360 
3 3719 4363 4684 
3 4361 4066 4680 
3 4061 4066 4361 
3 4680 4066 4365 
3 5039 3719 4684 
3 4685 4365 4366 
3 4368 4371 4367 
3 4360 4067 4362 
3 4065 4369 4372 
3 4063 4369 4065 
3 4365 4066 4366 
3 4368 4364 4688 
3 4372 4067 4360 
3 4068 4369 4063 
3 4366 4069 4370 
3 4371 4072 4367 
3 4688 4376 4368 
3 4693 4362 4067 
3 4690 4071 3722 
3 4371 4368 4376 
3 4075 4071 4690 
3 4370 4069 4373 
3 4072 4371 4378 
3 4376 4378 4371 
3 4372 4374 4067 
3 4372 4369 4374 
3 5051 4075 4690 
3 3734 4075 5051 
3 3735 4373 4069 
3 4373 4375 4691 
3 3735 4375 4373 
3 5051 4698 3734 
3 4698 4076 3734 
3 4375 3736 4377 
3 4376 4704 4378 
3 4076 4702 4077 
3 4377 3736 4379 
3 4704 4380 4378 
3 4374 4707 4714 
3 4381 4077 4702 
3 4381 4079 4077 
3 4379 3736 4078 
3 4379 3738 4700 
3 4379 4078 3738 
3 4700 3738 4382 
3 4082 4380 4704 
3 4381 4705 4079 
3 4080 4079 4705 
3 4383 4082 4704 
3 4708 3740 4080 
3 4081 4706 4382 
3 4706 4081 4384 
3 4081 3739 4384 
3 4711 4383 4704 
3 4708 4385 3740 
3 4384 3739 4386 
3 3739 4084 4386 
3 4718 4083 4715 
3 4083 4385 4715 
3 3743 4083 4718 
3 4084 3744 4386 
3 4387 4386 3744 
3 4389 4082 4383 
3 4711 4389 4383 
3 4387 4087 4388 
3 4711 4390 4389 
3 3743 4718 4391 
3 4388 4087 4722 
3 4393 4396 4391 
3 4396 4086 4391 
3 4087 3749 4722 
3 4396 3748 4086 
3 4398 4722 3749 
3 4722 4398 4399 
3 4089 4389 4390 
3 4397 4394 4395 
3 4398 3749 4088 
3 4089 4390 4405 
3 4398 4088 4399 
3 4088 4401 4399 
3 4402 4400 4404 
3 4088 4090 4401 
3 4739 4402 4404 
3 4411 4089 4405 
3 4740 4402 4739 
3 4401 4090 4091 
3 4403 4091 4735 
3 4401 4091 4403 
3 4740 4409 4402 
3 4735 4091 4406 
3 4408 4411 4405 
3 3402 4409 4094 
3 4406 4091 4092 
3 4407 4092 4410 
3 4406 4092 4407 
3 4408 4412 4411 
3 4410 4092 4095 
3 4410 4095 4745 
3 4745 4098 4747 
3 4747 4098 4414 
3 4413 4412 4408 
3 4418 4413 4415 
3 4414 4098 4417 
3 4417 4098 4419 
3 4418 4412 4413 
3 4100 3407 4097 
3 4098 4101 4419 
3 4100 4097 5118 
3 4419 4101 4752 
3 4420 4106 4418 
3 4415 4420 4418 
3 4420 4415 4421 
3 3756 4752 4101 
3 3756 4754 4752 
3 3756 4102 4754 
3 4421 4423 4420 
3 4754 4102 4422 
3 4104 5524 3755 
3 4424 4422 4102 
3 4422 4424 4757 
3 4424 4425 4757 
3 4424 4108 4425 
3 4110 3755 5141 
3 4425 4108 4426 
3 4108 4109 4426 
3 4426 4109 4760 
3 4428 4423 4421 
3 4421 4767 4428 
3 4111 4429 4427 
3 4760 4109 4113 
3 4760 4113 4761 
3 4433 4430 4429 
3 4111 4433 4429 
3 4432 3767 4431 
3 4761 3767 4432 
3 4767 4116 4428 
3 4432 4119 4434 
3 4431 4119 4432 
3 4441 4116 4767 
3 4435 4433 4437 
3 4435 4430 4433 
3 4434 4120 4436 
3 4119 4120 4434 
3 4433 4117 4437 
3 4768 3774 4118 
3 4434 4438 4439 
3 4434 4436 4438 
3 4117 4440 4437 
3 3774 4768 4121 
3 4439 4438 4124 
3 4440 4442 4437 
3 4446 4442 4440 
3 4439 4124 4443 
3 4135 4116 4441 
3 4774 4135 4441 
3 4440 4122 4446 
3 4443 4124 3780 
3 4443 3780 4130 
3 4127 4446 4122 
3 4443 4131 4450 
3 4443 4130 4131 
3 4445 4448 4444 
3 4447 4448 4445 
3 4449 4447 4445 
3 4449 4445 4446 
3 4127 4449 4446 
3 4449 4451 4447 
3 4453 4451 4449 
3 4127 4453 4449 
3 4127 4128 4453 
3 4450 4131 4132 
3 4133 4450 4132 
3 4135 4774 4462 
3 4455 4792 4451 
3 4453 4455 4451 
3 4134 4790 4133 
3 4136 4455 4453 
3 4128 4136 4453 
3 4456 4790 4134 
3 4456 4794 4790 
3 4462 4137 4135 
3 4796 4792 4455 
3 4457 4796 4455 
3 4136 4457 4455 
3 4456 3791 4794 
3 4457 4458 4796 
3 4794 3791 4139 
3 4794 4139 4460 
3 4138 4463 4458 
3 4457 4138 4458 
3 3795 4459 4461 
3 4460 4139 4140 
3 4460 4464 4465 
3 4140 4464 4460 
3 4786 4145 4462 
3 4463 4467 4808 
3 4142 4467 4463 
3 4138 4142 4463 
3 3795 4461 4468 
3 3798 4465 4464 
3 4465 3798 4805 
3 3798 4469 4805 
3 5184 4808 4472 
3 4143 3795 4468 
3 4466 4145 4786 
3 5184 4471 4807 
3 4472 4808 4148 
3 4467 4148 4808 
3 4469 3801 4144 
3 4144 4470 4469 
3 4150 4145 4466 
3 4477 4150 4466 
3 4809 4147 4468 
3 4811 4144 3802 
3 4471 4478 4807 
3 4811 3807 4813 
3 4473 4474 4477 
3 4155 4473 4475 
3 4474 4473 4155 
3 4472 4471 5184 
3 4148 4156 4472 
3 4147 4812 3808 
3 3809 4476 4813 
3 4480 4155 4475 
3 4471 4151 4478 
3 4479 4812 4815 
3 4812 3811 3808 
3 4812 4479 3811 
3 4476 4149 4818 
3 4150 4477 4474 
3 4478 4481 4480 
3 4472 4151 4471 
3 4479 4815 5187 
3 4481 4155 4480 
3 4478 4151 4481 
3 4479 5187 4817 
3 4149 4152 4482 
3 4483 4157 4817 
3 4482 3820 4484 
3 4152 3820 4482 
3 4483 4159 4157 
3 3820 4485 4484 
3 4484 4485 4822 
3 4159 4487 4158 
3 4485 4486 4822 
3 4487 3827 4158 
3 4485 4163 4486 
3 4488 4490 4164 
3 4489 3832 4492 
3 4490 4491 3479 
3 4492 3832 4493 
3 4494 4165 4491 
3 5204 4167 4165 
3 4496 4495 4168 
3 4831 4495 4496 
3 4831 4496 4832 
3 4833 4497 4166 
3 4499 4832 4498 
3 4498 4832 4496 
3 4833 4500 4497 
3 4496 4170 4501 
3 4498 4496 4501 
3 4498 4501 4499 
3 4835 4499 4838 
3 4173 4836 4837 
3 4502 4501 4172 
3 4502 4499 4501 
3 4499 4502 4838 
3 4173 4837 4505 
3 4503 4838 4502 
3 4502 4172 4175 
3 4502 4175 4503 
3 4503 4840 4838 
3 4505 4178 4173 
3 4503 4175 4177 
3 4503 4177 4504 
3 4840 4503 4504 
3 4506 4840 4504 
3 4508 4178 4505 
3 4504 4177 4179 
3 4504 4179 4509 
3 4506 4504 4509 
3 4506 4509 4507 
3 4508 5210 4185 
3 4508 4185 4180 
3 4185 5210 4510 
3 4843 4507 4184 
3 4510 4512 4185 
3 4511 4845 4843 
3 4511 4843 4184 
3 4846 4512 4844 
3 4845 4511 4188 
3 4845 4188 4190 
3 3854 4512 4846 
3 4845 4190 4847 
3 4847 4190 4191 
3 4514 4191 4192 
3 4848 4191 4514 
3 4513 4849 4193 
3 4514 4192 4515 
3 4195 4193 4516 
3 4193 4849 4516 
3 4515 4194 4850 
3 4851 4195 4516 
3 4518 4195 4851 
3 4850 4196 4517 
3 4517 4197 4852 
3 4196 4197 4517 
3 4524 4198 4518 
3 4853 4852 4197 
3 4519 4521 4520 
3 4521 4202 4520 
3 4522 4203 4854 
3 4203 4523 4854 
3 4203 4205 4523 
3 4205 4524 4523 
3 4524 4205 4198 
3 4206 4522 4202 
3 4522 4206 4203 
3 4207 4208 4525 
3 4209 4207 4525 
3 4210 4209 4525 
3 4208 3878 4526 
3 4208 4526 4527 
3 4525 4208 4527 
3 4527 4528 4525 
3 4211 4210 4528 
3 4528 4210 4525 
3 4212 4211 4531 
3 4212 4531 4213 
3 4529 3881 4215 
3 4530 4526 3881 
3 4530 3881 4529 
3 4526 4530 4857 
3 4859 4532 4211 
3 4532 4531 4211 
3 4213 4531 4533 
3 4534 4531 4532 
3 4531 4534 4533 
3 4863 4215 4535 
3 4534 4537 4533 
3 4534 4864 4537 
3 4864 4536 4537 
3 4864 4538 4536 
3 4536 4219 4537 
3 4537 4219 4217 
3 4869 4222 4881 
3 4540 4873 4536 
3 4536 4873 4219 
3 4219 4873 4539 
3 4220 4219 4539 
3 4220 4539 4221 
3 4222 4545 4881 
3 4873 4541 4539 
3 4541 4542 4539 
3 4542 4221 4539 
3 4542 4224 4221 
3 4225 4224 4543 
3 4225 4543 4879 
3 4226 4225 4879 
3 4226 4879 4544 
3 4227 4226 4544 
3 4227 4544 4880 
3 4880 4546 4227 
3 3896 4227 4546 
3 4229 4547 4545 
3 4230 3896 4546 
3 4547 4552 4551 
3 4231 4552 4547 
3 4229 4231 4547 
3 4230 4548 3897 
3 3897 4548 4549 
3 4549 4548 4891 
3 4891 4232 4549 
3 4231 4236 4552 
3 4550 4232 4891 
3 4550 4235 4232 
3 4550 5268 4235 
3 4552 4554 4551 
3 4552 4553 4554 
3 4236 4553 4552 
3 4238 4235 5268 
3 4555 4554 4553 
3 4239 4555 4553 
3 4236 4239 4553 
3 4556 3200 4238 
3 4556 4243 3200 
3 4892 4555 4242 
3 4892 4893 4555 
3 4239 4242 4555 
3 4244 4243 4557 
3 4557 4243 4556 
3 4892 4242 4558 
3 4558 4894 4892 
3 4242 4559 4558 
3 4559 4560 4558 
3 3912 3562 4561 
3 4562 4560 4246 
3 4559 4246 4560 
3 4896 3912 4561 
3 4247 3912 4896 
3 4250 4562 4246 
3 4564 4247 4896 
3 4563 4562 4250 
3 4563 4250 4565 
3 4251 3578 4564 
3 4563 4565 4566 
3 4566 4565 4254 
3 4254 3950 4568 
3 4569 4265 4571 
3 4261 4571 4265 
3 4264 4569 4570 
3 4262 4571 4261 
3 4269 4573 3952 
3 3950 3953 4568 
3 4571 4572 4569 
3 4262 4577 4571 
3 4574 4262 4266 
3 4568 3953 4576 
3 4572 4586 4570 
3 4569 4572 4570 
3 4571 4903 4572 
3 4571 4577 4903 
3 4578 4266 4267 
3 4273 4578 4267 
3 4272 4570 4586 
3 4574 4577 4262 
3 4575 4573 4902 
3 4274 4573 4575 
3 4578 4574 4266 
3 4273 4579 4578 
3 4576 3953 4581 
3 4585 4276 4272 
3 4586 4585 4272 
3 4572 4580 4586 
3 4572 4903 4580 
3 4579 4911 4578 
3 4582 4579 4273 
3 4281 4276 4585 
3 4578 4911 4907 
3 3960 4584 4581 
3 4586 4587 4585 
3 4580 4587 4586 
3 4588 3609 4280 
3 3960 3964 4584 
3 4585 4590 4281 
3 4585 4587 4918 
3 4911 4579 4922 
3 4589 4593 4582 
3 4279 4283 4589 
3 4584 3964 4910 
3 4910 3964 4591 
3 4286 4281 4590 
3 4918 4590 4585 
3 4579 4593 4922 
3 4582 4593 4579 
3 4588 4284 3965 
3 4600 4924 4593 
3 4589 4600 4593 
3 4589 4283 4600 
3 4592 4285 4917 
3 4591 4285 4592 
3 4917 4285 4595 
3 4594 4286 4590 
3 4594 4590 4918 
3 4283 4601 4600 
3 4601 4283 4597 
3 5289 3616 4284 
3 4595 4285 4288 
3 4928 4594 4918 
3 4924 4600 4935 
3 5289 4596 3616 
3 4596 4598 3616 
3 4595 4288 4925 
3 4289 4286 4594 
3 4599 4289 4594 
3 4925 4290 5290 
3 4925 4288 4290 
3 4603 4289 4599 
3 4928 4599 4594 
3 4936 3972 4598 
3 4597 4602 4601 
3 4597 4291 4602 
3 4293 4930 4290 
3 4604 4603 4599 
3 4928 4604 4599 
3 4601 4602 4935 
3 4936 3979 3975 
3 4293 3976 4937 
3 4293 4937 4930 
3 3976 4605 4937 
3 4291 4296 4602 
3 3982 3979 4936 
3 4605 4939 4937 
3 4302 4603 4610 
3 4604 4610 4603 
3 3980 3632 4605 
3 4940 4602 4299 
3 4296 4299 4602 
3 4942 3986 3982 
3 4606 3632 4298 
3 4605 3632 4606 
3 4939 4605 4606 
3 4606 4607 4939 
3 4608 4940 4299 
3 4942 3987 3986 
3 4609 4606 4298 
3 4606 4609 4607 
3 4611 4940 4608 
3 4611 4608 4303 
3 4942 4614 3987 
3 4614 4305 3987 
3 4607 4609 4613 
3 4609 4612 4613 
3 4618 4616 4302 
3 4610 4618 4302 
3 4612 4306 4613 
3 4614 3638 4305 
3 3640 3638 4614 
3 4615 3640 4614 
3 4948 4306 4617 
3 4618 4620 4616 
3 5327 4308 4615 
3 4615 4308 4307 
3 4948 4617 4949 
3 4617 4312 4949 
3 4310 4308 5327 
3 4620 4618 4961 
3 4310 5337 4311 
3 4311 5337 4621 
3 4960 4315 4314 
3 4964 4317 4621 
3 4963 4314 4316 
3 4960 4314 4963 
3 4964 4624 4317 
3 4961 4623 4620 
3 4966 4963 4316 
3 4317 4624 4320 
3 4320 4624 4625 
3 4966 4622 4626 
3 3644 4627 4622 
3 4318 4006 4629 
3 4626 4622 4627 
3 4003 4625 4004 
3 4004 4625 4970 
3 4004 4970 5355 
3 4636 4623 4961 
3 4630 4626 4627 
3 5355 4628 4004 
3 4973 4629 4633 
3 4631 4630 4627 
3 4633 4629 4632 
3 4326 4623 4636 
3 4008 4004 4009 
3 4004 4628 4009 
3 4633 4632 4324 
3 4633 4324 4638 
3 4637 4635 4631 
3 4634 4637 4631 
3 4634 4322 4637 
3 4328 4637 4322 
3 4325 4638 4324 
3 4637 4642 4635 
3 4013 4327 5362 
3 4639 4638 4325 
3 4329 4326 4636 
3 4640 4635 4642 
3 4641 4642 4637 
3 4637 4328 4641 
3 4013 5678 4017 
3 4643 4991 4640 
3 4642 4643 4640 
3 4644 4643 4642 
3 4641 4644 4642 
3 4017 4994 4331 
3 4335 4329 4645 
3 5001 4025 4994 
3 4026 4333 4998 
3 4330 4644 4641 
3 4025 5001 4332 
3 4998 4333 4337 
3 4991 4643 5000 
3 4337 4999 4998 
3 4647 4643 4644 
3 4337 5003 4999 
3 4645 4648 4335 
3 4647 4646 4643 
3 4643 4649 5000 
3 4646 4649 4643 
3 4647 4650 4646 
3 4660 4650 4647 
3 4341 4660 4647 
3 4332 4653 3697 
3 5004 4342 5383 
3 4340 4342 5004 
3 4645 4655 4648 
3 4660 4341 4651 
3 4652 4651 4341 
3 5383 4654 4657 
3 4342 4654 5383 
3 4650 4649 4646 
3 4656 4660 4651 
3 4652 4656 4651 
3 4653 4343 3697 
3 4654 4345 4657 
3 4659 4648 4655 
3 4658 4343 4653 
3 4657 4345 4346 
3 4661 4659 4655 
3 4650 5012 4649 
3 4663 5012 4650 
3 4660 4663 4650 
3 4040 4343 4658 
3 4346 4662 4657 
3 4346 4347 4662 
3 4664 4663 4660 
3 4349 4350 4662 
3 4347 4349 4662 
3 4662 4350 4665 
3 4659 4661 4669 
3 4664 4354 4663 
3 5406 4348 4040 
3 5401 4665 4666 
3 4669 4670 4659 
3 4664 4353 4354 
3 4665 4350 4666 
3 4354 5016 4663 
3 4348 5406 4667 
3 3358 4348 4667 
3 4666 4668 5017 
3 5020 5027 5022 
3 5017 4668 5023 
3 4354 4671 5016 
3 4355 4674 4354 
3 4667 4356 3358 
3 5023 4668 4050 
3 4674 4671 4354 
3 4356 4667 4672 
3 5023 4050 4357 
3 4364 4358 4670 
3 4669 4682 4670 
3 4674 4683 4671 
3 4055 4683 4674 
3 4676 4356 4672 
3 4363 4356 4676 
3 4675 4673 4677 
3 4677 4361 4678 
3 4678 4361 4679 
3 4682 4364 4670 
3 4679 4361 4680 
3 4683 4055 4362 
3 4684 4363 4676 
3 4681 4365 4685 
3 4680 4365 4681 
3 4682 4688 4364 
3 4362 5041 4683 
3 4684 5040 5039 
3 4685 4370 4686 
3 4366 4370 4685 
3 4682 4692 4688 
3 4362 4693 5041 
3 4687 4370 4689 
3 4686 4370 4687 
3 4690 3722 5042 
3 4373 4689 4370 
3 4373 4691 4689 
3 5042 5051 4690 
3 4696 4376 4688 
3 4692 4696 4688 
3 4695 4693 4067 
3 4694 4691 4375 
3 4694 4375 4377 
3 4695 4067 4374 
3 4376 4696 4704 
3 4697 4379 4699 
3 4377 4379 4697 
3 4702 4076 4698 
3 4699 4700 4703 
3 4699 4379 4700 
3 4696 4701 4704 
3 4374 4712 4695 
3 4700 4382 4703 
3 4374 4714 4712 
3 4703 4382 4706 
3 4703 4706 4710 
3 4701 4711 4704 
3 4080 4705 4709 
3 4708 4080 4709 
3 4706 4384 4710 
3 4384 4386 4710 
3 4710 4386 4713 
3 4385 4708 5062 
3 4715 4385 5062 
3 4719 4711 4701 
3 3730 4717 4714 
3 4713 4386 4387 
3 4713 4387 4716 
3 4719 4723 4711 
3 3730 4724 4717 
3 4720 4724 3730 
3 4716 4387 4388 
3 4714 5070 4712 
3 4717 5070 4714 
3 4391 4718 4721 
3 4388 4722 5065 
3 4723 4390 4711 
3 4726 4723 4719 
3 4717 5078 5070 
3 4724 5078 4717 
3 4720 4392 4725 
3 4391 4721 4393 
3 4396 4393 5073 
3 5065 4722 4399 
3 5065 4399 4731 
3 4720 4727 4724 
3 4725 4727 4720 
3 3748 4396 5073 
3 4727 5078 4724 
3 4394 4397 4725 
3 4725 4397 4729 
3 4725 4729 4727 
3 4731 4732 5071 
3 4405 4390 4723 
3 4726 4405 4723 
3 4726 5087 4737 
3 4729 4728 4727 
3 4734 3748 4730 
3 4730 3748 5073 
3 4400 3748 4734 
3 4731 4399 4401 
3 4729 5082 4728 
3 4729 4733 5082 
3 4404 4400 4734 
3 4731 4401 4403 
3 4731 4403 4732 
3 4737 4405 4726 
3 4735 4732 4403 
3 5080 4732 4735 
3 4408 4405 4737 
3 5080 4735 4406 
3 5080 4406 4736 
3 4406 5096 4736 
3 4406 4407 5096 
3 5087 4741 4737 
3 4741 5087 4743 
3 4409 4740 4744 
3 5096 4407 4410 
3 5096 4410 4742 
3 4741 4408 4737 
3 4094 4409 4744 
3 4094 4744 5099 
3 4094 5099 4746 
3 4749 4094 4746 
3 4410 4745 4742 
3 4413 4408 4741 
3 4742 4745 4747 
3 4743 4415 4741 
3 4748 4415 4743 
3 4750 4416 4749 
3 4747 4414 5100 
3 5100 4414 5109 
3 4415 4413 4741 
3 4751 4416 4750 
3 5109 4414 4417 
3 5109 4417 4419 
3 5114 4097 4751 
3 5111 4752 4753 
3 5118 4097 5114 
3 4421 4415 4748 
3 4754 4753 4752 
3 4754 4755 4753 
3 5112 4756 4748 
3 4100 5118 5524 
3 4104 4100 5524 
3 4754 4422 4755 
3 4756 4421 4748 
3 4422 4757 4755 
3 3755 5524 5141 
3 4758 4755 4757 
3 4757 4425 4759 
3 4758 4757 4759 
3 4759 4425 4426 
3 4759 4426 5134 
3 4756 4767 4421 
3 4767 4756 4765 
3 4426 4760 5134 
3 4760 4761 5134 
3 5134 4761 4764 
3 4761 4432 4764 
3 4763 4430 4762 
3 4429 4430 4763 
3 4110 5726 4115 
3 4764 4432 4766 
3 4766 4432 4434 
3 4765 4770 4767 
3 4118 4115 4768 
3 4766 4434 4769 
3 4441 4767 4770 
3 4771 4770 4765 
3 4437 4442 4435 
3 4769 4434 4439 
3 5531 4121 4768 
3 4769 4439 4773 
3 4774 4770 4771 
3 4783 4774 4771 
3 4121 5531 4782 
3 4773 4439 4443 
3 4773 4443 4777 
3 4774 4441 4770 
3 4776 4775 4772 
3 4442 4776 4772 
3 4121 4782 4123 
3 4775 4444 4780 
3 4444 4775 4776 
3 4442 4446 4776 
3 4446 4444 4776 
3 4781 4123 4782 
3 4777 4443 4450 
3 5170 4778 4788 
3 4784 4788 4785 
3 4780 4785 4779 
3 4780 4784 4785 
3 4448 4784 4780 
3 4444 4448 4780 
3 4446 4445 4444 
3 4781 4782 4789 
3 4777 4450 4791 
3 4786 4774 4783 
3 4783 5157 4786 
3 5170 4788 4787 
3 4787 4788 4784 
3 4447 4787 4784 
3 4448 4447 4784 
3 4781 4789 4793 
3 4452 4781 4793 
3 4791 4450 4133 
3 4791 4133 4790 
3 4792 5170 4787 
3 4447 4792 4787 
3 4451 4792 4447 
3 4793 4454 4452 
3 4462 4774 4786 
3 4466 4786 5157 
3 5172 4466 5157 
3 4796 5170 4792 
3 4797 4454 4793 
3 4791 4790 4794 
3 4794 4795 4791 
3 4799 5172 5177 
3 4795 4794 4798 
3 4799 4466 5172 
3 5174 4801 4800 
3 4796 4458 5180 
3 4461 4797 5541 
3 4459 4797 4461 
3 4798 4460 5181 
3 4794 4460 4798 
3 4801 5180 4463 
3 4463 5180 4458 
3 4802 4799 5177 
3 4801 5184 4800 
3 4801 4808 5184 
3 5181 4460 4465 
3 5181 4465 4804 
3 4477 4466 4799 
3 4802 4477 4799 
3 5183 4800 4807 
3 4807 4800 5184 
3 4463 4808 4801 
3 4465 4805 4804 
3 4805 4806 4804 
3 4803 4475 4802 
3 5183 4475 4803 
3 4805 4470 4806 
3 4469 4470 4805 
3 4802 4473 4477 
3 4480 4475 5183 
3 4807 4480 5183 
3 4810 4806 4470 
3 4144 4810 4470 
3 4475 4473 4802 
3 4807 4478 4480 
3 4811 4810 4144 
3 4811 4814 4810 
3 5185 4147 4809 
3 5185 4812 4147 
3 4811 4813 4814 
3 4812 5185 4815 
3 4816 4814 4813 
3 4476 4816 4813 
3 4818 4816 4476 
3 4817 5187 5189 
3 4817 5189 4820 
3 4817 4820 4483 
3 4818 4149 4482 
3 4482 4484 4819 
3 4820 4821 4159 
3 4820 4159 4483 
3 4819 4484 4822 
3 4821 5194 4487 
3 4821 4487 4159 
3 4823 4822 4486 
3 4822 4823 4824 
3 5194 4825 4487 
3 4827 4486 4489 
3 4827 4823 4486 
3 4823 4827 4824 
3 4487 4825 4488 
3 4825 4490 4488 
3 4825 4826 4490 
3 4828 4827 4489 
3 4827 4828 4829 
3 4826 4491 4490 
3 4828 4489 4492 
3 4828 4830 4829 
3 4828 4492 4830 
3 4492 4493 4830 
3 4830 4495 5200 
3 4830 4493 4495 
3 4495 4831 5200 
3 4831 5203 5200 
3 4165 4494 5204 
3 4831 4832 5203 
3 5204 4166 4167 
3 4835 5203 4832 
3 4833 4166 5205 
3 4832 4499 4835 
3 4834 4500 4833 
3 4837 4836 4834 
3 4500 4834 4836 
3 4838 5206 4835 
3 5206 4838 4839 
3 4838 4840 4839 
3 4841 4839 4840 
3 5208 4505 4837 
3 4841 4840 4506 
3 4841 4506 5211 
3 5208 5210 4508 
3 5208 4508 4505 
3 5211 4506 4507 
3 5211 4507 4843 
3 5212 4510 5210 
3 4842 5211 4843 
3 5213 4844 4510 
3 4510 4844 4512 
3 4842 4843 4845 
3 4842 4845 4847 
3 4847 5571 4842 
3 4513 4846 5214 
3 4846 4513 3854 
3 4848 5215 4847 
3 5215 4848 5217 
3 5214 5216 4513 
3 4847 4191 4848 
3 5216 4849 4513 
3 5217 4848 5219 
3 5219 4514 5221 
3 4848 4514 5219 
3 4514 4515 5221 
3 5220 4516 4849 
3 5220 5224 4516 
3 5221 4515 4850 
3 5221 4850 4517 
3 5228 4851 5224 
3 5224 4851 4516 
3 4851 5228 4518 
3 4855 4524 5228 
3 5228 4524 4518 
3 4853 4519 5230 
3 4856 4854 5232 
3 5230 4519 4520 
3 4202 4856 4520 
3 4856 4202 4522 
3 4856 4522 4854 
3 4855 4854 4523 
3 4524 4855 4523 
3 4527 4857 4858 
3 4527 4526 4857 
3 4527 4858 4528 
3 4211 4528 4859 
3 4530 4529 5233 
3 4860 4857 4530 
3 4860 4530 5233 
3 4860 5234 4857 
3 5234 4858 4857 
3 5234 4861 4858 
3 4861 4528 4858 
3 4528 4861 5237 
3 4528 5237 4859 
3 4215 4863 4529 
3 4866 4859 5237 
3 4859 4866 4862 
3 4859 4862 4532 
3 4534 4532 4862 
3 4867 4862 4866 
3 4864 4534 4862 
3 4535 4865 4863 
3 4862 4867 4864 
3 4865 4535 4869 
3 4867 4866 5244 
3 5244 4868 4867 
3 4867 4868 4538 
3 4867 4538 4864 
3 4868 5244 4870 
3 4868 4870 4871 
3 4868 4871 4872 
3 4868 4872 4538 
3 4538 4872 4536 
3 4870 5244 4882 
3 4871 4870 4874 
3 4871 4874 4872 
3 4874 4875 4872 
3 4872 4875 4540 
3 4540 4875 5248 
3 4540 4536 4872 
3 4540 5248 4873 
3 4542 4541 4876 
3 4542 4876 4877 
3 4224 4542 4877 
3 4543 4224 4877 
3 4543 4877 4878 
3 4879 4543 4878 
3 4880 4544 5252 
3 4881 4545 4888 
3 4883 4870 4882 
3 4870 4883 4884 
3 4886 4885 4884 
3 4884 4885 4874 
3 4884 4874 4870 
3 4874 4885 4875 
3 4880 5256 4546 
3 4547 4888 4545 
3 4889 4883 5257 
3 4883 4882 5257 
3 4889 4887 4884 
3 4889 4884 4883 
3 4884 4887 4886 
3 4547 4551 4888 
3 4889 4890 4887 
3 4889 5257 5261 
3 4551 4554 5263 
3 4555 4893 4554 
3 4893 5266 4554 
3 4238 5268 5270 
3 4556 4238 5270 
3 4557 4556 5271 
3 4892 4894 4893 
3 5272 4244 4557 
3 5272 5274 4244 
3 5274 3562 4244 
3 4894 4558 5273 
3 5274 5275 3562 
3 4558 4560 5273 
3 3562 5275 4561 
3 4560 4562 4895 
3 4897 4564 4896 
3 5276 4562 4563 
3 4897 5278 4564 
3 4898 4564 5278 
3 4898 4251 4564 
3 5628 4251 4898 
3 5628 3939 4251 
3 4899 4563 4566 
3 5279 3939 5628 
3 5279 4567 3939 
3 4566 4254 4899 
3 4899 4254 4568 
3 4567 5279 5280 
3 4269 4567 5280 
3 4269 5280 4901 
3 4573 4269 4901 
3 4900 4568 4576 
3 4901 4902 4573 
3 4903 4577 4905 
3 4577 4574 4909 
3 4902 4904 4575 
3 5634 4576 5284 
3 4580 4903 4912 
3 4912 4903 4906 
3 4905 4906 4903 
3 4914 4905 4577 
3 4909 4914 4577 
3 4904 4583 4575 
3 4576 4581 5284 
3 4907 4909 4574 
3 4578 4907 4574 
3 4908 4583 4904 
3 4280 4583 4908 
3 4581 4584 5284 
3 4587 4580 4912 
3 4914 4913 4905 
3 5284 4910 5285 
3 5284 4584 4910 
3 4913 4906 4905 
3 4907 4920 4909 
3 4587 4912 4921 
3 4909 4915 4914 
3 4920 4915 4909 
3 4592 4910 4591 
3 4592 5285 4910 
3 5287 5285 4592 
3 4923 4921 4912 
3 4906 4923 4912 
3 4914 4919 4913 
3 4915 4919 4914 
3 4911 4920 4907 
3 4916 4920 4911 
3 4922 4916 4911 
3 5287 4592 4917 
3 4921 4918 4587 
3 5289 4588 5842 
3 4284 4588 5289 
3 5287 4917 5288 
3 4932 4923 4906 
3 4919 4934 4913 
3 4917 4595 5288 
3 4913 4932 4906 
3 4934 4933 4913 
3 4920 4916 4929 
3 4926 4916 4922 
3 4924 4926 4922 
3 4593 4924 4922 
3 4921 4928 4918 
3 4913 4933 4932 
3 4915 4920 4929 
3 4926 4929 4916 
3 4924 4927 4926 
3 4931 4921 4923 
3 4926 5647 4929 
3 4935 4927 4924 
3 4935 4600 4601 
3 4598 4596 4936 
3 5290 4290 4930 
3 4921 4931 4928 
3 4919 5296 4934 
3 4923 5295 4931 
3 4934 5299 4933 
3 4941 4935 4602 
3 4930 4937 5294 
3 4938 4604 4928 
3 4931 4938 4928 
3 5302 4927 4935 
3 4941 5302 4935 
3 4943 4604 4938 
3 4602 4940 4941 
3 4604 4943 4610 
3 4947 4610 4943 
3 4938 5303 4943 
3 4940 4944 4941 
3 4940 4611 4944 
3 4942 4945 4614 
3 4607 4613 4946 
3 4613 5314 4946 
3 4610 4947 4618 
3 5303 5319 4943 
3 5310 5311 4951 
3 4944 4611 5317 
3 4948 4613 4306 
3 4948 5314 4613 
3 4943 5319 4947 
3 5311 4950 4951 
3 4614 5318 4615 
3 4947 4953 4618 
3 5319 4953 4947 
3 4951 5324 5310 
3 4615 5660 5327 
3 5322 4949 4312 
3 4950 4952 4951 
3 5322 4312 4313 
3 4953 4961 4618 
3 5319 4955 4953 
3 4951 4956 5324 
3 4952 4956 4951 
3 5322 4313 4318 
3 4965 4952 4957 
3 4958 4965 4957 
3 4959 4619 4960 
3 4954 4619 4959 
3 4964 4621 5337 
3 4955 4975 4953 
3 4956 4952 4965 
3 4975 4961 4953 
3 5338 5349 4958 
3 4962 4959 4960 
3 4960 4963 4962 
3 5341 4624 4964 
3 4955 5352 4975 
3 4968 4965 4958 
3 5347 4962 4972 
3 4969 4972 4962 
3 4963 4969 4962 
3 4963 4966 4969 
3 5354 5340 4965 
3 5349 4968 4958 
3 4972 4971 5347 
3 4978 4969 4966 
3 4970 4625 4624 
3 4967 4629 4973 
3 4318 4629 4967 
3 4965 4968 5354 
3 4978 4972 4969 
3 4966 4626 4978 
3 5352 4979 4975 
3 4977 4974 4971 
3 4980 4977 4971 
3 4972 4980 4971 
3 4978 4980 4972 
3 4975 4636 4961 
3 4982 4975 4979 
3 4983 4980 4978 
3 4626 4983 4978 
3 4626 4630 4983 
3 4973 4633 5672 
3 4636 4975 4982 
3 5361 4974 4977 
3 4983 4986 4980 
3 4635 4630 4631 
3 4981 4985 4976 
3 4986 4977 4980 
3 4630 4635 4983 
3 4986 4988 4977 
3 4987 4986 4983 
3 4635 4987 4983 
3 4323 4009 5362 
3 4633 4638 5672 
3 4984 4982 4979 
3 4977 4988 5361 
3 4327 4323 5362 
3 5361 5369 4981 
3 4988 4996 5361 
3 4635 4640 4987 
3 5859 4013 5362 
3 4982 4989 4636 
3 4984 4993 4982 
3 4996 5369 5361 
3 4986 4990 4988 
3 4987 4990 4986 
3 5678 4013 5859 
3 4989 4329 4636 
3 4989 4982 4993 
3 4991 4990 4987 
3 4640 4991 4987 
3 4992 5677 4639 
3 4992 4639 4998 
3 4990 4996 4988 
3 4997 4996 4990 
3 4994 4017 5678 
3 4645 4329 4989 
3 4993 4645 4989 
3 5000 4990 4991 
3 4655 4645 4993 
3 4995 5384 4993 
3 5000 4997 4990 
3 4992 4998 4999 
3 5000 5009 4997 
3 5384 4655 4993 
3 5381 5003 5004 
3 5005 4997 5011 
3 5009 5011 4997 
3 4340 5004 5003 
3 5005 5011 5403 
3 4332 5002 4653 
3 5383 4657 5006 
3 5384 5008 4655 
3 5000 4649 5009 
3 5006 4657 5010 
3 5007 5008 5384 
3 5012 5009 4649 
3 4661 4655 5008 
3 4657 4662 5010 
3 5403 5011 5015 
3 4653 5396 4658 
3 5010 4662 5013 
3 5009 5015 5011 
3 5683 4040 4658 
3 5007 5019 5008 
3 5019 5007 5014 
3 5012 5020 5009 
3 5406 4040 5683 
3 5013 4662 4665 
3 5013 4665 5401 
3 4669 4661 5008 
3 5012 4663 5020 
3 5019 4669 5008 
3 5014 5021 5019 
3 5020 5015 5009 
3 4663 5016 5020 
3 5401 5017 5018 
3 4666 5017 5401 
3 5408 5021 5014 
3 5022 5410 5015 
3 5020 5022 5015 
3 5016 5028 5020 
3 5028 5027 5020 
3 5018 5017 5023 
3 5019 5031 4669 
3 5021 5031 5019 
3 5025 5031 5021 
3 5021 5408 5025 
3 5022 5027 5026 
3 5016 4671 5028 
3 5024 5023 4357 
3 5024 4357 5029 
3 5022 5026 5410 
3 5028 4671 5032 
3 4357 4673 5029 
3 5028 5032 5027 
3 5030 4675 4678 
3 5029 4675 5030 
3 4673 4675 5029 
3 5026 5027 5035 
3 4678 4675 4677 
3 4678 5034 5030 
3 5038 4669 5031 
3 5025 5038 5031 
3 5032 5035 5027 
3 4676 4672 5033 
3 4678 4679 5034 
3 4682 4669 5038 
3 5413 5434 5025 
3 4671 5036 5032 
3 4683 5036 4671 
3 5034 4679 4680 
3 5034 4681 5422 
3 4680 4681 5034 
3 5045 5035 5032 
3 5422 4681 4685 
3 5422 4685 4686 
3 5036 5045 5032 
3 4676 5040 4684 
3 4682 5038 4692 
3 4683 5041 5036 
3 4686 4687 5428 
3 5043 5038 5025 
3 5434 5043 5025 
3 3722 5039 5040 
3 5428 4687 4689 
3 5036 5437 5045 
3 5041 5437 5036 
3 5040 5042 3722 
3 5048 5038 5043 
3 5041 5046 5437 
3 4689 4691 5044 
3 4692 5038 5048 
3 4693 5046 5041 
3 5044 4694 5047 
3 4691 4694 5044 
3 5043 5434 5055 
3 5442 5051 5042 
3 4697 4694 4377 
3 4697 5047 4694 
3 5047 4697 5438 
3 4692 5048 4696 
3 5055 5057 5043 
3 5052 5050 5437 
3 5046 5052 5437 
3 4693 5053 5046 
3 5438 4697 4699 
3 5057 5048 5043 
3 5050 5049 5437 
3 5053 5052 5046 
3 5438 4699 5054 
3 5057 4696 5048 
3 4693 4695 5053 
3 5446 4702 4698 
3 5054 4699 4703 
3 5052 5058 5050 
3 4695 5056 5053 
3 5692 4702 5446 
3 5054 4703 5059 
3 5057 5061 4696 
3 5470 5049 5050 
3 5053 5058 5052 
3 4712 5056 4695 
3 4702 5692 4381 
3 4705 4381 5692 
3 4703 4710 5059 
3 4696 5061 4701 
3 5057 5055 5457 
3 5056 5058 5053 
3 4705 5453 4709 
3 5059 4710 5060 
3 4709 5453 4708 
3 5062 4708 5453 
3 4710 4713 5060 
3 4719 4701 5061 
3 5057 5463 5061 
3 5058 5063 5050 
3 5060 4713 4716 
3 5463 4719 5061 
3 5063 5470 5050 
3 5056 5069 5058 
3 4712 5069 5056 
3 5062 5064 4715 
3 5064 4718 4715 
3 4716 4388 5461 
3 4726 4719 5463 
3 5069 5063 5058 
3 4712 5070 5069 
3 5064 5468 4718 
3 5461 5065 5066 
3 4388 5065 5461 
3 5067 4726 5463 
3 5074 5463 5464 
3 5069 5068 5063 
3 4718 5468 4721 
3 5468 5474 4721 
3 5074 5067 5463 
3 5063 5068 5083 
3 5072 5068 5069 
3 5069 5070 5072 
3 4393 4721 5474 
3 4731 5071 5066 
3 5065 4731 5066 
3 5464 5473 5074 
3 5070 5078 5072 
3 5073 4393 5477 
3 5087 4726 5067 
3 5074 5087 5067 
3 5473 5075 5074 
3 5072 5083 5068 
3 5078 5077 5072 
3 5079 5078 4727 
3 5079 4727 4728 
3 5080 5478 5071 
3 5080 5071 4732 
3 5075 5087 5074 
3 5072 5084 5083 
3 5072 5077 5084 
3 5078 5079 5077 
3 5079 4728 5081 
3 5081 4728 5082 
3 5086 4404 4734 
3 5084 5497 5083 
3 5081 5085 5079 
3 5487 4404 5086 
3 5104 5087 5075 
3 5083 5497 5094 
3 5081 5088 5085 
3 5092 5088 5081 
3 5081 4738 5089 
3 5081 5089 5092 
3 4404 5487 4739 
3 5487 5090 4739 
3 5104 4743 5087 
3 5488 5104 5075 
3 5094 5483 5083 
3 5089 5093 5092 
3 4739 5090 4740 
3 5090 5492 4740 
3 4736 5096 5713 
3 5088 5095 5091 
3 5097 5095 5088 
3 5092 5097 5088 
3 5093 5097 5092 
3 4740 5492 4744 
3 5713 5096 4742 
3 5104 5488 5102 
3 4742 5100 5101 
3 4747 5100 4742 
3 5102 5112 5104 
3 5499 5105 5102 
3 5098 5103 5097 
3 5507 4749 4746 
3 5100 5109 5101 
3 4748 4743 5104 
3 5112 5102 5105 
3 5121 5499 5106 
3 5105 5499 5121 
3 4750 4749 5507 
3 5716 5101 5111 
3 5111 5101 5109 
3 5112 4748 5104 
3 4750 5507 5509 
3 5514 4750 5509 
3 5514 4751 4750 
3 5109 4419 4752 
3 5109 4752 5111 
3 4751 5514 5114 
3 5119 5110 5116 
3 5115 4753 4755 
3 5121 5135 5105 
3 5508 5518 5106 
3 5508 5510 5123 
3 5105 5135 5112 
3 5132 5121 5106 
3 5132 5106 5518 
3 5128 5519 5516 
3 5516 5129 5128 
3 5516 5124 5129 
3 5125 5524 5118 
3 5515 4755 4758 
3 4756 5112 5135 
3 5121 5143 5135 
3 5132 5143 5121 
3 5127 5519 5126 
3 5123 5519 5127 
3 5515 4758 5722 
3 5128 5126 5519 
3 5124 5130 5129 
3 5722 4758 5131 
3 5123 5127 5518 
3 5134 4758 4759 
3 5134 5131 4758 
3 5135 4765 4756 
3 5143 5142 5135 
3 5144 5132 5518 
3 5127 5144 5518 
3 5127 5126 5138 
3 5126 5128 5138 
3 5128 5129 5133 
3 5130 5133 5129 
3 5144 5143 5132 
3 5136 5144 5127 
3 5127 5137 5136 
3 5138 5145 5137 
3 5139 5147 5145 
3 5139 5140 5147 
3 5134 5528 5131 
3 5142 4765 5135 
3 5146 5136 5137 
3 5145 5146 5137 
3 5134 4764 5528 
3 5149 5142 5143 
3 5144 5149 5143 
3 5136 5149 5144 
3 5146 5150 5136 
3 5148 5146 5145 
3 5147 5148 5145 
3 5150 5149 5136 
3 5528 4764 4766 
3 5528 4766 5152 
3 4766 4769 5152 
3 5142 4771 4765 
3 5148 5150 5146 
3 4115 5726 4768 
3 5156 4771 5142 
3 5149 5156 5142 
3 5154 5153 5151 
3 4769 4773 5152 
3 5155 5156 5149 
3 5150 5155 5149 
3 5150 5148 5158 
3 5152 4773 5159 
3 5156 4783 4771 
3 5158 5155 5150 
3 4773 4777 5159 
3 5153 5161 5158 
3 5154 5534 5153 
3 5536 4782 5531 
3 5157 4783 5156 
3 5155 5157 5156 
3 5158 5160 5155 
3 5160 5158 5161 
3 5534 5161 5153 
3 5167 5159 4777 
3 5160 5157 5155 
3 5534 5168 5161 
3 5534 5535 5168 
3 5535 5162 5165 
3 5166 5169 5163 
3 4788 4778 5164 
3 5164 4785 4788 
3 4779 4785 5164 
3 4782 5536 4789 
3 5167 4777 4791 
3 5171 5167 4791 
3 4778 5170 5166 
3 4793 4789 5538 
3 5160 5172 5157 
3 5178 5168 5535 
3 5173 5178 5535 
3 5537 5166 5175 
3 5166 5170 5175 
3 4793 5538 5540 
3 5178 5160 5161 
3 5168 5178 5161 
3 4796 5175 5170 
3 5171 4791 4795 
3 5171 4795 5176 
3 5177 5172 5160 
3 5178 5177 5160 
3 5179 5174 4800 
3 4796 5180 5175 
3 4797 4793 5731 
3 5176 4795 4798 
3 5183 5178 5173 
3 5179 5183 5173 
3 4801 5174 5175 
3 5180 4801 5175 
3 4797 5731 5541 
3 5176 4798 5181 
3 4802 5177 5178 
3 5183 4803 5178 
3 5183 5179 4800 
3 5181 4804 5182 
3 4803 4802 5178 
3 4468 5541 5544 
3 5541 4468 4461 
3 5543 5182 4804 
3 4806 5543 4804 
3 4809 4468 5544 
3 5543 4806 5546 
3 5546 4810 5186 
3 4806 4810 5546 
3 5186 4810 4814 
3 5186 4814 5188 
3 5188 4814 4816 
3 5189 5187 5190 
3 5188 4816 4818 
3 5911 5549 5912 
3 5911 4818 5549 
3 5188 4818 5911 
3 5191 4818 4482 
3 5191 5549 4818 
3 5190 5548 5189 
3 5548 5192 5189 
3 5189 5192 4820 
3 4482 4819 5191 
3 5741 4819 5193 
3 5191 4819 5741 
3 4821 5192 5551 
3 5192 4821 4820 
3 5193 4819 4822 
3 5193 4824 5554 
3 4822 4824 5193 
3 5553 5194 4821 
3 5195 5554 4824 
3 5555 5554 5195 
3 5194 5556 4825 
3 5195 4824 4827 
3 5556 4826 4825 
3 5197 4827 4829 
3 5197 5195 4827 
3 5195 5197 5198 
3 5195 5198 5555 
3 5199 4829 4830 
3 5199 5197 4829 
3 5197 5199 5201 
3 5197 5201 5198 
3 5202 5198 5201 
3 4826 5557 4491 
3 5200 5199 4830 
3 5199 5200 5201 
3 4494 4491 5557 
3 5201 5200 5203 
3 5201 5203 5202 
3 5560 5202 5203 
3 5203 4835 5560 
3 5205 4166 5561 
3 4166 5204 5561 
3 5560 4835 5206 
3 5751 4833 5563 
3 5751 4834 4833 
3 5751 5564 4834 
3 4834 5564 4837 
3 5207 5206 4839 
3 4839 5566 5207 
3 5564 5565 4837 
3 4837 5565 5208 
3 5209 5566 4839 
3 5209 4839 4841 
3 5565 5567 5208 
3 5567 5210 5208 
3 5209 4841 5211 
3 5567 5212 5210 
3 5213 4510 5212 
3 5571 5570 4842 
3 4844 5214 4846 
3 5215 5571 4847 
3 5931 5215 5217 
3 5222 5220 5218 
3 5218 5220 4849 
3 5218 4849 5216 
3 5574 5219 5221 
3 5220 5222 5224 
3 5222 5223 5224 
3 5221 4517 5225 
3 5228 5223 5227 
3 5223 5228 5224 
3 5225 4852 5226 
3 5225 4517 4852 
3 5226 4852 4853 
3 5226 4853 5230 
3 5231 5232 5584 
3 5229 5584 4855 
3 5227 4855 5228 
3 5229 4855 5227 
3 5581 5230 4520 
3 5581 4520 5231 
3 5231 4856 5232 
3 5584 5232 4854 
3 5584 4854 4855 
3 5231 4520 4856 
3 4860 5235 5234 
3 4860 5233 5235 
3 4529 4863 5238 
3 5233 4529 5238 
3 5235 5233 5238 
3 5235 5236 5234 
3 5234 5236 5239 
3 5234 5239 4861 
3 4861 5239 5237 
3 5585 4863 5240 
3 5238 4863 5585 
3 5239 5241 5237 
3 5237 5241 4866 
3 4865 5240 4863 
3 5241 5242 4866 
3 5246 5242 5241 
3 5242 5244 4866 
3 5243 5592 5594 
3 5243 4869 5592 
3 4869 5243 4865 
3 5242 5246 5244 
3 4869 5245 5592 
3 5246 4882 5244 
3 5245 4881 5247 
3 4881 5245 4869 
3 5246 5253 4882 
3 4541 4873 5248 
3 4541 5248 5249 
3 4876 4541 5249 
3 4876 5249 5599 
3 4877 4876 5599 
3 4878 4877 5250 
3 4878 5250 5251 
3 4879 4878 5251 
3 4544 4879 5251 
3 4544 5251 5601 
3 5252 4544 5601 
3 5247 4881 4888 
3 5253 5257 4882 
3 5254 4885 4886 
3 5248 4875 5255 
3 5255 4875 4885 
3 5255 4885 5254 
3 5248 5255 5597 
3 4880 5252 5256 
3 5782 4888 5606 
3 5253 5260 5257 
3 4887 5259 4886 
3 4886 5259 5254 
3 4230 4546 5605 
3 4230 5605 5258 
3 5260 5253 5607 
3 4890 5259 4887 
3 4230 5258 4548 
3 5606 4551 5786 
3 4551 5606 4888 
3 5260 5261 5257 
3 4889 5261 4890 
3 4890 5265 5259 
3 4891 4548 5610 
3 5260 5607 5262 
3 5260 5262 5261 
3 5263 5786 4551 
3 5261 5264 4890 
3 4890 5264 5265 
3 4891 5267 4550 
3 5264 5261 5262 
3 5268 4550 5267 
3 5263 4554 5266 
3 5266 4893 5794 
3 5270 5271 4556 
3 4894 5800 4893 
3 5272 4557 5271 
3 5800 4894 5273 
3 4895 5273 4560 
3 5810 5273 4895 
3 4895 4562 5623 
3 4561 5621 4896 
3 5621 4897 4896 
3 5623 4562 5276 
3 5278 4897 5277 
3 4898 5278 5625 
3 5276 4563 5627 
3 5627 4563 4899 
3 5279 5628 5629 
3 5627 4899 5631 
3 4899 4568 5631 
3 4568 4900 5631 
3 5631 4900 5282 
3 5280 5281 4901 
3 4900 4576 5282 
3 4901 5283 4902 
3 5282 4576 5634 
3 4902 5283 4904 
3 5637 5634 5284 
3 5637 5285 5638 
3 5637 5284 5285 
3 5286 5638 5285 
3 4280 4908 4588 
3 5286 5285 5287 
3 5286 5287 5644 
3 5287 5288 5644 
3 5288 4595 5645 
3 4596 5289 5646 
3 4595 4925 5645 
3 5293 4926 4927 
3 5290 5645 4925 
3 5296 4919 4915 
3 5296 4915 4929 
3 5647 4926 5293 
3 5646 4936 4596 
3 5291 5290 4930 
3 4932 4933 5292 
3 5647 5296 4929 
3 5646 5297 4936 
3 4930 5844 5291 
3 5295 4923 4932 
3 5292 5295 4932 
3 4934 5296 5304 
3 4930 5294 5844 
3 5295 4938 4931 
3 5298 5292 4933 
3 5299 5298 4933 
3 5304 5299 4934 
3 4936 5297 6034 
3 5296 5647 5652 
3 5647 5300 5652 
3 5647 5293 5300 
3 5305 5300 5293 
3 4927 5305 5293 
3 5302 5305 4927 
3 6034 3982 4936 
3 5294 4937 4939 
3 4938 5295 5303 
3 5301 5295 5292 
3 5298 5301 5292 
3 5309 5298 5299 
3 5304 5309 5299 
3 5296 5652 5304 
3 5302 4941 5306 
3 5294 4939 5649 
3 5649 4939 4607 
3 5308 5303 5295 
3 5301 5308 5295 
3 5309 5301 5298 
3 5304 5651 5309 
3 5305 5653 5300 
3 5306 5305 5302 
3 5306 4941 5307 
3 4942 3982 6034 
3 4607 5650 5649 
3 5305 5313 5653 
3 5305 5306 5313 
3 4945 4942 6034 
3 4946 5650 4607 
3 5651 5311 5309 
3 4941 4944 5307 
3 5309 5310 5301 
3 5311 5310 5309 
3 5651 5654 5311 
3 5321 5306 5307 
3 5323 5308 5301 
3 5311 5654 5320 
3 5320 5654 5316 
3 5318 4614 4945 
3 5308 5319 5303 
3 5310 5323 5301 
3 5320 4950 5311 
3 5313 5321 5312 
3 5307 5325 5321 
3 4944 5317 5307 
3 4949 5314 4948 
3 5314 4949 5315 
3 5308 5330 5319 
3 5323 5330 5308 
3 5320 5316 4950 
3 5317 5325 5307 
3 5325 5317 4954 
3 5318 5660 4615 
3 5315 4949 5322 
3 5310 5324 5323 
3 4950 5316 5326 
3 5315 5322 5662 
3 5323 5324 5330 
3 5325 4954 4959 
3 4955 5319 5342 
3 5319 5330 5342 
3 5326 4952 4950 
3 4957 4952 5326 
3 5327 5328 4310 
3 5329 4310 5328 
3 5333 5324 4956 
3 4958 4957 5659 
3 4958 5659 5661 
3 5661 5338 4958 
3 5661 5335 5338 
3 4959 5331 5325 
3 4310 5329 5337 
3 5332 5322 4318 
3 5332 5662 5322 
3 5343 5342 5330 
3 5324 5343 5330 
3 5333 5343 5324 
3 5334 5333 4956 
3 5335 5336 5338 
3 5335 5331 5336 
3 5339 5336 5331 
3 4959 5339 5331 
3 4956 5340 5334 
3 5339 5346 5336 
3 5334 5348 5333 
3 4965 5340 4956 
3 5336 5344 5338 
3 5346 5344 5336 
3 5347 5346 5339 
3 4959 4962 5339 
3 4962 5347 5339 
3 4967 5332 4318 
3 5344 5349 5338 
3 5346 5345 5344 
3 5350 4955 5342 
3 5343 5350 5342 
3 5347 4971 5345 
3 5347 5345 5346 
3 4970 4624 5341 
3 5350 5352 4955 
3 4968 5349 5351 
3 5344 5351 5349 
3 5668 4967 4973 
3 4968 4976 5354 
3 4976 4968 5351 
3 5345 5351 5344 
3 4971 4974 5345 
3 5670 5355 4970 
3 5352 5350 4979 
3 5350 5356 4979 
3 4974 5351 5345 
3 4981 4976 5351 
3 4973 5672 5668 
3 5674 5354 4985 
3 4985 5354 4976 
3 4974 4981 5351 
3 5356 4984 4979 
3 4984 5356 5370 
3 5353 5360 5357 
3 4009 4628 5358 
3 5370 5356 5359 
3 5361 4981 4974 
3 4009 5358 5362 
3 5675 4638 4639 
3 5672 4638 5675 
3 5370 5359 5367 
3 5363 5365 5360 
3 4981 5366 4985 
3 5366 4981 5369 
3 4995 4993 4984 
3 5370 4995 4984 
3 5364 5367 5365 
3 5364 5365 5363 
3 5363 5360 5371 
3 5371 5360 4985 
3 5368 5371 4985 
3 5859 5676 5678 
3 4639 5677 5675 
3 5373 5366 5369 
3 5367 5374 5370 
3 5375 5371 5368 
3 5373 5372 5366 
3 5377 5373 5369 
3 4996 5377 5369 
3 4994 5678 5680 
3 5374 4995 5370 
3 5379 5374 5367 
3 5364 5379 5367 
3 5372 5375 5368 
3 5001 4994 5680 
3 5677 4992 5679 
3 5371 5376 5363 
3 5679 4992 4999 
3 5679 4999 5381 
3 5363 5376 5364 
3 5376 5371 5380 
3 5375 5380 5371 
3 5392 5375 5372 
3 5373 5392 5372 
3 5382 5392 5373 
3 5377 5382 5373 
3 5378 4332 5001 
3 5381 4999 5003 
3 5364 5386 5379 
3 5376 5386 5364 
3 5377 4996 5005 
3 4996 4997 5005 
3 5384 4995 5374 
3 5392 5388 5375 
3 5005 5382 5377 
3 4332 5378 5002 
3 5381 5383 6060 
3 5381 5004 5383 
3 5385 5007 5384 
3 5374 5385 5384 
3 5379 5385 5374 
3 5390 5380 5375 
3 5388 5390 5375 
3 6060 5383 5006 
3 5395 5387 5376 
3 5380 5395 5376 
3 5005 5393 5382 
3 4653 5002 5389 
3 5387 5386 5376 
3 5388 5391 5390 
3 5403 5393 5005 
3 5399 5385 5379 
3 5386 5399 5379 
3 5397 5399 5386 
3 5387 5397 5386 
3 5390 5395 5380 
3 5393 5398 5382 
3 5390 5391 5405 
3 5388 5407 5391 
3 5396 4653 5394 
3 6062 5010 5013 
3 5399 5007 5385 
3 5405 5395 5390 
3 5400 5388 5392 
3 5382 5400 5392 
3 5398 5400 5382 
3 5405 5387 5395 
3 5400 5407 5388 
3 5683 4658 5396 
3 5014 5007 5399 
3 5387 5404 5397 
3 5405 5404 5387 
3 5014 5399 5408 
3 5409 5408 5399 
3 5397 5409 5399 
3 5414 5409 5397 
3 5404 5414 5397 
3 5391 5402 5405 
3 5410 5393 5403 
3 5015 5410 5403 
3 5414 5416 5409 
3 5402 5404 5405 
3 5024 5018 5023 
3 5018 5024 5867 
3 5391 5415 5402 
3 5418 5415 5391 
3 5407 5418 5391 
3 5400 5418 5407 
3 5412 5398 5393 
3 5410 5412 5393 
3 5406 5411 4667 
3 5409 5413 5408 
3 5416 5413 5409 
3 5414 5423 5416 
3 5417 5414 5404 
3 5402 5417 5404 
3 5033 4667 5411 
3 5030 5024 5029 
3 5415 5417 5402 
3 5412 5400 5398 
3 5033 4672 4667 
3 5685 5030 5034 
3 5416 5426 5413 
3 5417 5423 5414 
3 5412 5421 5400 
3 5419 5412 5410 
3 5026 5419 5410 
3 5413 5025 5408 
3 5415 5427 5417 
3 5421 5418 5400 
3 5423 5426 5416 
3 5417 5424 5423 
3 5427 5424 5417 
3 5421 5431 5418 
3 5037 4676 5033 
3 5426 5434 5413 
3 5420 5427 5415 
3 5418 5420 5415 
3 5419 5421 5412 
3 5026 5425 5419 
3 5026 5035 5425 
3 5423 5430 5426 
3 5441 5421 5419 
3 5425 5441 5419 
3 5037 5040 4676 
3 5422 4686 5428 
3 5424 5430 5423 
3 5431 5420 5418 
3 5441 5432 5421 
3 5688 5427 5420 
3 5440 5688 5420 
3 5035 5433 5425 
3 5045 5433 5035 
3 5044 5428 4689 
3 5428 5044 5047 
3 5431 5440 5420 
3 5421 5432 5431 
3 5433 5441 5425 
3 5040 5429 5042 
3 5430 5435 5426 
3 5424 5436 5430 
3 5427 5688 5424 
3 5429 5686 5042 
3 5426 5055 5434 
3 5435 5055 5426 
3 5439 5440 5431 
3 5432 5439 5431 
3 5442 5042 5687 
3 5436 5435 5430 
3 5424 5688 5436 
3 5433 5045 5049 
3 5049 5045 5437 
3 5436 5458 5435 
3 5433 5459 5441 
3 5688 5447 5436 
3 5688 5440 5450 
3 5439 5445 5440 
3 5443 5439 5432 
3 5441 5443 5432 
3 5459 5443 5441 
3 5049 5459 5433 
3 5442 5444 5051 
3 5446 5051 5444 
3 5446 4698 5051 
3 5438 5054 5690 
3 5055 5435 5457 
3 5447 5458 5436 
3 5447 5688 5450 
3 5443 5445 5439 
3 5692 5446 5449 
3 5690 5059 5451 
3 5054 5059 5690 
3 5462 5447 5450 
3 5440 5454 5450 
3 5440 5445 5454 
3 5459 5455 5443 
3 5049 5448 5459 
3 5049 5470 5448 
3 5435 5458 5457 
3 5452 5462 5450 
3 5454 5452 5450 
3 5443 5455 5445 
3 5451 5059 5060 
3 5060 5694 5451 
3 5060 4716 5694 
3 5697 5445 5455 
3 5453 5460 5062 
3 4716 5461 5694 
3 5463 5057 5457 
3 5465 5457 5458 
3 5447 5469 5458 
3 5462 5469 5447 
3 5455 5466 5697 
3 5459 5466 5455 
3 5448 5466 5459 
3 5062 5460 5064 
3 5460 5467 5064 
3 5463 5457 5464 
3 5465 5464 5457 
3 5469 5465 5458 
3 5452 5469 5462 
3 5452 5695 5469 
3 5064 5467 5468 
3 5694 5461 5066 
3 5694 5066 5471 
3 5469 5472 5465 
3 5469 5695 5702 
3 5470 5476 5448 
3 5700 5474 5468 
3 5473 5464 5465 
3 5472 5473 5465 
3 5448 5476 5466 
3 5076 5476 5470 
3 5470 5063 5083 
3 5471 5066 5071 
3 5471 5071 5704 
3 5469 5702 5472 
3 5707 4393 5474 
3 5707 5477 4393 
3 5704 5071 5478 
3 5472 5480 5473 
3 5702 5480 5472 
3 5479 5475 5476 
3 5083 5076 5470 
3 5483 5076 5083 
3 5481 5480 5702 
3 5482 5479 5476 
3 5076 5482 5476 
3 5073 5477 4730 
3 5477 5707 4730 
3 5707 5484 4730 
3 4734 4730 5484 
3 5483 5482 5076 
3 5086 4734 5484 
3 5488 5473 5480 
3 5481 5488 5480 
3 5708 5475 5494 
3 5479 5494 5475 
3 5487 5086 5484 
3 5478 5080 4736 
3 5478 4736 5713 
3 5075 5473 5488 
3 5485 5708 5494 
3 5491 5494 5479 
3 5482 5491 5479 
3 5486 5491 5482 
3 5483 5486 5482 
3 5090 5487 5712 
3 5481 5711 5499 
3 5711 5489 5499 
3 5489 5711 5490 
3 5493 5708 5485 
3 5501 5493 5485 
3 5483 5094 5486 
3 5492 5090 5712 
3 5102 5488 5481 
3 5505 5489 5490 
3 5493 5505 5490 
3 5491 5495 5494 
3 5094 5496 5486 
3 4744 5492 5498 
3 5499 5102 5481 
3 5500 5505 5493 
3 5501 5500 5493 
3 5494 5501 5485 
3 5495 5501 5494 
3 5486 5495 5491 
3 5099 4744 5503 
3 5503 4744 5498 
3 5101 5713 4742 
3 5101 5716 5713 
3 5486 5506 5495 
3 5110 5506 5486 
3 5496 5110 5486 
3 5094 5502 5496 
3 5099 5503 5504 
3 5504 4746 5099 
3 5500 5508 5505 
3 5495 5511 5501 
3 5496 5107 5110 
3 5504 5717 4746 
3 5507 4746 5717 
3 5106 5499 5489 
3 5505 5106 5489 
3 5508 5106 5505 
3 5512 5500 5501 
3 5511 5512 5501 
3 5506 5511 5495 
3 5509 5507 5719 
3 5716 5115 5718 
3 5716 5111 5115 
3 5500 5510 5508 
3 5512 5510 5500 
3 5506 5513 5511 
3 5110 5513 5506 
3 5115 5111 4753 
3 5110 5119 5513 
3 5721 5514 5509 
3 5115 5515 5720 
3 5512 5519 5510 
3 5519 5512 5511 
3 5118 5114 5514 
3 4755 5515 5115 
3 5123 5510 5519 
3 5519 5511 5516 
3 5516 5511 5513 
3 5513 5119 5122 
3 5513 5122 5516 
3 5518 5508 5123 
3 5124 5516 5122 
3 5124 5122 5520 
3 5520 5122 5517 
3 5520 5517 5521 
3 5131 5723 5722 
3 5130 5124 5522 
3 5124 5520 5522 
3 5523 5522 5520 
3 5521 5523 5520 
3 5525 5130 5522 
3 5525 5522 5523 
3 5141 5524 5898 
3 5137 5127 5138 
3 5139 5138 5128 
3 5526 5139 5133 
3 5139 5128 5133 
3 5133 5130 5526 
3 5526 5130 5525 
3 5526 5525 5527 
3 5900 5141 5898 
3 5145 5138 5139 
3 5140 5139 5526 
3 5140 5526 5527 
3 5725 5131 5528 
3 4110 5141 5726 
3 5725 5528 5152 
3 5529 5725 5152 
3 5153 5158 5148 
3 5529 5152 5159 
3 5534 5154 5532 
3 5531 5903 5536 
3 5529 5159 5167 
3 5532 5535 5534 
3 5535 5532 5162 
3 4789 5536 5538 
3 5173 5535 5165 
3 5162 5169 5165 
3 5165 5169 5537 
3 5537 5169 5166 
3 5728 5167 5171 
3 5728 5171 5539 
3 5537 5179 5165 
3 5179 5173 5165 
3 5174 5179 5537 
3 5175 5174 5537 
3 5539 5171 5176 
3 5731 4793 5540 
3 5539 5176 5542 
3 5542 5176 5181 
3 5181 5182 5542 
3 5544 5541 5907 
3 5542 5182 5732 
3 5182 5543 5732 
3 5732 5543 5547 
3 5545 4809 5544 
3 5543 5546 5547 
3 5185 5545 5909 
3 5545 5185 4809 
3 5547 5546 5737 
3 5185 5909 5735 
3 5546 5186 5737 
3 5187 5735 5736 
3 5735 4815 5185 
3 5735 5187 4815 
3 5737 5186 5188 
3 5911 5737 5188 
3 5190 5187 5738 
3 5187 5736 5738 
3 5738 5739 5190 
3 5190 5739 5548 
3 5548 5739 5550 
3 5550 5551 5548 
3 5191 5741 5549 
3 5551 5192 5548 
3 5741 5193 5552 
3 5550 5553 5551 
3 5551 5553 4821 
3 5552 5193 5554 
3 6117 5556 5553 
3 5553 5556 5194 
3 5556 5196 4826 
3 5557 5196 5746 
3 5196 5557 4826 
3 5555 5198 5558 
3 5558 5198 5202 
3 5746 5559 5557 
3 5557 5559 4494 
3 5559 5561 5204 
3 5559 5204 4494 
3 5749 5560 5753 
3 5205 5562 4833 
3 5561 5562 5205 
3 5753 5560 5206 
3 5562 5563 4833 
3 5206 5207 5753 
3 5567 5565 5564 
3 5755 5566 5209 
3 5568 5755 5209 
3 5568 5209 5211 
3 5212 5567 5569 
3 5570 5568 5211 
3 5211 4842 5570 
3 5569 5213 5212 
3 5570 5571 5758 
3 5213 5214 4844 
3 5571 5761 5758 
3 5931 5571 5215 
3 5572 5216 5214 
3 5763 5931 5217 
3 5762 5573 5572 
3 5572 5573 5218 
3 5572 5218 5216 
3 5763 5217 5219 
3 5222 5218 5573 
3 5763 5219 5574 
3 5222 5575 5223 
3 5221 5576 5574 
3 5578 5576 5225 
3 5225 5576 5221 
3 5577 5227 5223 
3 5578 5225 5226 
3 5226 5580 5579 
3 5580 5767 5579 
3 5583 5584 5769 
3 5769 5229 5227 
3 5769 5227 5577 
3 5580 5226 5230 
3 5582 5767 5581 
3 5581 5767 5580 
3 5231 5583 5582 
3 5769 5584 5229 
3 5580 5230 5581 
3 5582 5581 5231 
3 5583 5231 5584 
3 5238 5585 5586 
3 5235 5586 5236 
3 5235 5238 5586 
3 5239 5587 5241 
3 5239 5236 5587 
3 5585 5240 5588 
3 5589 5585 5588 
3 5585 5589 5586 
3 5586 5590 5236 
3 5236 5590 5587 
3 4865 5243 5588 
3 5588 5240 4865 
3 5590 5586 5589 
3 5772 5587 5590 
3 5772 5770 5587 
3 5587 5770 5241 
3 5588 5243 5591 
3 5591 5243 5594 
3 5591 5771 5588 
3 5771 5589 5588 
3 5770 5246 5241 
3 5592 5245 5593 
3 5603 5246 5770 
3 5595 5247 5596 
3 5595 5245 5247 
3 5593 5245 5595 
3 5603 5770 5780 
3 5603 5253 5246 
3 5249 5597 5598 
3 5248 5597 5249 
3 5599 5249 5777 
3 4877 5599 5600 
3 5250 4877 5600 
3 5250 5600 5778 
3 5251 5250 5778 
3 5247 4888 5782 
3 5782 5596 5247 
3 5255 5254 5602 
3 5597 5255 5602 
3 4546 5256 5605 
3 5607 5603 5780 
3 5608 5604 5254 
3 5259 5608 5254 
3 5254 5604 5602 
3 5603 5607 5253 
3 5259 5609 5608 
3 5607 5780 5613 
3 5265 5609 5259 
3 5610 4548 5258 
3 5607 5613 5262 
3 5609 5265 5611 
3 5786 5263 5788 
3 4891 5610 5267 
3 5610 5612 5267 
3 5266 5792 5263 
3 5263 5792 5788 
3 5613 5616 5262 
3 5264 5614 5265 
3 5265 5614 5611 
3 5615 5268 5267 
3 5795 5792 5266 
3 5613 5796 5616 
3 5616 5264 5262 
3 5614 5264 5269 
3 5617 5268 5615 
3 5617 5270 5268 
3 5269 5264 5616 
3 4893 5800 5794 
3 5796 5799 5616 
3 5616 5799 5269 
3 5804 5270 5617 
3 5270 5804 5271 
3 5799 5618 5614 
3 5799 5614 5269 
3 5619 5271 5804 
3 5619 5272 5271 
3 5800 5273 5620 
3 5619 5274 5272 
3 5273 5810 5620 
3 5809 5274 5619 
3 5275 5274 5809 
3 5810 4895 5622 
3 5275 5809 5812 
3 4561 5275 5812 
3 5621 4561 5812 
3 4895 5623 5622 
3 5621 5277 4897 
3 5276 5624 5623 
3 5278 5277 5625 
3 5818 5625 5817 
3 5818 4898 5625 
3 5624 5276 5626 
3 5276 5627 5626 
3 5628 4898 5818 
3 5627 5630 5626 
3 5826 5279 5629 
3 5826 5280 5279 
3 5627 5631 5630 
3 5631 5633 5630 
3 5632 5280 5826 
3 5631 5282 5633 
3 5280 5632 5281 
3 5281 5635 4901 
3 5634 5633 5282 
3 5836 5633 5634 
3 4901 5635 5283 
3 5634 5637 5836 
3 5638 5639 5836 
3 5638 5836 5637 
3 5640 5636 5839 
3 5640 5642 5636 
3 4904 5283 4908 
3 5839 5639 5641 
3 5839 5641 5640 
3 5639 5638 5286 
3 5641 5642 5640 
3 5641 5639 5286 
3 5641 5644 5642 
3 4908 5643 4588 
3 5644 5641 5286 
3 5842 4588 5643 
3 5646 5289 5842 
3 5645 5843 5288 
3 5291 5645 5290 
3 6032 5645 5291 
3 5844 5294 5648 
3 5294 5649 5648 
3 5304 5652 5651 
3 5653 5652 5300 
3 5652 5654 5651 
3 5653 5654 5652 
3 5657 5654 5653 
3 6206 5314 5656 
3 5650 5314 6206 
3 4946 5314 5650 
3 5655 5657 5653 
3 5313 5655 5653 
3 5306 5321 5313 
3 5657 5316 5654 
3 5313 5312 5655 
3 5318 4945 5846 
3 5314 5315 5656 
3 5312 5657 5655 
3 5656 5315 5845 
3 5657 5659 5316 
3 5657 5312 5659 
3 5658 5312 5321 
3 5658 5321 5325 
3 5312 5661 5659 
3 4957 5326 5316 
3 4957 5316 5659 
3 5325 5331 5658 
3 5328 5327 5660 
3 5312 5335 5661 
3 5658 5335 5312 
3 5331 5335 5658 
3 5329 5328 5849 
3 5662 5332 5664 
3 5329 5663 5337 
3 5665 4964 5663 
3 5663 4964 5337 
3 5332 4967 5664 
3 5666 4964 5665 
3 5341 4964 5666 
3 5667 5341 5666 
3 5664 4967 6045 
3 4967 5668 6045 
3 5343 5333 5348 
3 5667 5669 5341 
3 4970 5341 5669 
3 5334 5671 5348 
3 5353 5671 5334 
3 5340 5353 5334 
3 5674 5340 5354 
3 5348 5350 5343 
3 5350 5348 5356 
3 5671 5356 5348 
3 5674 5353 5340 
3 5670 4970 5669 
3 5353 5357 5671 
3 5670 5855 5355 
3 5673 5668 5672 
3 5671 5357 5356 
3 5857 5355 5856 
3 5857 4628 5355 
3 5360 5353 5674 
3 5673 5672 5858 
3 5357 5359 5356 
3 5365 5357 5360 
3 4628 5857 5358 
3 5858 5672 5675 
3 5359 5357 5365 
3 5367 5359 5365 
3 4985 5360 5674 
3 4985 5366 5368 
3 6054 5677 5860 
3 6054 5675 5677 
3 5366 5372 5368 
3 5860 5677 5679 
3 5679 5381 5681 
3 5378 5001 5680 
3 5681 5381 6060 
3 5865 5389 5002 
3 5006 5010 6062 
3 5394 4653 5389 
3 6062 5013 5682 
3 5866 5396 5394 
3 5683 5396 5866 
3 5401 5018 5867 
3 5406 5683 5684 
3 5406 5684 5411 
3 5024 5030 5685 
3 5033 5411 5870 
3 5033 5872 5037 
3 5871 5034 6072 
3 6072 5034 5422 
3 5037 5873 5040 
3 5873 5429 5040 
3 5428 5047 6075 
3 5687 5042 5686 
3 5047 5438 5874 
3 5874 5438 6077 
3 5444 5442 5876 
3 5438 5690 5689 
3 5449 5446 5444 
3 5689 5690 5878 
3 5878 5690 5451 
3 5449 5691 5692 
3 4705 5692 5453 
3 5692 5693 5453 
3 5453 5693 5456 
3 5696 5452 5454 
3 5445 5696 5454 
3 5697 5696 5445 
3 5453 5456 5460 
3 5456 5881 5460 
3 5460 5881 5467 
3 5696 5695 5452 
3 5696 5697 5698 
3 5881 5882 5467 
3 5699 5467 5882 
3 5699 5468 5467 
3 5695 5696 5698 
3 5466 5698 5697 
3 5468 5699 5700 
3 5466 5705 5698 
3 5701 5474 5700 
3 5703 5702 5695 
3 5698 5703 5695 
3 5886 5703 5698 
3 5466 5476 5705 
3 5707 5474 5706 
3 5706 5474 5701 
3 5481 5702 5703 
3 5476 5475 5705 
3 5707 5706 5888 
3 5886 5711 5703 
3 5475 5708 5705 
3 5709 5484 5707 
3 5711 5481 5703 
3 5490 5886 5708 
3 5709 5710 5484 
3 5490 5711 5886 
3 5890 5484 5710 
3 5890 5487 5484 
3 5478 5713 6091 
3 5490 5708 5493 
3 5712 5487 5890 
3 5712 5714 5492 
3 5714 5498 5492 
3 5713 5716 5891 
3 5714 5715 5498 
3 5893 5498 5715 
3 5893 5503 5498 
3 5893 5894 5503 
3 5504 5503 5894 
3 5504 5894 5895 
3 5717 5504 5895 
3 5507 5717 5719 
3 5718 5720 6098 
3 5718 5115 5720 
3 5719 5721 5509 
3 5721 5897 5514 
3 5897 5118 5514 
3 5515 5723 5720 
3 5897 5724 5118 
3 5515 5722 5723 
3 5724 5125 5118 
3 5898 5125 5724 
3 5524 5125 5898 
3 5899 5131 5725 
3 5141 5900 5726 
3 5901 5529 6104 
3 5531 5726 6105 
3 4768 5726 5531 
3 5529 5167 5728 
3 5727 5536 5903 
3 5727 5538 5536 
3 5538 5729 5904 
3 5540 5538 5904 
3 5731 5540 5904 
3 5731 5904 6109 
3 5730 5539 5542 
3 5731 5907 5541 
3 5545 5544 5907 
3 5732 5547 5733 
3 5733 5547 5734 
3 5735 5909 5910 
3 5547 5737 5734 
3 5735 5910 5736 
3 5549 5742 5912 
3 5743 5550 5740 
3 5740 5550 5739 
3 5549 5741 5742 
3 5742 5741 5552 
3 5743 5744 5550 
3 5550 5744 5553 
3 5744 6117 5553 
3 5914 5552 5554 
3 5914 5554 5745 
3 6117 5915 5556 
3 5554 5555 5745 
3 5915 5196 5556 
3 5745 5555 5558 
3 5745 5558 5916 
3 5747 5558 5202 
3 5747 5916 5558 
3 5916 5747 5917 
3 5918 5561 5559 
3 5202 5560 5747 
3 5918 5748 5561 
3 5749 5747 5560 
3 5562 5561 5748 
3 5748 5750 5562 
3 5752 5563 5750 
3 5750 5563 5562 
3 5921 5749 5753 
3 5752 5751 5563 
3 5752 5923 5751 
3 5754 5753 5207 
3 5921 5753 5754 
3 5923 5924 5564 
3 5923 5564 5751 
3 5754 5207 5566 
3 5754 5566 5925 
3 5924 5926 5564 
3 5564 5926 5567 
3 5925 5566 5755 
3 5928 5567 5926 
3 5567 5928 5569 
3 5756 5568 5570 
3 5755 5568 5756 
3 5757 5756 5570 
3 5757 5570 5758 
3 5758 5760 5757 
3 5760 5758 5761 
3 5213 5759 5572 
3 5213 5572 5214 
3 5761 5571 5931 
3 5573 5762 5764 
3 5575 5573 5764 
3 5765 5763 5574 
3 5765 5574 5576 
3 5575 5222 5573 
3 5578 5935 5576 
3 5766 5223 5575 
3 5579 5935 5578 
3 5768 5769 5937 
3 5937 5577 5766 
3 5766 5577 5223 
3 5579 5578 5226 
3 5937 5769 5577 
3 5943 5942 5582 
3 5582 5942 5767 
3 5768 5583 5769 
3 5943 5583 5768 
3 5943 5582 5583 
3 5776 5589 5771 
3 5590 5589 5776 
3 5945 5590 5776 
3 5590 5945 5772 
3 5772 5773 5770 
3 5592 5593 5775 
3 5594 5775 5774 
3 5594 5592 5775 
3 5774 5591 5594 
3 5771 5591 5774 
3 5776 5771 5774 
3 5772 5945 5773 
3 5595 5596 5779 
3 5593 5595 5779 
3 5775 5593 5779 
3 5945 5959 5773 
3 5773 5959 5780 
3 5773 5780 5770 
3 5777 5249 5598 
3 5599 5777 6140 
3 5599 6140 5600 
3 5251 5778 5947 
3 5601 5251 5947 
3 5601 5947 5948 
3 5252 5601 5948 
3 5252 5948 5949 
3 5596 5782 5953 
3 5781 5602 5952 
3 5597 5602 5781 
3 5597 5781 5598 
3 5781 5946 5598 
3 5604 5608 5960 
3 5602 5604 5952 
3 5258 5605 6147 
3 5606 5783 5782 
3 5959 5964 5780 
3 5784 5960 5608 
3 6147 5785 5258 
3 5961 5258 5785 
3 5606 5786 5787 
3 5606 5787 5783 
3 5964 5967 5780 
3 5780 5967 5613 
3 5609 5790 5608 
3 5608 5790 5784 
3 5258 5961 5610 
3 5789 5787 5786 
3 5611 5790 5609 
3 5612 5610 5961 
3 5786 5788 5789 
3 5792 5791 5788 
3 5788 5791 5789 
3 5611 5614 5797 
3 5790 5611 5797 
3 5267 5612 5615 
3 5967 5793 5613 
3 5266 5794 5795 
3 5793 5796 5613 
3 5972 5795 5794 
3 5793 5798 5796 
3 5614 5618 5978 
3 5797 5614 5978 
3 5615 5971 5617 
3 5971 5804 5617 
3 5801 5794 5800 
3 5801 5972 5794 
3 5798 5799 5796 
3 5798 5802 5805 
3 5798 5805 5799 
3 5805 5803 5799 
3 5807 5800 5620 
3 5800 5807 5801 
3 5803 5618 5799 
3 5804 5806 5619 
3 5805 5802 5811 
3 5805 5811 5803 
3 5808 5618 5803 
3 5806 5809 5619 
3 5620 5810 5983 
3 5620 5983 5807 
3 5811 5808 5803 
3 5810 5622 5983 
3 5622 5813 5983 
3 5811 5985 5808 
3 5812 5814 5621 
3 5622 5991 5813 
3 5621 5814 5277 
3 5815 5622 5623 
3 5622 5815 5991 
3 5817 5277 5816 
3 5815 5623 5624 
3 5277 5817 5625 
3 5819 5815 5624 
3 5815 5819 5991 
3 5819 5624 5626 
3 5820 5628 5818 
3 5819 5626 5630 
3 5819 5630 5827 
3 5628 5820 5629 
3 5820 5821 5629 
3 5826 5629 5821 
3 5630 5633 5827 
3 5829 5825 5822 
3 5822 5825 6027 
3 5822 6027 5824 
3 5824 6027 5823 
3 6028 5632 5826 
3 6028 5281 5632 
3 5825 5834 6027 
3 5281 6028 5635 
3 5836 5827 5633 
3 5827 5836 5830 
3 5831 6020 5830 
3 5830 6020 5827 
3 5828 5832 5831 
3 5828 5831 5833 
3 5828 5833 5829 
3 5829 5833 5825 
3 6028 6030 5635 
3 5831 5837 5833 
3 5833 5835 5825 
3 5840 5834 5835 
3 5835 5834 5825 
3 5283 5635 6030 
3 5831 5830 5837 
3 5833 5837 5636 
3 5833 5636 5835 
3 5836 5639 5830 
3 5830 5839 5837 
3 5835 5636 5840 
3 6030 5838 5283 
3 5830 5639 5839 
3 5837 5839 5636 
3 5841 5840 5636 
3 5642 5841 5636 
3 5283 5838 4908 
3 5643 4908 5838 
3 5644 6198 5642 
3 5842 5643 6199 
3 5644 5288 5843 
3 5646 5842 6199 
3 6032 5843 5645 
3 5291 5844 6032 
3 6032 5844 6349 
3 5648 5649 6203 
3 5649 5650 6203 
3 6203 5650 6206 
3 6034 6036 4945 
3 5846 4945 6208 
3 5318 5846 5848 
3 5846 5847 5848 
3 5315 5662 5845 
3 5845 5662 6042 
3 5848 5660 5318 
3 5849 5660 6041 
3 6041 5660 5848 
3 5662 5664 6042 
3 5849 5328 5660 
3 6042 5664 5851 
3 5850 5329 5849 
3 5663 5329 5850 
3 5665 5852 5666 
3 5666 5852 5667 
3 5854 5669 5667 
3 5853 5668 5673 
3 6045 5668 5853 
3 5854 5670 5669 
3 6228 5855 5854 
3 5855 5670 5854 
3 5856 5355 5855 
3 5673 5858 6048 
3 6053 5358 6051 
3 6051 5358 5857 
3 5362 5358 6053 
3 5675 6054 5858 
3 6053 6055 5362 
3 5859 5362 6055 
3 5861 5860 5679 
3 5676 5862 5678 
3 5862 5680 5678 
3 6058 5861 5681 
3 5679 5681 5861 
3 6058 5681 6060 
3 6059 5378 5680 
3 5378 6059 5863 
3 5864 5378 5863 
3 5002 5378 5864 
3 5002 5864 5865 
3 6065 5394 5389 
3 5013 6064 5682 
3 6066 5866 5394 
3 5013 5401 6064 
3 6064 5401 6067 
3 6068 5683 5866 
3 5867 6067 5401 
3 5683 6068 5684 
3 6068 5868 5684 
3 5867 5024 5685 
3 5684 5868 5411 
3 5868 5869 5411 
3 5870 5411 5869 
3 5872 5033 5870 
3 5871 5685 5034 
3 5037 5872 5873 
3 5422 5428 6072 
3 6072 5428 6075 
3 5047 5874 6075 
3 5876 5687 5875 
3 5876 5442 5687 
3 6077 5438 5689 
3 5444 5876 6081 
3 6081 5877 5444 
3 5877 5449 5444 
3 5449 5877 5691 
3 5878 5879 6082 
3 5692 5691 5693 
3 5691 6084 5693 
3 5880 5693 6084 
3 5878 5694 5879 
3 5451 5694 5878 
3 5456 5693 5880 
3 5879 5694 6086 
3 5456 6087 5881 
3 5694 5471 6086 
3 6086 5471 5704 
3 5882 5883 5699 
3 5883 5700 5699 
3 6086 5704 5884 
3 5700 5883 5701 
3 5883 5885 5701 
3 5885 5887 5706 
3 5885 5706 5701 
3 5705 5886 5698 
3 5706 5887 5888 
3 5708 5886 5705 
3 5707 5888 5709 
3 5704 6091 6090 
3 5709 5889 5710 
3 5478 6091 5704 
3 5890 5710 5889 
3 5892 5712 5890 
3 5891 6091 5713 
3 5712 5892 5714 
3 5892 6093 5714 
3 5894 5893 5715 
3 5895 5896 5717 
3 5718 6269 5716 
3 5717 5896 5719 
3 5896 6097 5719 
3 5719 6099 5721 
3 6098 5720 6100 
3 5897 5721 6270 
3 5723 6100 5720 
3 5724 6101 5898 
3 6101 6420 5898 
3 5899 5723 5131 
3 5900 5898 6273 
3 5899 5725 6102 
3 6102 5725 5901 
3 5902 5726 5900 
3 5725 5529 5901 
3 5903 5531 6105 
3 6104 5529 5728 
3 5728 6276 6104 
3 5905 6276 5728 
3 5729 5538 5727 
3 5905 5728 5539 
3 5905 5539 5730 
3 6109 5906 5731 
3 6110 5730 5542 
3 5731 5906 5907 
3 6110 5542 5732 
3 6110 5732 6283 
3 5545 5907 5908 
3 6283 5732 5733 
3 5909 5545 5910 
3 5545 5908 5910 
3 5734 5737 6113 
3 5738 5736 6287 
3 6113 5911 6286 
3 6113 5737 5911 
3 6286 5911 5912 
3 5738 5913 5739 
3 5912 5742 6289 
3 5740 5913 6114 
3 5913 5740 5739 
3 6289 5742 6292 
3 6114 5743 5740 
3 6292 5742 5552 
3 6292 5552 5914 
3 5914 5745 6119 
3 5196 5915 6121 
3 6119 5745 5916 
3 5559 5746 6121 
3 5196 6121 5746 
3 6119 5916 5917 
3 5559 6121 5918 
3 5917 5747 5920 
3 5918 5919 5748 
3 5747 5749 5920 
3 5920 5749 5921 
3 5752 5750 5748 
3 5920 5921 5922 
3 6125 5923 5752 
3 5922 5921 5754 
3 5922 5754 5925 
3 6128 5926 5924 
3 5927 6126 5925 
3 5925 5755 5756 
3 5927 5925 5756 
3 6306 5927 5756 
3 6306 5756 5757 
3 6306 5757 5929 
3 5928 6129 5569 
3 5929 5757 5760 
3 6129 5759 5213 
3 6129 5213 5569 
3 5760 5761 6131 
3 5930 6131 5761 
3 5931 5930 5761 
3 5933 5930 5931 
3 5762 5759 5932 
3 5759 6130 5932 
3 5759 5762 5572 
3 5933 5931 5763 
3 5932 5764 5762 
3 5933 5763 5765 
3 6132 5934 5764 
3 5764 5934 5575 
3 5934 5936 5766 
3 5934 5766 5575 
3 5936 5941 5937 
3 5936 5937 5766 
3 6137 5935 5579 
3 5579 5939 5938 
3 5942 5940 5939 
3 5941 6316 5768 
3 5579 5767 5939 
3 5939 5767 5942 
3 5940 5943 6316 
3 6316 5943 5768 
3 5941 5768 5937 
3 5942 5943 5940 
3 5774 5944 5951 
3 5774 5775 5944 
3 5776 5774 5951 
3 5776 5951 5945 
3 6138 5946 6139 
3 5598 5946 6138 
3 5777 5598 6138 
3 5777 6138 6140 
3 5778 5600 6319 
3 5596 5953 5950 
3 5779 5596 5950 
3 5950 5775 5779 
3 5944 5775 5950 
3 5955 5944 5950 
3 5944 5955 5951 
3 5951 5957 5945 
3 5945 5957 5959 
3 5946 5781 5952 
3 5252 6143 5256 
3 5605 5256 6143 
3 6146 5605 6143 
3 5953 5954 5950 
3 5950 5954 5955 
3 5955 5956 5951 
3 5951 5956 5957 
3 6145 5604 5960 
3 5604 6145 5952 
3 6147 5605 6146 
3 5953 5782 5783 
3 5962 5953 5783 
3 5962 5958 5954 
3 5962 5954 5953 
3 5958 5955 5954 
3 5956 6150 5957 
3 5962 5783 5787 
3 6150 5964 5957 
3 5957 5964 5959 
3 5961 5785 6600 
3 5961 6600 6151 
3 5787 5789 5963 
3 5962 5787 5963 
3 5790 6156 5784 
3 6154 5612 5961 
3 5789 5791 5963 
3 5963 5791 5965 
3 6150 6162 5967 
3 6150 5967 5964 
3 5790 5797 5966 
3 6156 5790 5966 
3 5792 5795 5791 
3 5791 5968 5965 
3 5968 5791 5795 
3 6162 5969 5967 
3 5967 5969 5793 
3 5968 5795 5972 
3 5797 5978 5966 
3 5615 5970 5971 
3 5970 5973 5971 
3 5972 6174 5968 
3 5969 5976 5974 
3 5969 5974 5793 
3 5798 5793 5974 
3 6169 5971 5973 
3 6169 5804 5971 
3 5975 5972 5801 
3 5975 6174 5972 
3 5975 5801 5807 
3 5975 5979 6174 
3 5976 5977 5974 
3 5974 5977 5802 
3 5974 5802 5798 
3 5804 6169 5806 
3 5979 5975 5807 
3 5976 5980 5977 
3 5977 5980 5981 
3 5977 5981 5802 
3 5802 5981 5811 
3 6172 5618 5808 
3 6172 5978 5618 
3 6169 5982 5806 
3 5806 5982 5809 
3 5807 5983 5979 
3 5976 6177 5980 
3 5980 6177 5987 
3 5980 5987 5988 
3 5980 5988 5981 
3 5984 5811 5981 
3 5808 6178 6172 
3 5982 5812 5809 
3 5983 6182 5979 
3 5981 5988 5984 
3 5985 5811 5984 
3 5808 5985 5986 
3 5982 6181 5812 
3 5983 5813 6182 
3 5987 6177 6180 
3 5988 5994 5989 
3 5988 5989 5984 
3 5984 5989 5990 
3 5984 5990 5985 
3 5985 6186 5986 
3 5812 6181 5814 
3 6182 5813 5991 
3 5987 6180 5992 
3 5987 5992 5998 
3 5987 5998 5993 
3 5987 5993 5988 
3 5988 5993 5994 
3 5997 5985 5990 
3 5985 5997 6186 
3 5995 5277 5814 
3 5991 6189 6182 
3 5992 6004 5998 
3 5994 5996 5989 
3 5989 5996 5990 
3 5990 5996 5997 
3 5277 5995 5816 
3 5992 6188 6004 
3 6004 6012 5998 
3 5993 6005 5994 
3 5994 6005 5996 
3 5991 6010 6189 
3 5999 6004 6188 
3 6012 6000 5998 
3 5998 6000 6005 
3 5998 6005 5993 
3 6001 5996 6005 
3 5816 6006 5817 
3 6007 5991 5819 
3 5991 6007 6010 
3 6010 6002 6189 
3 5999 6008 6003 
3 5999 6003 6004 
3 6191 6189 6002 
3 6191 6002 6014 
3 6008 6015 6003 
3 6004 6003 6012 
3 6012 6009 6000 
3 6000 6009 6005 
3 6009 6193 6001 
3 6009 6001 6005 
3 5817 6006 5818 
3 6006 6013 5818 
3 6191 6022 6008 
3 6008 6022 6015 
3 6003 6015 6011 
3 6003 6011 6012 
3 5821 5818 6013 
3 5820 5818 5821 
3 6007 5819 5827 
3 6010 6007 6021 
3 6002 6010 6014 
3 6014 6022 6191 
3 6011 6018 6012 
3 6012 6018 6009 
3 6009 6016 6193 
3 6010 6021 6014 
3 6022 5822 6017 
3 6022 6017 6015 
3 6015 6017 6011 
3 6011 6017 6018 
3 6018 6016 6009 
3 6016 6019 6193 
3 6020 6007 5827 
3 6007 6020 6021 
3 6014 6025 6022 
3 6023 6194 6016 
3 6023 6016 6018 
3 6016 6194 6019 
3 6024 5826 5821 
3 6021 6025 6014 
3 6022 6025 5822 
3 6017 5822 5824 
3 6017 5824 6023 
3 6017 6023 6018 
3 6020 5832 6021 
3 6021 5832 6025 
3 6025 5829 5822 
3 6023 5824 5823 
3 6023 5823 6194 
3 5823 6338 6194 
3 6024 6026 5826 
3 5823 6027 6338 
3 6026 6028 5826 
3 6020 5831 5832 
3 6025 5832 5828 
3 6025 5828 5829 
3 5834 6029 6027 
3 5834 5840 6029 
3 6031 6029 5840 
3 6030 6197 5838 
3 5840 5841 6342 
3 6198 5841 5642 
3 6199 5643 5838 
3 5843 6198 5644 
3 6199 6346 5646 
3 6201 5843 6032 
3 6346 6033 5646 
3 6201 6032 6349 
3 6033 5297 5646 
3 6349 5844 6202 
3 6034 5297 6035 
3 6035 5297 6033 
3 6202 5844 5648 
3 6205 6034 6035 
3 6202 5648 6203 
3 6036 6034 6205 
3 6037 6206 5656 
3 6037 5656 6209 
3 4945 6036 6208 
3 6039 5846 6208 
3 5656 5845 6209 
3 6209 5845 6038 
3 5847 5846 6039 
3 5847 6039 6040 
3 6041 5847 6040 
3 5845 6042 6038 
3 6213 5849 6041 
3 5847 6041 5848 
3 6043 5849 6213 
3 5850 5849 6043 
3 5851 5664 6046 
3 6044 5663 5850 
3 6046 5664 6045 
3 5665 5663 6044 
3 6225 5852 6044 
3 5852 5665 6044 
3 6046 6045 5853 
3 5854 5667 6047 
3 6227 5853 6048 
3 6048 5853 5673 
3 5855 6228 5856 
3 6049 5856 6228 
3 6049 5857 5856 
3 6048 5858 6050 
3 6051 5857 6049 
3 6051 6052 6053 
3 5858 6054 6050 
3 6230 6054 5860 
3 5859 6055 5676 
3 6055 6056 5676 
3 6230 5860 5861 
3 6057 5676 6056 
3 5861 6058 6230 
3 5862 5676 6057 
3 6231 5862 6057 
3 6232 5862 6231 
3 6232 5680 5862 
3 5680 6232 6059 
3 6058 6060 6061 
3 6238 5863 6236 
3 6060 5006 6061 
3 6238 5864 5863 
3 6061 6062 6235 
3 6061 5006 6062 
3 6235 6062 6378 
3 5864 6238 5865 
3 6238 6063 5865 
3 6063 5389 5865 
3 6062 5682 6378 
3 6239 6378 5682 
3 5389 6063 6065 
3 6063 6240 6065 
3 5394 6065 6066 
3 6065 6241 6066 
3 6064 6067 6242 
3 6066 6244 5866 
3 6245 6068 6244 
3 6244 6068 5866 
3 6070 6068 6245 
3 5867 6069 6067 
3 6070 5868 6068 
3 5869 5868 6070 
3 5867 5685 6069 
3 6069 5685 6071 
3 6071 5685 5871 
3 6073 5872 5870 
3 6247 6072 6075 
3 6073 5873 5872 
3 6074 6073 6389 
3 6074 5873 6073 
3 5873 6074 5429 
3 6249 5429 6074 
3 6249 6076 5429 
3 5686 5429 6076 
3 6078 5686 6076 
3 5686 6078 5687 
3 6078 5875 5687 
3 6080 5876 5875 
3 5876 6080 6081 
3 6077 5689 6079 
3 5689 5878 6082 
3 5877 6081 6252 
3 6083 5691 5877 
3 5691 6083 6084 
3 6084 6085 5880 
3 6085 5456 5880 
3 5456 6085 6087 
3 5881 6087 5882 
3 6257 5882 6087 
3 6258 5882 6257 
3 5882 6258 5883 
3 6088 5883 6258 
3 5883 6088 5885 
3 5704 6090 5884 
3 5885 6088 5887 
3 6088 6089 5887 
3 6261 5887 6089 
3 6261 5888 5887 
3 5888 6261 5709 
3 6262 5709 6261 
3 5709 6262 5889 
3 6262 6264 5889 
3 6092 5889 6264 
3 6092 5890 5889 
3 6263 6091 5891 
3 6093 5892 6266 
3 6266 5892 6092 
3 6092 5892 5890 
3 6094 5714 6093 
3 5891 5716 6095 
3 5715 5714 6094 
3 5715 6094 6268 
3 5894 5715 6268 
3 6095 5716 6269 
3 6096 5895 5894 
3 5895 6096 5896 
3 6097 5896 6096 
3 6269 5718 6545 
3 6545 5718 6098 
3 5719 6097 6099 
3 5721 6099 6270 
3 6101 5724 5897 
3 5723 5899 6271 
3 5898 6420 6273 
3 5900 6273 6103 
3 5900 6103 5902 
3 6274 5901 6104 
3 5903 6105 6106 
3 6107 5727 6278 
3 6278 5727 5903 
3 6276 5905 6108 
3 5729 5727 6107 
3 6108 5905 6279 
3 6109 5904 5729 
3 6279 5730 6110 
3 5905 5730 6279 
3 5907 5906 5908 
3 5908 5906 6111 
3 5908 6111 5910 
3 6112 5736 5910 
3 6112 6287 5736 
3 6287 6288 5913 
3 6287 5913 5738 
3 6289 6286 5912 
3 6288 6114 5913 
3 6288 6291 6114 
3 6291 5743 6114 
3 5743 6295 5744 
3 6292 5914 6115 
3 6295 6117 5744 
3 6115 6119 6120 
3 5914 6119 6115 
3 6117 6116 5915 
3 5915 6118 6121 
3 6120 6119 6123 
3 6123 6119 5917 
3 5918 6296 6297 
3 6121 6296 5918 
3 6122 6123 5917 
3 6297 5919 5918 
3 6122 5917 5920 
3 6122 5920 6299 
3 5919 6124 5748 
3 6124 5752 5748 
3 6301 5752 6124 
3 5920 5922 6299 
3 5752 6301 6125 
3 6299 5922 6303 
3 6303 5922 6126 
3 5922 5925 6126 
3 6125 6127 5924 
3 6125 5924 5923 
3 6127 6128 5924 
3 6126 5927 6305 
3 6443 5928 6128 
3 6128 5928 5926 
3 6305 5927 6306 
3 6443 6444 5928 
3 5929 5760 6307 
3 6307 5760 6131 
3 6129 6130 5759 
3 5930 6447 6131 
3 6308 5932 6130 
3 5930 5933 6448 
3 5933 6309 6448 
3 6133 5934 6132 
3 6132 5764 5932 
3 6309 5933 6134 
3 5765 6134 5933 
3 5934 6313 5936 
3 6134 5765 5576 
3 6134 5576 6136 
3 6137 6135 6136 
3 6135 6137 6314 
3 6312 6316 6313 
3 6136 5576 5935 
3 6136 5935 6137 
3 5938 6311 6314 
3 5938 6317 6311 
3 5940 6316 6315 
3 6316 5941 6313 
3 6313 5941 5936 
3 6314 6137 5938 
3 5939 6317 5938 
3 5939 5940 6317 
3 5938 6137 5579 
3 5600 6140 6141 
3 6141 6319 5600 
3 5778 6319 6142 
3 5947 5778 6142 
3 5947 6142 6321 
3 5948 5947 6321 
3 5948 6321 6458 
3 5949 5948 6458 
3 6322 5952 6323 
3 5946 5952 6322 
3 5946 6322 6139 
3 5252 5949 6143 
3 6145 5960 6149 
3 5952 6145 6323 
3 5955 6148 6144 
3 5955 5958 6148 
3 6144 5956 5955 
3 5960 5784 6149 
3 6147 6600 5785 
3 6153 6148 5958 
3 6144 6150 5956 
3 6462 6149 5784 
3 5962 5963 6152 
3 5958 5962 6152 
3 6153 5958 6152 
3 6144 6155 6150 
3 5784 6156 6462 
3 6151 6154 5961 
3 6153 6161 6160 
3 6153 6160 6148 
3 6148 6160 6155 
3 6148 6155 6144 
3 5963 5965 6158 
3 6152 5963 6158 
3 6159 6152 6158 
3 6152 6159 6157 
3 6152 6157 6153 
3 6153 6157 6161 
3 6155 6165 6162 
3 6155 6162 6150 
3 6325 5612 6154 
3 6158 5965 5968 
3 6160 6165 6155 
3 5966 6464 6156 
3 5970 5612 6325 
3 5970 5615 5612 
3 6158 5968 6166 
3 6167 6158 6166 
3 6158 6167 6159 
3 6159 6167 6157 
3 6161 6164 6160 
3 6160 6164 6165 
3 6166 6170 6167 
3 6167 6168 6157 
3 6157 6168 6163 
3 6157 6163 6161 
3 6161 6163 6164 
3 6165 5969 6162 
3 6166 5968 6174 
3 6170 6171 6167 
3 6163 6175 6164 
3 5966 5978 6172 
3 6464 5966 6172 
3 6170 6166 6174 
3 6167 6171 6168 
3 6164 6175 6176 
3 6164 6176 6165 
3 6165 5976 5969 
3 6163 6168 6175 
3 6176 5976 6165 
3 6183 6174 5979 
3 6174 6183 6170 
3 6171 6184 6168 
3 6176 6177 5976 
3 5982 6169 6173 
3 6183 6179 6170 
3 6170 6179 6171 
3 6183 5979 6182 
3 6179 6184 6171 
3 6168 6185 6175 
3 6175 6185 6180 
3 6175 6180 6176 
3 6176 6180 6177 
3 5986 6178 5808 
3 6168 6184 6185 
3 6186 6178 5986 
3 6183 6182 6189 
3 6183 6189 6179 
3 6184 6179 5999 
3 6184 5999 6187 
3 6184 6187 6185 
3 5814 6181 5995 
3 6181 6330 5995 
3 6185 6187 6188 
3 6185 5992 6180 
3 6185 6188 5992 
3 5997 6331 6186 
3 6189 6191 6179 
3 6187 5999 6188 
3 5996 6001 6190 
3 5996 6190 5997 
3 6190 6331 5997 
3 5995 6006 5816 
3 6179 6191 5999 
3 6190 6001 6333 
3 5999 6191 6008 
3 6001 6193 6333 
3 6006 6192 6013 
3 6336 6013 6473 
3 6336 5821 6013 
3 6019 6335 6193 
3 6019 6194 6476 
3 5821 6336 6024 
3 6338 6027 6480 
3 6027 6029 6480 
3 6026 6340 6028 
3 6028 6340 6030 
3 6196 6030 6340 
3 6029 6031 6195 
3 6197 6030 6196 
3 6031 5840 6342 
3 6197 6343 5838 
3 6342 5841 6344 
3 6344 5841 6198 
3 5838 6343 6199 
3 6198 5843 6489 
3 5843 6201 6489 
3 6346 6200 6033 
3 6200 6492 6033 
3 6348 6035 6033 
3 6035 6350 6205 
3 6202 6203 6351 
3 6351 6203 6352 
3 6207 6036 6205 
3 6203 6206 6352 
3 6206 6037 6353 
3 6207 6208 6036 
3 6209 6353 6037 
3 6210 6040 6039 
3 6211 6040 6210 
3 6041 6040 6211 
3 6212 6041 6211 
3 6038 6042 6220 
3 6041 6212 6213 
3 6042 5851 6220 
3 6215 6214 6216 
3 6213 6214 6215 
3 6043 6213 6215 
3 5850 6043 6217 
3 6217 6043 6215 
3 6218 6216 6219 
3 6215 6216 6218 
3 6217 6215 6218 
3 6223 6218 6219 
3 6044 5850 6217 
3 6221 6044 6217 
3 6221 6217 6218 
3 6218 6223 6222 
3 6221 6218 6222 
3 6224 6222 6223 
3 5851 6046 6220 
3 6225 6044 6221 
3 6225 6221 6222 
3 6222 6224 6226 
3 6225 6222 6226 
3 6220 6046 6362 
3 5667 5852 6047 
3 6047 5852 6225 
3 6047 6225 6226 
3 6046 5853 6362 
3 6366 6047 6363 
3 5854 6047 6366 
3 6362 5853 6227 
3 6049 6228 6502 
3 6227 6050 6367 
3 6227 6048 6050 
3 6368 6051 6049 
3 6050 6229 6367 
3 6051 6368 6052 
3 6050 6054 6229 
3 6370 6053 6052 
3 6370 6055 6053 
3 6054 6230 6229 
3 6056 6055 6370 
3 6056 6231 6057 
3 6232 6231 6375 
3 6234 6232 6375 
3 6234 6059 6232 
3 6233 6061 6373 
3 6058 6061 6233 
3 6234 5863 6059 
3 6234 6376 5863 
3 6236 5863 6376 
3 6238 6236 6237 
3 5682 6064 6239 
3 6241 6065 6240 
3 6239 6064 6242 
3 6241 6243 6066 
3 6066 6243 6244 
3 6242 6067 6069 
3 6384 5869 6070 
3 6384 6387 5869 
3 6387 5870 5869 
3 5871 6072 6071 
3 6071 6072 6246 
3 5870 6387 6073 
3 6246 6072 6247 
3 6248 6074 6389 
3 6249 6074 6248 
3 6247 6075 6525 
3 6075 5874 6525 
3 6249 6391 6076 
3 6391 6392 6076 
3 6525 5874 6077 
3 6394 6078 6076 
3 6525 6077 6079 
3 6078 6250 5875 
3 6250 6080 5875 
3 6079 5689 6251 
3 6250 6396 6080 
3 6396 6081 6080 
3 6251 6082 6397 
3 6251 5689 6082 
3 6396 6252 6081 
3 6397 6082 6400 
3 6253 5877 6252 
3 6400 6082 5879 
3 6083 6253 6399 
3 6253 6083 5877 
3 6400 5879 6255 
3 6401 6085 6083 
3 6085 6084 6083 
3 6254 6085 6401 
3 6256 6085 6254 
3 6087 6085 6256 
3 5879 6086 6255 
3 6258 6257 6256 
3 6256 6257 6087 
3 6255 6086 5884 
3 6259 6088 6258 
3 6089 6088 6259 
3 6260 6089 6259 
3 6407 5884 6090 
3 6260 6261 6089 
3 6262 6261 6260 
3 6090 6263 6407 
3 6264 6262 6662 
3 6090 6091 6263 
3 6092 6264 6266 
3 6264 6265 6266 
3 6267 6093 6266 
3 6263 5891 6411 
3 6411 5891 6095 
3 6093 6267 6094 
3 6267 6268 6094 
3 5894 6268 6096 
3 6268 6412 6096 
3 6097 6096 6413 
3 6098 6100 6414 
3 6097 6415 6099 
3 6415 6546 6099 
3 6414 6100 6669 
3 6099 6546 6270 
3 6100 6417 6669 
3 6418 5897 6270 
3 6418 6101 5897 
3 6271 6100 5723 
3 6271 6417 6100 
3 6420 6101 6418 
3 6271 5899 6102 
3 6272 6102 6274 
3 6273 6421 6103 
3 6102 5901 6274 
3 6274 6104 6275 
3 6106 5902 6554 
3 5726 5902 6106 
3 5726 6106 6105 
3 6275 6104 6276 
3 6277 5903 6106 
3 6278 5903 6277 
3 6280 5729 6107 
3 6109 5729 6280 
3 6558 6110 6282 
3 6279 6110 6558 
3 6281 6109 6280 
3 6281 5906 6109 
3 6282 6110 6283 
3 6281 6111 5906 
3 6283 5733 6427 
3 6112 6111 6284 
3 5910 6111 6112 
3 6284 6285 6112 
3 6427 5733 5734 
3 6427 6113 6286 
3 5734 6113 6427 
3 6285 6287 6112 
3 6285 6429 6287 
3 6429 6288 6287 
3 6565 6286 6289 
3 6565 6289 6290 
3 6289 6292 6290 
3 6432 6295 6293 
3 6293 5743 6291 
3 6293 6295 5743 
3 6290 6292 6294 
3 6294 6292 6115 
3 6295 6116 6117 
3 6433 6116 6295 
3 6116 6118 5915 
3 6118 6296 6121 
3 6120 6123 6434 
3 6434 6123 6298 
3 6297 6435 5919 
3 6123 6122 6298 
3 6298 6299 6437 
3 6298 6122 6299 
3 6435 6124 5919 
3 6300 6124 6435 
3 6302 6301 6300 
3 6300 6301 6124 
3 6303 6126 6574 
3 6304 6127 6125 
3 6574 6126 6305 
3 6128 6578 6443 
3 6441 6305 6306 
3 6441 6306 5929 
3 6444 6129 5928 
3 6444 6308 6130 
3 6444 6130 6129 
3 6307 6131 6582 
3 6582 6131 6447 
3 6445 5932 6308 
3 5930 6448 6446 
3 6449 6132 6445 
3 6445 6132 5932 
3 6132 6449 6133 
3 6309 6134 6587 
3 6133 6310 5934 
3 6136 6135 6452 
3 6312 6310 6451 
3 6135 6311 6452 
3 6455 6315 6312 
3 6312 6313 6310 
3 6310 6313 5934 
3 6311 6135 6314 
3 6317 6318 6456 
3 6315 6455 6318 
3 6315 6316 6312 
3 6318 5940 6315 
3 6318 6317 5940 
3 6138 6139 6320 
3 6140 6138 6320 
3 6141 6140 6320 
3 6141 6320 6592 
3 6319 6141 6592 
3 6142 6319 6457 
3 6321 6142 6457 
3 6320 6139 6459 
3 6459 6139 6322 
3 5949 6461 6143 
3 6146 6143 6461 
3 6323 6145 6149 
3 6599 6147 6146 
3 6147 6599 6600 
3 6151 6463 6154 
3 6462 6156 6727 
3 6325 6154 6324 
3 6156 6464 6727 
3 6326 5970 6325 
3 5970 6326 5973 
3 6326 6327 5973 
3 6464 6172 6328 
3 6173 5973 6327 
3 6173 6169 5973 
3 6178 6329 6328 
3 6178 6328 6172 
3 6466 5982 6173 
3 6606 5982 6466 
3 6606 6181 5982 
3 6178 6468 6329 
3 6178 6186 6468 
3 6330 6181 6606 
3 6468 6186 6331 
3 6332 6468 6331 
3 6469 5995 6330 
3 6471 6190 6333 
3 6190 6471 6331 
3 6471 6332 6331 
3 5995 6469 6006 
3 6472 6006 6469 
3 6006 6472 6192 
3 6473 6013 6192 
3 6334 6335 6474 
3 6193 6335 6334 
3 6333 6193 6334 
3 6019 6476 6335 
3 6336 6337 6024 
3 6476 6338 6481 
3 6024 6337 6026 
3 6337 6339 6026 
3 6476 6194 6338 
3 6026 6339 6340 
3 6480 6481 6338 
3 6480 6029 6195 
3 6031 6341 6195 
3 6341 6031 6342 
3 6197 6486 6343 
3 6344 6615 6342 
3 6345 6343 6487 
3 6345 6199 6343 
3 6344 6198 6617 
3 6489 6617 6198 
3 6346 6199 6345 
3 6200 6346 6347 
3 6623 6201 6349 
3 6348 6033 6492 
3 6494 6035 6493 
3 6035 6348 6493 
3 6349 6202 6351 
3 6204 6205 6350 
3 6207 6205 6204 
3 6352 6206 6353 
3 6354 6208 6207 
3 6353 6209 6497 
3 6210 6039 6354 
3 6354 6039 6208 
3 6209 6038 6497 
3 6356 6211 6355 
3 6355 6211 6210 
3 6497 6038 6357 
3 6211 6356 6212 
3 6214 6212 6356 
3 6038 6220 6357 
3 6213 6212 6214 
3 6216 6214 6358 
3 6359 6216 6358 
3 6357 6220 6498 
3 6219 6216 6359 
3 6223 6219 6360 
3 6360 6219 6359 
3 6498 6220 6362 
3 6224 6223 6361 
3 6361 6223 6360 
3 6226 6224 6363 
3 6047 6226 6363 
3 6366 6363 6499 
3 6364 6499 6363 
3 6365 6362 6227 
3 6365 6227 6501 
3 6366 6499 6502 
3 6228 5854 6366 
3 6502 6228 6366 
3 6501 6227 6367 
3 6368 6049 6630 
3 6369 6052 6368 
3 6504 6229 6230 
3 6370 6052 6369 
3 6504 6230 6371 
3 6506 6056 6370 
3 6371 6230 6058 
3 6371 6233 6372 
3 6058 6233 6371 
3 6056 6506 6231 
3 6372 6233 6510 
3 6510 6233 6373 
3 6231 6509 6375 
3 6234 6375 6511 
3 6061 6374 6373 
3 6235 6374 6061 
3 6377 6236 6376 
3 6236 6377 6237 
3 6235 6378 6513 
3 6513 6378 6379 
3 6063 6238 6237 
3 6514 6063 6237 
3 6379 6378 6239 
3 6514 6240 6063 
3 6514 6515 6240 
3 6515 6241 6240 
3 6239 6516 6379 
3 6516 6239 6380 
3 6643 6241 6515 
3 6239 6242 6380 
3 6643 6243 6241 
3 6243 6382 6244 
3 6242 6517 6380 
3 6244 6382 6245 
3 6382 6518 6245 
3 6519 6245 6518 
3 6519 6070 6245 
3 6242 6069 6517 
3 6519 6383 6070 
3 6517 6069 6386 
3 6385 6384 6383 
3 6383 6384 6070 
3 6069 6071 6386 
3 6071 6246 6386 
3 6387 6384 6385 
3 6521 6073 6387 
3 6073 6521 6389 
3 6246 6247 6388 
3 6526 6388 6247 
3 6524 6249 6248 
3 6527 6390 6524 
3 6524 6390 6249 
3 6391 6390 6527 
3 6528 6392 6391 
3 6390 6391 6249 
3 6394 6076 6392 
3 6530 6393 6529 
3 6393 6525 6079 
3 6393 6079 6529 
3 6078 6394 6395 
3 6395 6250 6078 
3 6529 6079 6251 
3 6653 6396 6395 
3 6396 6250 6395 
3 6251 6397 6532 
3 6252 6396 6531 
3 6252 6531 6253 
3 6531 6398 6253 
3 6253 6398 6399 
3 6399 6401 6083 
3 6400 6255 6403 
3 6402 6254 6401 
3 6404 6254 6402 
3 6404 6256 6254 
3 6256 6404 6258 
3 6404 6405 6258 
3 6403 6255 6406 
3 6255 5884 6406 
3 6258 6405 6259 
3 6405 6537 6259 
3 6406 5884 6538 
3 6537 6408 6259 
3 6538 5884 6407 
3 6259 6408 6260 
3 6662 6260 6408 
3 6662 6262 6260 
3 6407 6263 6409 
3 6410 6264 6662 
3 6265 6264 6410 
3 6409 6263 6411 
3 6266 6265 6267 
3 6265 6541 6267 
3 6267 6541 6268 
3 6412 6268 6544 
3 6269 6542 6095 
3 6543 6542 6269 
3 6543 6269 6545 
3 6096 6412 6413 
3 6097 6413 6415 
3 6413 6789 6415 
3 6414 6545 6098 
3 6546 6416 6270 
3 6416 6418 6270 
3 6417 6271 6549 
3 6550 6420 6418 
3 6271 6102 6419 
3 6419 6102 6272 
3 6421 6273 6420 
3 6274 6551 6272 
3 5902 6103 6421 
3 6274 6275 6551 
3 6555 6106 6554 
3 6422 6275 6276 
3 6422 6276 6423 
3 6423 6276 6108 
3 6423 6108 6424 
3 6424 6108 6556 
3 6425 6278 6277 
3 6108 6279 6556 
3 6556 6279 6558 
3 6280 6107 6278 
3 6280 6278 6425 
3 6282 6283 6426 
3 6281 6560 6561 
3 6560 6281 6280 
3 6111 6281 6561 
3 6426 6283 6427 
3 6111 6561 6682 
3 6284 6111 6682 
3 6683 6284 6682 
3 6285 6683 6563 
3 6683 6285 6284 
3 6562 6427 6286 
3 6285 6563 6429 
3 6562 6286 6565 
3 6428 6430 6288 
3 6428 6288 6429 
3 6430 6431 6566 
3 6430 6291 6288 
3 6430 6293 6291 
3 6566 6293 6430 
3 6566 6432 6293 
3 6432 6433 6295 
3 6294 6115 6569 
3 6296 6118 6568 
3 6568 6118 6116 
3 6568 6116 6433 
3 6569 6115 6120 
3 6569 6120 6434 
3 6434 6298 6696 
3 6436 6300 6435 
3 6436 6438 6300 
3 6300 6438 6302 
3 6573 6439 6438 
3 6438 6439 6302 
3 6302 6439 6301 
3 6301 6439 6125 
3 6437 6303 6574 
3 6299 6303 6437 
3 6440 6304 6439 
3 6439 6304 6125 
3 6304 6577 6127 
3 6703 6305 6579 
3 6574 6305 6703 
3 6577 6578 6127 
3 6127 6578 6128 
3 6305 6441 6579 
3 6441 5929 6442 
3 6581 6443 6578 
3 6442 5929 6307 
3 6444 6443 6581 
3 6444 6707 6445 
3 6444 6445 6308 
3 6582 6447 6446 
3 6445 6707 6449 
3 5930 6446 6447 
3 6584 6448 6587 
3 6448 6309 6587 
3 6450 6310 6133 
3 6450 6133 6449 
3 6591 6451 6450 
3 6450 6451 6310 
3 6587 6134 6136 
3 6587 6136 6452 
3 6590 6455 6591 
3 6455 6312 6591 
3 6591 6312 6451 
3 6453 6452 6311 
3 6456 6453 6311 
3 6456 6318 6454 
3 6454 6318 6455 
3 6456 6311 6317 
3 6319 6592 6594 
3 6457 6319 6594 
3 6321 6457 6595 
3 6458 6321 6595 
3 6322 6323 6460 
3 6322 6460 6459 
3 6459 6593 6320 
3 5949 6458 6461 
3 6460 6323 6597 
3 6597 6323 6149 
3 6146 6461 6598 
3 6599 6146 6598 
3 6149 6726 6725 
3 6463 6151 6600 
3 6149 6462 6726 
3 6324 6154 6463 
3 6462 6727 6726 
3 6326 6325 6324 
3 6327 6326 6602 
3 6464 6328 6603 
3 6327 6465 6173 
3 6173 6465 6466 
3 6329 6605 6328 
3 6329 6467 6843 
3 6467 6468 6608 
3 6329 6468 6467 
3 6332 6608 6468 
3 6610 6469 6609 
3 6471 6470 6332 
3 6470 6608 6332 
3 6471 6334 6474 
3 6333 6334 6471 
3 6610 6472 6469 
3 6612 6473 6472 
3 6473 6192 6472 
3 6474 6335 6475 
3 6473 6478 6336 
3 6476 6475 6335 
3 6476 6477 6475 
3 6337 6478 6479 
3 6337 6336 6478 
3 6477 6476 6481 
3 6481 6480 6482 
3 6339 6483 6340 
3 6484 6340 6483 
3 6482 6195 6852 
3 6195 6482 6480 
3 6195 6341 6852 
3 6484 6196 6340 
3 6485 6196 6484 
3 6341 6342 6613 
3 6197 6196 6485 
3 6486 6197 6485 
3 6613 6342 6615 
3 6487 6343 6486 
3 6344 6617 6615 
3 6488 6345 6487 
3 6345 6488 6346 
3 6490 6617 6489 
3 6346 6488 6347 
3 6619 6200 6347 
3 6490 6489 6201 
3 6619 6491 6200 
3 6491 6492 6200 
3 6492 6493 6348 
3 6623 6349 6351 
3 6495 6204 6494 
3 6494 6204 6350 
3 6494 6350 6035 
3 6204 6495 6496 
3 6496 6207 6204 
3 6496 6354 6207 
3 6497 6357 6864 
3 6498 6362 6365 
3 6501 6367 6631 
3 6630 6049 6502 
3 6367 6229 6631 
3 6632 6368 6630 
3 6631 6504 6503 
3 6631 6229 6504 
3 6369 6368 6632 
3 6505 6370 6369 
3 6506 6370 6505 
3 6507 6371 6372 
3 6509 6231 6506 
3 6511 6375 6509 
3 6374 6510 6373 
3 6511 6512 6234 
3 6376 6234 6512 
3 6377 6376 6512 
3 6374 6235 6636 
3 6640 6237 6377 
3 6760 6636 6513 
3 6636 6235 6513 
3 6514 6237 6640 
3 6513 6379 6516 
3 6642 6515 6514 
3 6643 6515 6762 
3 6382 6243 6643 
3 6381 6516 6380 
3 6381 6517 6645 
3 6380 6517 6381 
3 6646 6518 6382 
3 6385 6519 6647 
3 6385 6383 6519 
3 6385 6520 6387 
3 6386 6246 6522 
3 6520 6521 6387 
3 6523 6521 6766 
3 6246 6388 6522 
3 6389 6521 6523 
3 6522 6388 6526 
3 6389 6523 6248 
3 6247 6525 6526 
3 6770 6527 6524 
3 6523 6524 6248 
3 6526 6393 6769 
3 6525 6393 6526 
3 6391 6527 6528 
3 6528 6394 6392 
3 6650 6394 6771 
3 6771 6394 6528 
3 6650 6395 6394 
3 6530 6529 6251 
3 6530 6251 6532 
3 6395 6650 6653 
3 6653 6531 6396 
3 6397 6655 6532 
3 6655 6397 6533 
3 6397 6400 6533 
3 6657 6533 6403 
3 6399 6398 6534 
3 6533 6400 6403 
3 6401 6399 6534 
3 6777 6401 6534 
3 6402 6401 6777 
3 6659 6404 6402 
3 6536 6404 6659 
3 6405 6404 6536 
3 6535 6406 6538 
3 6403 6406 6535 
3 6537 6536 6660 
3 6537 6405 6536 
3 6538 6407 6661 
3 6407 6409 6661 
3 6661 6409 6539 
3 6539 6409 6540 
3 6540 6409 6411 
3 6664 6265 6410 
3 6265 6664 6541 
3 6664 6784 6541 
3 6542 6411 6095 
3 6542 6540 6411 
3 6268 6541 6544 
3 6544 6413 6412 
3 6414 6543 6545 
3 6543 6414 6667 
3 6667 6414 6669 
3 6415 6789 6546 
3 6416 6546 6893 
3 6669 6417 6548 
3 6417 6549 6548 
3 6416 6671 6418 
3 6550 6418 6671 
3 6549 6271 6419 
3 6420 6550 6552 
3 6419 6272 6551 
3 6552 6421 6420 
3 5902 6421 6674 
3 6551 6275 6553 
3 6674 6794 5902 
3 6553 6275 6422 
3 6554 5902 6794 
3 6678 6277 6106 
3 6678 6106 6555 
3 6425 6277 6678 
3 6556 6558 6557 
3 6557 6558 6282 
3 6280 6425 6559 
3 6557 6282 6426 
3 6560 6280 6559 
3 6561 6560 6679 
3 6426 6427 6801 
3 6801 6427 6562 
3 6563 6428 6429 
3 6562 6565 6564 
3 6431 6430 6428 
3 6566 6431 6687 
3 6565 6290 6685 
3 6685 6290 6688 
3 6433 6432 6567 
3 6687 6567 6566 
3 6567 6432 6566 
3 6294 6688 6290 
3 6691 6568 6690 
3 6690 6568 6433 
3 6691 6570 6568 
3 6568 6570 6296 
3 6570 6297 6296 
3 6693 6435 6297 
3 6569 6434 6694 
3 6693 6436 6435 
3 6694 6434 6696 
3 6695 6571 6436 
3 6696 6298 6572 
3 6571 6438 6436 
3 6571 6573 6438 
3 6572 6437 6697 
3 6298 6437 6572 
3 6698 6440 6573 
3 6573 6440 6439 
3 6697 6437 6574 
3 6697 6574 6575 
3 6698 6576 6440 
3 6440 6576 6304 
3 6576 6577 6304 
3 6574 6703 6575 
3 6577 6580 6578 
3 6705 6441 6442 
3 6579 6441 6705 
3 6580 6581 6578 
3 6707 6444 6581 
3 6582 6446 6583 
3 6710 6449 6707 
3 6449 6710 6585 
3 6446 6448 6584 
3 6585 6450 6449 
3 6588 6714 6452 
3 6452 6714 6587 
3 6591 6713 6590 
3 6586 6713 6591 
3 6586 6450 6585 
3 6588 6452 6453 
3 6453 6456 6588 
3 6456 6716 6588 
3 6586 6591 6450 
3 6589 6716 6454 
3 6454 6716 6456 
3 6589 6454 6590 
3 6590 6454 6455 
3 6320 6593 6592 
3 6457 6594 6718 
3 6595 6457 6718 
3 6593 6459 6460 
3 6458 6595 6596 
3 6461 6458 6596 
3 6597 6149 6725 
3 6599 6723 6600 
3 6724 6463 6600 
3 6728 6326 6324 
3 6463 6728 6324 
3 6727 6464 6601 
3 6602 6326 6728 
3 6601 6464 6603 
3 6602 6465 6327 
3 6605 6603 6328 
3 6604 6603 6605 
3 6842 6465 6730 
3 6842 6466 6465 
3 6843 6605 6329 
3 6842 6607 6466 
3 6843 6467 6844 
3 6607 6330 6606 
3 6607 6609 6330 
3 6609 6469 6330 
3 6470 6732 6608 
3 6611 6472 6610 
3 6470 6474 6733 
3 6470 6471 6474 
3 6472 6611 6612 
3 6475 6733 6474 
3 6478 6473 6612 
3 6478 6612 6479 
3 6735 6339 6479 
3 6479 6339 6337 
3 6849 6481 6482 
3 6483 6339 6735 
3 6341 6613 6852 
3 6614 6486 6485 
3 6614 6487 6486 
3 6854 6488 6616 
3 6616 6488 6487 
3 6618 6347 6738 
3 6347 6488 6738 
3 6738 6488 6854 
3 6620 6619 6618 
3 6618 6619 6347 
3 6621 6619 6620 
3 6491 6619 6621 
3 6490 6201 6741 
3 6622 6491 6621 
3 6622 6492 6491 
3 6857 6622 6856 
3 6201 6623 6741 
3 6493 6492 6622 
3 6857 6493 6622 
3 6351 6744 6623 
3 6624 6493 6857 
3 6494 6493 6624 
3 6495 6494 6742 
3 6351 6352 6625 
3 6496 6495 6745 
3 6496 6745 6626 
3 6626 6354 6496 
3 6748 6352 6353 
3 6748 6862 6352 
3 6497 6748 6353 
3 6864 6749 6497 
3 6357 6498 6864 
3 6750 6628 6365 
3 6628 6498 6365 
3 6365 6501 6629 
3 6751 6501 6631 
3 6502 6500 6630 
3 6753 6630 6500 
3 6866 6632 6630 
3 6633 6503 6507 
3 6503 6504 6371 
3 6503 6371 6507 
3 6869 6506 6505 
3 6372 6755 6507 
3 6755 6372 6508 
3 6506 6869 6509 
3 6508 6510 6757 
3 6372 6510 6508 
3 6634 6511 6509 
3 6635 6757 6636 
3 6637 6511 6634 
3 6757 6510 6374 
3 6757 6374 6636 
3 6511 6637 6512 
3 6638 6512 6637 
3 6638 6377 6512 
3 6377 6638 6640 
3 6760 6639 6636 
3 6641 6514 6640 
3 6642 6514 6641 
3 6513 6516 6761 
3 6642 6762 6515 
3 6382 6643 6763 
3 6646 6382 6763 
3 6645 6644 6381 
3 6764 6647 6646 
3 6646 6647 6519 
3 6646 6519 6518 
3 6517 6386 6645 
3 6386 6765 6645 
3 6765 6386 6522 
3 6520 6385 6647 
3 6520 6877 6521 
3 6521 6877 6766 
3 6767 6522 6648 
3 6522 6526 6648 
3 6649 6523 6766 
3 6524 6523 6649 
3 6770 6524 6649 
3 6648 6526 6769 
3 6770 6528 6527 
3 6769 6530 6651 
3 6393 6530 6769 
3 6771 6528 6770 
3 6651 6530 6532 
3 6652 6653 6650 
3 6654 6531 6653 
3 6398 6531 6654 
3 6656 6398 6654 
3 6533 6775 6655 
3 6534 6398 6656 
3 6657 6775 6533 
3 6534 6656 6777 
3 6657 6403 6658 
3 6403 6535 6658 
3 6659 6402 6777 
3 6535 6538 6781 
3 6660 6780 6537 
3 6781 6538 6661 
3 6408 6537 6780 
3 6662 6408 6780 
3 6663 6662 6780 
3 6410 6662 6663 
3 6664 6410 6663 
3 6540 6665 6539 
3 6544 6541 6784 
3 6665 6542 6785 
3 6540 6542 6665 
3 6785 6542 6543 
3 6785 6543 6667 
3 6413 6544 6666 
3 6668 6413 6666 
3 6789 6413 6668 
3 6667 6669 6788 
3 6788 6669 6670 
3 6893 6546 6789 
3 6669 6548 6670 
3 6416 6893 6547 
3 6670 6548 6790 
3 6790 6548 6672 
3 6672 6548 6549 
3 6416 6547 6671 
3 6549 6419 6672 
3 6672 6419 6791 
3 6791 6419 6551 
3 6791 6551 6553 
3 6674 6421 6793 
3 6553 6422 6673 
3 6673 6422 6795 
3 6554 6794 6675 
3 6422 6423 6795 
3 6423 6424 6795 
3 6554 6675 6555 
3 6795 6424 6676 
3 6424 6556 6676 
3 6678 6555 6797 
3 6676 6556 6677 
3 6556 6557 6677 
3 6559 6678 6798 
3 6678 6559 6425 
3 6901 6557 6426 
3 6560 6559 6799 
3 6560 6799 6679 
3 6561 6679 6680 
3 6682 6680 6802 
3 6561 6680 6682 
3 6801 6562 6803 
3 6802 6904 6683 
3 6802 6683 6682 
3 6904 6563 6683 
3 6564 6803 6562 
3 6563 6804 6684 
3 6565 6685 6564 
3 6684 6428 6563 
3 6684 6686 6431 
3 6684 6431 6428 
3 6687 6686 6806 
3 6686 6687 6431 
3 6807 6567 6687 
3 6567 6808 6690 
3 6567 6690 6433 
3 6808 6691 6690 
3 6688 6294 6809 
3 6294 6569 6809 
3 6570 6693 6297 
3 6691 6693 6570 
3 6692 6695 6693 
3 6695 6436 6693 
3 6813 6573 6571 
3 6816 6698 6813 
3 6813 6698 6573 
3 6700 6698 6699 
3 6697 6575 6817 
3 6700 6576 6698 
3 6700 6819 6576 
3 6576 6819 6577 
3 6575 6703 6820 
3 6702 6701 6819 
3 6819 6701 6577 
3 6702 6821 6701 
3 6820 6579 6705 
3 6703 6579 6820 
3 6821 6704 6701 
3 6704 6580 6701 
3 6701 6580 6577 
3 6704 6822 6580 
3 6705 6442 6706 
3 6708 6581 6580 
3 6708 6707 6581 
3 6706 6442 6307 
3 6706 6582 6709 
3 6307 6582 6706 
3 6707 6824 6710 
3 6582 6583 6709 
3 6711 6583 6446 
3 6711 6584 6828 
3 6446 6584 6711 
3 6825 6713 6712 
3 6712 6713 6586 
3 6712 6586 6585 
3 6712 6585 6710 
3 6714 6828 6584 
3 6829 6715 6713 
3 6714 6584 6587 
3 6714 6588 6832 
3 6588 6833 6832 
3 6716 6833 6588 
3 6716 6589 6717 
3 6717 6589 6715 
3 6713 6715 6590 
3 6715 6589 6590 
3 6592 6593 6835 
3 6594 6592 6835 
3 6594 6835 6834 
3 6718 6594 6834 
3 6595 6718 6930 
3 6593 6460 6931 
3 6595 6930 6719 
3 6596 6595 6719 
3 6596 6719 6720 
3 6720 6461 6596 
3 6836 6460 6597 
3 6836 6931 6460 
3 6461 6720 6598 
3 6598 6720 6721 
3 6837 6598 6721 
3 6837 6599 6598 
3 6722 6597 6725 
3 6722 6836 6597 
3 6599 6837 6723 
3 6600 6723 6724 
3 6463 6839 6728 
3 6727 6601 6726 
3 6601 6603 6840 
3 6840 6603 6604 
3 6465 6602 6729 
3 6730 6465 6729 
3 6606 6466 6607 
3 6467 6608 6945 
3 6610 6609 6845 
3 6731 6610 6845 
3 6732 6846 6608 
3 6731 6611 6610 
3 6612 6611 6731 
3 6847 6479 6946 
3 6946 6479 6612 
3 6947 6475 6477 
3 6947 6734 6475 
3 6477 6849 6947 
3 6735 6479 6847 
3 6477 6481 6849 
3 6849 6482 6948 
3 6948 6482 6852 
3 6850 6484 6483 
3 6736 6484 6850 
3 7041 6852 6613 
3 6485 6484 6736 
3 6614 6485 6736 
3 6614 6616 6487 
3 6738 6739 6618 
3 6618 6739 6620 
3 6739 6740 6620 
3 6621 6620 6740 
3 6741 6623 6744 
3 6624 6742 6494 
3 6743 6495 6742 
3 6743 6859 6745 
3 6746 6745 6859 
3 6744 6351 6625 
3 6745 6495 6743 
3 6747 6627 6746 
3 6627 6626 6746 
3 6746 6626 6745 
3 6748 6497 6749 
3 6748 6749 6863 
3 6749 6864 6958 
3 6864 6498 6628 
3 6750 6365 6629 
3 6501 6751 6629 
3 6751 6631 6865 
3 6866 6753 6754 
3 6866 6630 6753 
3 6865 6631 6503 
3 6865 6503 6633 
3 6632 6868 6369 
3 6868 6505 6369 
3 6869 6505 6868 
3 6633 6507 6755 
3 6756 6509 6869 
3 6509 6756 6634 
3 6758 6638 6966 
3 6966 6638 6637 
3 6635 6636 6639 
3 6641 6638 6758 
3 6640 6638 6641 
3 6759 6760 6871 
3 6760 6513 6871 
3 6872 6642 6641 
3 6871 6513 6761 
3 6642 6872 6762 
3 6762 6763 6643 
3 6761 6644 6874 
3 6381 6644 6761 
3 6516 6381 6761 
3 6764 6646 6763 
3 6876 6520 6647 
3 6876 6877 6520 
3 6878 6765 6522 
3 6522 6767 6878 
3 6768 6770 6649 
3 6648 6769 6767 
3 6880 6769 6772 
3 6769 6651 6772 
3 6652 6650 6771 
3 6651 6532 6772 
3 6773 6772 6774 
3 6882 6653 6652 
3 6772 6532 6774 
3 6774 6532 6655 
3 6654 6653 6882 
3 6774 6655 6775 
3 6656 6654 6882 
3 6775 6657 6776 
3 6888 6777 6885 
3 6885 6777 6656 
3 6778 6657 6658 
3 6888 6659 6777 
3 6779 6658 6535 
3 6659 6660 6536 
3 6535 6781 6779 
3 6779 6781 6984 
3 6660 6889 6780 
3 6982 6780 6889 
3 6661 6782 6781 
3 6661 6539 6782 
3 6663 6780 6982 
3 6982 6783 6663 
3 6782 6539 6665 
3 6783 6664 6663 
3 6664 6783 6784 
3 6665 6785 6786 
3 6786 6785 6787 
3 6787 6785 6667 
3 6787 6667 6788 
3 6788 6670 6987 
3 6987 6670 6894 
3 6894 6670 6790 
3 6990 6550 6671 
3 6672 6791 6790 
3 6552 6550 6990 
3 6791 6553 6792 
3 6793 6552 6990 
3 6421 6552 6793 
3 6792 6553 6673 
3 6898 6674 6793 
3 6792 6673 6897 
3 6674 6898 6794 
3 6795 6676 6796 
3 6796 6676 6677 
3 6555 6675 6797 
3 6798 6797 6997 
3 6797 6798 6678 
3 6557 6901 6677 
3 6799 6559 6798 
3 6426 6801 6901 
3 6800 6679 6799 
3 6800 6680 6679 
3 6800 6681 6680 
3 6802 6681 6902 
3 6680 6681 6802 
3 6802 6902 6904 
3 7001 6804 6904 
3 6803 6564 6906 
3 6804 7001 6805 
3 6804 6563 6904 
3 6906 6564 6685 
3 6908 6686 6907 
3 6805 6907 6686 
3 6805 6684 6804 
3 6805 6686 6684 
3 6806 6686 6908 
3 6908 6909 6806 
3 6910 6807 6909 
3 6806 6909 6807 
3 6807 6687 6806 
3 6685 6688 6689 
3 6910 6808 6807 
3 6807 6808 6567 
3 6688 6911 6689 
3 6810 6691 6808 
3 6810 6692 6693 
3 6810 6693 6691 
3 6809 6569 6913 
3 6569 6694 6913 
3 6913 6694 6811 
3 6692 6914 6695 
3 6694 6696 6811 
3 6914 6812 6695 
3 6811 6572 7005 
3 6696 6572 6811 
3 6812 6571 6695 
3 7005 6572 6815 
3 6814 6813 6571 
3 6815 6572 6697 
3 6814 6816 6813 
3 6815 6697 6817 
3 6816 6699 6698 
3 6917 6817 6575 
3 6818 6819 6699 
3 6699 6819 6700 
3 6917 6575 6820 
3 6819 6918 6702 
3 6919 6820 6705 
3 6919 6705 6706 
3 6920 6822 6704 
3 6822 6708 6580 
3 6706 6709 6823 
3 6708 6824 6707 
3 6583 6923 6709 
3 6827 6712 6824 
3 6824 6712 6710 
3 6712 6827 6825 
3 6711 6826 6583 
3 6925 6829 6825 
3 6826 6711 6828 
3 6927 6926 6828 
3 6828 6926 6826 
3 6832 6928 6927 
3 6830 6717 6831 
3 6825 6829 6713 
3 6927 6828 6714 
3 6927 6714 6832 
3 6928 6832 6833 
3 6928 6833 6929 
3 6830 6929 6833 
3 6830 6716 6717 
3 6717 6715 6829 
3 6830 6833 6716 
3 6718 6834 6930 
3 6835 6593 6931 
3 6719 6930 6934 
3 6720 6719 7022 
3 6931 6836 6935 
3 6721 6720 6937 
3 6836 6722 6938 
3 6725 6838 6722 
3 6723 6939 6724 
3 7026 6724 6939 
3 6838 6725 6726 
3 7025 6724 7026 
3 7025 6463 6724 
3 6463 7025 6839 
3 7029 6728 6839 
3 6602 6728 6729 
3 6729 6941 6730 
3 6841 6840 6604 
3 6605 6841 6604 
3 6942 6842 6730 
3 6943 6605 6843 
3 6945 6844 6467 
3 6609 6607 6845 
3 6846 6945 6608 
3 6944 6731 6845 
3 6732 6733 7035 
3 6732 6470 6733 
3 6946 6612 6731 
3 7035 6733 6734 
3 6475 6734 6733 
3 7133 6946 7037 
3 6847 6946 7133 
3 6848 6735 6847 
3 6483 6735 6848 
3 6851 6850 6848 
3 6850 6483 6848 
3 6948 6852 7040 
3 6736 6850 6851 
3 7041 7040 6852 
3 6614 6736 6737 
3 6613 6615 7141 
3 7041 6613 7141 
3 6616 6614 6737 
3 6853 6616 6737 
3 6950 6854 6853 
3 6853 6854 6616 
3 6739 6738 6950 
3 6950 6738 6854 
3 6740 6739 6951 
3 6855 6621 6740 
3 6490 6741 7043 
3 6622 6621 6855 
3 6856 6622 6855 
3 6857 6858 6742 
3 6624 6857 6742 
3 6859 6743 6858 
3 6858 6743 6742 
3 6954 6744 6625 
3 6861 6746 6860 
3 6860 6746 6859 
3 6747 6746 6861 
3 6625 6352 6862 
3 6625 6862 6956 
3 6862 6748 6863 
3 6958 6864 6628 
3 6958 6628 7150 
3 6959 6629 6751 
3 6959 6751 6752 
3 6752 6751 6865 
3 7048 6865 6633 
3 6867 6868 6632 
3 6963 6869 6868 
3 6755 6508 6962 
3 6963 6756 6869 
3 6508 6757 6870 
3 7050 6634 6756 
3 6870 6757 6635 
3 6966 6634 7050 
3 6637 6634 6966 
3 6759 6639 6760 
3 6968 6872 7051 
3 7051 6872 6641 
3 6761 6874 6871 
3 6762 6872 6968 
3 6763 6762 6968 
3 6873 6763 6968 
3 6764 6763 6873 
3 6647 6764 6876 
3 6765 6644 6645 
3 6765 7056 6970 
3 6649 6766 6877 
3 6878 7056 6765 
3 6878 6767 6879 
3 6768 6649 6972 
3 6879 6767 6769 
3 6880 6879 6769 
3 6973 6770 6768 
3 6973 6771 6770 
3 6974 6771 6973 
3 6880 6772 6881 
3 6652 6771 6974 
3 6772 6773 6881 
3 6882 6652 6974 
3 6975 6883 6882 
3 6884 6882 6883 
3 6977 6774 6775 
3 6656 6882 6884 
3 6885 6656 6884 
3 6776 6657 6887 
3 6778 6887 6657 
3 6659 6888 6886 
3 6778 6658 6980 
3 6658 6779 6980 
3 6659 6886 6660 
3 6889 6660 6886 
3 6779 6984 6980 
3 6984 6781 6782 
3 6983 6783 6982 
3 6782 6665 6890 
3 6891 6784 6783 
3 6890 6786 6985 
3 6665 6786 6890 
3 6985 6786 6892 
3 6891 6544 6784 
3 6786 6787 6892 
3 6666 6544 6891 
3 6892 6787 6986 
3 6986 6787 6987 
3 6788 6987 6787 
3 6668 6893 6789 
3 6896 6547 6989 
3 6894 6790 6895 
3 6547 6896 6671 
3 6790 6791 6895 
3 6671 6896 6990 
3 6895 6791 6792 
3 6793 6990 6992 
3 6897 6673 6899 
3 6898 6793 7082 
3 6795 6899 6673 
3 6899 6795 6796 
3 6794 6994 6675 
3 6994 6995 6675 
3 6796 6677 6900 
3 6996 6675 6995 
3 6996 6797 6675 
3 7085 6900 6901 
3 6900 6677 6901 
3 6799 6798 6997 
3 6799 6997 6998 
3 7085 6901 6903 
3 6998 6800 6799 
3 6998 7091 6800 
3 6901 6801 6903 
3 7091 6681 6800 
3 6681 7091 6902 
3 6803 6903 6801 
3 6904 6902 6999 
3 6904 6999 6905 
3 6803 6906 6903 
3 6905 7001 6904 
3 6689 6906 6685 
3 6908 7094 6909 
3 7200 6810 6910 
3 6910 6810 6808 
3 6688 6809 6911 
3 6912 6810 7200 
3 6912 6692 6810 
3 6912 7099 6692 
3 6692 7099 6914 
3 7101 7004 6914 
3 7004 6812 6914 
3 7004 6915 6812 
3 6915 6814 6812 
3 6812 6814 6571 
3 6814 6916 6816 
3 6917 6815 6817 
3 6916 6699 6816 
3 6699 6916 6818 
3 6918 6819 6818 
3 6919 6706 7011 
3 7011 6706 6823 
3 7107 6921 6920 
3 6920 6921 6822 
3 7012 6823 6709 
3 6921 6708 6822 
3 6921 6824 6708 
3 6921 6922 6824 
3 6922 6827 6824 
3 6922 6924 6827 
3 6923 6826 7014 
3 6923 6583 6826 
3 6826 6926 7014 
3 6926 7112 7014 
3 6925 6924 7015 
3 6827 6924 6925 
3 6926 6928 7017 
3 7015 7020 6925 
3 6827 6925 6825 
3 6928 6926 6927 
3 6929 7018 6928 
3 7020 6717 6829 
3 6831 6717 7020 
3 6925 7020 6829 
3 6929 6830 6831 
3 6835 6931 6932 
3 6932 6834 6835 
3 6932 6933 6834 
3 6933 6930 6834 
3 6934 6930 6933 
3 7022 6936 6720 
3 6937 6720 6936 
3 6836 6938 6935 
3 6937 7122 6721 
3 6721 7122 6837 
3 7125 6722 6838 
3 6722 7125 6938 
3 6723 6837 6939 
3 6939 6837 7024 
3 6726 7028 6838 
3 7027 6839 7025 
3 7027 7029 6839 
3 7029 7030 6728 
3 6601 7031 6726 
3 7031 7028 6726 
3 6729 6728 7030 
3 6840 7031 6601 
3 6940 6941 7030 
3 6941 6729 7030 
3 6841 7032 6840 
3 6941 6942 6730 
3 6605 6943 6841 
3 7033 6842 6942 
3 6943 6844 7130 
3 6943 6843 6844 
3 7033 6607 6842 
3 6944 6607 7033 
3 6944 6845 6607 
3 7036 6946 6731 
3 6947 6849 6948 
3 6736 6851 6949 
3 7042 6736 6949 
3 7042 6737 6736 
3 7042 6853 6737 
3 6950 6853 7042 
3 6952 6617 6490 
3 6617 6952 6615 
3 6952 7141 6615 
3 6950 6951 6739 
3 6951 7143 6740 
3 6740 7143 6855 
3 6490 7043 7144 
3 6953 6856 6855 
3 6857 6856 6953 
3 6858 6857 6953 
3 6954 7043 6741 
3 6954 6741 6744 
3 6858 7045 6859 
3 6954 6625 6955 
3 6956 6955 6625 
3 6863 6749 6957 
3 6957 6749 6958 
3 6628 6750 7150 
3 6959 6750 6629 
3 7048 6752 6865 
3 7155 6867 6960 
3 7048 6633 7049 
3 6868 6867 7155 
3 6633 6755 7049 
3 7049 6755 6962 
3 6961 6963 6868 
3 7159 6962 6870 
3 6962 6508 6870 
3 6965 6966 7050 
3 6870 6635 6964 
3 6639 6964 6635 
3 6965 6967 6966 
3 6964 6639 6759 
3 6967 6758 6966 
3 6967 6641 6758 
3 7051 6641 6967 
3 6871 7052 6759 
3 6873 6968 6969 
3 7052 6871 6874 
3 6874 7381 7052 
3 6875 6764 6873 
3 6644 6970 6874 
3 6971 6876 6875 
3 6875 6876 6764 
3 6644 6765 6970 
3 7054 6877 6971 
3 6971 6877 6876 
3 7054 6649 6877 
3 6972 6649 7054 
3 7056 6878 7059 
3 6879 7059 6878 
3 6879 6880 6881 
3 6974 6973 7060 
3 6974 6975 6882 
3 6773 6774 6977 
3 6976 6884 6883 
3 6978 6884 6976 
3 6775 7063 6977 
3 6775 6776 7063 
3 6885 6884 6978 
3 7062 6885 6978 
3 6979 6888 7062 
3 6888 6885 7062 
3 7064 6886 6888 
3 6981 6886 7065 
3 6980 7069 7179 
3 6981 6889 6886 
3 7068 6889 6981 
3 7069 6980 6984 
3 6982 6889 7070 
3 7070 6889 7068 
3 6782 7071 6984 
3 6782 6890 7071 
3 7075 7071 6985 
3 7071 6890 6985 
3 6783 7073 6891 
3 7076 6666 6891 
3 6668 7076 7078 
3 6986 6987 6988 
3 6668 6666 7076 
3 6668 7079 6893 
3 7079 6989 6893 
3 6988 6987 6894 
3 6893 6989 6547 
3 6896 6989 7187 
3 6792 7081 6895 
3 6792 6897 7081 
3 7082 6793 6992 
3 7081 6897 6899 
3 6994 6794 6898 
3 6994 6898 7082 
3 6899 6796 6993 
3 6995 6994 7083 
3 6796 6900 7084 
3 7084 6900 7085 
3 6997 6797 7088 
3 7088 6797 6996 
3 6997 7088 7090 
3 6997 7090 6998 
3 6903 6906 7000 
3 7092 7001 6905 
3 7000 6906 7291 
3 6907 7001 7092 
3 7001 6907 6805 
3 6908 6907 7093 
3 6907 7092 7093 
3 7291 6906 7096 
3 7094 6908 7093 
3 6689 7096 6906 
3 7094 7097 6909 
3 7096 6689 7002 
3 6909 7097 6910 
3 7097 7200 6910 
3 6911 6809 7003 
3 7098 7099 6912 
3 6809 6913 7003 
3 7099 7101 6914 
3 6913 6811 7006 
3 7006 6811 7005 
3 7202 6915 7004 
3 7007 7005 6815 
3 7008 6916 6814 
3 6915 7008 6814 
3 7007 6815 7009 
3 6815 6917 7009 
3 6818 7008 6918 
3 6916 7008 6818 
3 7010 6702 6918 
3 6917 6820 7105 
3 6820 6919 7105 
3 7010 6821 6702 
3 7105 6919 7011 
3 7310 6920 6704 
3 7106 7011 6823 
3 7106 6823 7012 
3 7107 6922 6921 
3 7012 6709 7109 
3 7109 6709 6923 
3 7013 7109 6923 
3 7016 6924 6922 
3 7013 6923 7014 
3 7112 7111 7014 
3 7014 7111 7013 
3 7015 6924 7016 
3 7112 6926 7017 
3 7017 7018 7114 
3 7015 7019 7020 
3 7018 7017 6928 
3 7115 6929 6831 
3 7019 7115 6831 
3 7020 7019 6831 
3 7115 7018 6929 
3 6932 6931 7117 
3 6934 6933 7021 
3 6719 6934 7119 
3 6719 7119 7022 
3 6931 6935 7023 
3 7117 6931 7023 
3 7119 7120 7022 
3 6936 7022 7120 
3 6937 6936 7121 
3 7122 6937 7121 
3 7122 7124 6837 
3 7024 6837 7124 
3 7026 6939 7024 
3 7027 7025 7026 
3 7030 7219 6940 
3 7032 7031 6840 
3 6942 6941 6940 
3 7128 6942 6940 
3 6841 6943 7032 
3 6942 7034 7033 
3 7224 6844 6945 
3 7036 6731 6944 
3 7224 6945 6846 
3 6732 7035 6846 
3 7037 6946 7036 
3 6734 7341 7035 
3 7038 6847 7133 
3 7134 6847 7038 
3 7341 6734 7229 
3 6734 6947 7229 
3 7134 6848 6847 
3 7135 6848 7134 
3 6947 6948 7229 
3 6848 7135 7039 
3 6851 6848 7039 
3 6948 7040 7137 
3 7039 6949 6851 
3 7136 6949 7039 
3 7138 7042 6949 
3 6950 7042 7139 
3 7140 6950 7139 
3 7140 6951 6950 
3 7143 6951 7140 
3 6855 7143 6953 
3 6953 7240 7044 
3 7044 6858 6953 
3 7046 7045 7044 
3 7045 6858 7044 
3 7045 6860 6859 
3 7043 6954 6955 
3 7248 6955 6956 
3 6956 6862 7149 
3 6862 6863 7149 
3 7149 6863 7250 
3 6863 6957 7250 
3 7150 6750 7252 
3 6750 6959 7252 
3 6959 6752 7047 
3 6752 7048 7047 
3 7370 7048 7049 
3 7156 6961 7155 
3 6961 6868 7155 
3 7254 7049 6962 
3 7158 6756 6963 
3 7050 6756 7158 
3 7160 6965 7050 
3 6965 7160 7161 
3 6965 7051 6967 
3 6964 6759 7164 
3 6968 7051 6969 
3 7052 7164 6759 
3 7053 6875 7167 
3 7381 6874 6970 
3 6971 6875 7053 
3 7056 7384 6970 
3 6972 7054 7169 
3 7055 6972 7169 
3 7057 6972 7055 
3 7057 6768 6972 
3 6973 6768 7057 
3 7058 6973 7057 
3 7059 6879 6881 
3 6973 7058 7060 
3 6881 7268 7059 
3 7268 6881 6773 
3 6975 6974 7060 
3 7172 6975 7060 
3 7061 6975 7172 
3 7061 6883 6975 
3 6976 6883 7061 
3 6977 7391 6773 
3 7062 6978 7174 
3 6887 7063 6776 
3 6888 6979 7064 
3 7065 6886 7064 
3 7178 6981 7065 
3 6778 6980 7179 
3 7066 6981 7178 
3 7067 7068 7066 
3 7066 7068 6981 
3 7069 6984 7183 
3 6982 7181 6983 
3 6984 7071 7183 
3 7181 7182 6983 
3 7072 6983 7182 
3 7072 6783 6983 
3 7072 7073 6783 
3 7074 6891 7073 
3 6985 6892 7075 
3 7279 7075 7077 
3 7075 6892 7077 
3 6891 7074 7076 
3 7077 6892 6986 
3 7079 6668 7078 
3 7077 6986 6988 
3 7079 7185 6989 
3 6988 6894 7186 
3 7186 6895 6991 
3 6894 6895 7186 
3 7189 6896 7187 
3 6990 6896 7189 
3 7080 6990 7189 
3 6991 6895 7081 
3 6992 6990 7080 
3 7081 6899 7283 
3 6993 7283 6899 
3 7083 6994 7082 
3 7083 7082 7190 
3 6796 7084 6993 
3 7192 6995 7083 
3 7193 6995 7192 
3 7193 6996 6995 
3 7193 7088 6996 
3 7193 7087 7088 
3 7086 7085 7089 
3 7091 6998 7090 
3 7089 7085 6903 
3 7091 7090 7194 
3 6902 7091 7194 
3 6902 7194 6999 
3 7089 6903 7000 
3 6999 7195 7092 
3 7092 6905 6999 
3 7197 7092 7196 
3 7092 7197 7093 
3 7097 7094 7095 
3 7095 7199 7097 
3 7199 7200 7097 
3 6689 6911 7002 
3 7002 6911 7407 
3 7003 7407 6911 
3 7098 6912 7201 
3 7100 7099 7098 
3 7003 6913 7300 
3 6913 7006 7300 
3 7004 7101 7100 
3 7100 7101 7099 
3 7102 7006 7005 
3 7005 7007 7102 
3 6915 7202 7008 
3 7103 7104 7008 
3 6918 7008 7104 
3 7009 6917 7105 
3 7204 7105 7011 
3 7310 6704 7010 
3 7010 6704 6821 
3 7106 7204 7011 
3 7107 6920 7310 
3 7106 7012 7108 
3 7109 7013 7205 
3 7016 6922 7208 
3 6922 7110 7208 
3 7110 6922 7107 
3 7013 7111 7205 
3 7112 7114 7111 
3 7209 7113 7114 
3 7115 7116 7209 
3 7207 7015 7016 
3 7207 7019 7015 
3 7114 7112 7017 
3 7209 7114 7018 
3 7115 7209 7018 
3 7116 7115 7019 
3 6932 7117 7118 
3 6933 6932 7118 
3 7021 6933 7118 
3 6934 7021 7119 
3 7118 7322 7021 
3 7322 7119 7021 
3 7322 7323 7119 
3 6936 7120 7211 
3 6936 7211 7121 
3 7023 6935 6938 
3 7122 7121 7325 
3 7122 7123 7124 
3 7024 7124 7214 
3 7217 6838 7028 
3 7125 6838 7217 
3 7026 7024 7216 
3 7126 7026 7216 
3 7126 7027 7026 
3 7219 7027 7126 
3 7219 7029 7027 
3 7028 7031 7127 
3 7029 7219 7030 
3 7221 6940 7219 
3 7127 7031 7032 
3 6940 7221 7128 
3 6943 7222 7032 
3 7129 6942 7128 
3 6943 7130 7222 
3 7034 6942 7129 
3 6844 7224 7130 
3 7223 7131 7034 
3 7131 6944 7034 
3 7034 6944 7033 
3 7130 7224 7222 
3 7131 7036 6944 
3 6846 7335 7224 
3 7335 6846 7035 
3 7132 7037 7036 
3 7226 7133 7132 
3 7132 7133 7037 
3 7038 7133 7226 
3 7340 7134 7038 
3 7229 6948 7137 
3 7137 7040 7232 
3 7136 7138 6949 
3 7040 7041 7234 
3 7233 7139 7138 
3 7139 7042 7138 
3 7041 7349 7234 
3 7140 7139 7233 
3 7041 7141 7349 
3 7143 7140 7142 
3 7237 7143 7142 
3 7145 7143 7237 
3 7144 6952 6490 
3 7145 6953 7143 
3 7145 7240 6953 
3 7146 7044 7240 
3 7043 7361 7144 
3 7046 7044 7146 
3 7146 7147 7046 
3 7046 7148 7045 
3 7147 7148 7046 
3 6860 7148 7246 
3 7247 7361 7043 
3 6860 7045 7148 
3 7247 7043 6955 
3 7247 6955 7363 
3 7363 6955 7248 
3 6956 7249 7248 
3 6956 7149 7249 
3 7252 6959 7151 
3 7154 7155 7153 
3 7153 7155 6960 
3 7254 7370 7049 
3 7255 6961 7156 
3 7254 6962 7159 
3 6963 6961 7255 
3 7157 6963 7255 
3 7157 7158 6963 
3 7159 6870 6964 
3 7158 7160 7050 
3 7162 6965 7161 
3 7163 6965 7162 
3 7163 7051 6965 
3 6969 7051 7163 
3 7165 7166 6969 
3 7166 6873 6969 
3 7381 7168 7052 
3 7167 6875 7166 
3 7166 6875 6873 
3 7053 7167 7261 
3 7262 6971 7053 
3 7262 7054 6971 
3 7169 7054 7262 
3 6970 7384 7381 
3 7384 7056 7264 
3 7170 7057 7055 
3 7264 7056 7059 
3 7058 7057 7170 
3 7058 7170 7265 
3 7265 7060 7058 
3 7266 7060 7265 
3 7171 7060 7266 
3 7388 7172 7171 
3 7171 7172 7060 
3 7061 7172 7388 
3 7269 6976 7173 
3 7173 6976 7061 
3 7391 7268 6773 
3 7174 6978 6976 
3 7391 6977 7063 
3 7270 7062 7174 
3 7270 6979 7062 
3 7063 6887 7177 
3 7175 7064 6979 
3 7178 7065 7175 
3 7175 7065 7064 
3 6887 6778 7177 
3 6778 7179 7177 
3 7067 7066 7272 
3 7180 7067 7393 
3 7180 7068 7067 
3 7180 7070 7068 
3 7069 7183 7274 
3 7181 6982 7070 
3 7183 7071 7277 
3 7074 7073 7072 
3 7071 7279 7277 
3 7071 7075 7279 
3 7076 7074 7078 
3 7079 7078 7280 
3 6988 7184 7077 
3 6988 7186 7184 
3 6989 7185 7187 
3 7189 7187 7188 
3 7080 7189 7282 
3 6991 7081 7283 
3 6992 7080 7284 
3 7190 7082 6992 
3 7190 6992 7286 
3 7283 6993 7191 
3 7287 7083 7190 
3 7191 6993 7084 
3 7192 7083 7287 
3 7084 7085 7086 
3 7090 7087 7399 
3 7088 7087 7090 
3 7194 7090 7288 
3 7090 7399 7288 
3 7195 7194 7288 
3 7195 6999 7194 
3 7089 7000 7491 
3 7195 7196 7092 
3 7491 7000 7291 
3 7198 7094 7197 
3 7197 7094 7093 
3 7095 7094 7198 
3 7199 7095 7292 
3 7198 7292 7095 
3 7199 7294 7200 
3 7200 7294 7201 
3 7201 6912 7200 
3 7201 7298 7098 
3 7299 7409 7098 
3 7409 7100 7098 
3 7004 7100 7409 
3 7300 7006 7301 
3 7409 7202 7004 
3 7301 7006 7102 
3 7301 7102 7498 
3 7203 7102 7007 
3 7202 7103 7008 
3 7007 7009 7203 
3 7307 7104 7304 
3 7103 7304 7104 
3 7104 7010 6918 
3 7414 7204 7106 
3 7110 7107 7313 
3 7313 7107 7309 
3 7309 7107 7310 
3 7012 7314 7108 
3 7314 7012 7109 
3 7109 7315 7314 
3 7315 7109 7205 
3 7205 7111 7318 
3 7111 7114 7318 
3 7116 7206 7320 
3 7207 7316 7206 
3 7207 7208 7316 
3 7113 7318 7114 
3 7209 7319 7113 
3 7209 7116 7319 
3 7116 7019 7206 
3 7206 7019 7207 
3 7208 7207 7016 
3 7117 7023 7210 
3 7118 7117 7210 
3 7118 7210 7322 
3 7119 7323 7324 
3 7120 7119 7324 
3 7120 7324 7211 
3 7420 7210 7023 
3 7508 7212 7324 
3 7212 7211 7324 
3 7121 7211 7212 
3 7121 7212 7325 
3 7023 6938 7213 
3 7122 7325 7123 
3 7326 6938 7125 
3 6938 7326 7213 
3 7214 7124 7123 
3 7217 7326 7125 
3 7216 7024 7214 
3 7216 7214 7215 
3 7218 7217 7028 
3 7126 7220 7219 
3 7028 7127 7218 
3 7219 7330 7221 
3 7328 7128 7221 
3 7032 7333 7127 
3 7333 7329 7127 
3 7128 7328 7129 
3 7332 7034 7129 
3 7034 7332 7223 
3 7334 7131 7223 
3 7036 7131 7334 
3 7225 7036 7334 
3 7132 7036 7225 
3 7226 7225 7336 
3 7226 7132 7225 
3 7335 7035 7337 
3 7341 7337 7035 
3 7038 7226 7340 
3 7341 7229 7339 
3 7227 7134 7340 
3 7135 7134 7227 
3 7342 7135 7227 
3 7039 7135 7342 
3 7228 7039 7342 
3 7136 7039 7228 
3 7230 7136 7228 
3 7138 7136 7230 
3 7231 7138 7230 
3 7040 7234 7232 
3 7231 7233 7138 
3 7235 7140 7233 
3 7235 7142 7140 
3 7236 7142 7235 
3 7238 7141 6952 
3 7141 7238 7349 
3 7237 7142 7236 
3 7239 7237 7236 
3 7144 7238 6952 
3 7239 7145 7237 
3 7241 7240 7239 
3 7240 7145 7239 
3 7144 7361 7355 
3 7242 7146 7241 
3 7241 7146 7240 
3 7242 7147 7146 
3 7245 7243 7244 
3 7148 7147 7243 
3 7147 7242 7243 
3 7243 7245 7148 
3 7148 7245 7246 
3 7249 7149 7365 
3 7365 7149 7250 
3 6957 7452 7250 
3 7251 6957 6958 
3 6958 7150 7251 
3 7150 7252 7454 
3 7151 7454 7252 
3 6959 7047 7151 
3 7047 7370 7369 
3 7048 7370 7047 
3 7253 7156 7154 
3 7154 7156 7155 
3 7253 7255 7156 
3 7256 7157 7255 
3 7256 7158 7157 
3 7160 7158 7256 
3 7257 7160 7256 
3 7258 7159 6964 
3 7373 7161 7257 
3 7161 7160 7257 
3 7373 7162 7161 
3 7259 7163 7162 
3 7375 6964 7164 
3 7378 7163 7259 
3 6969 7163 7378 
3 6969 7378 7165 
3 7378 7377 7165 
3 7164 7052 7461 
3 7166 7165 7377 
3 7260 7166 7377 
3 7167 7166 7260 
3 7168 7461 7052 
3 7167 7379 7261 
3 7261 7262 7053 
3 7262 7055 7169 
3 7170 7055 7263 
3 7385 7265 7170 
3 7268 7264 7059 
3 7386 7266 7265 
3 7387 7266 7386 
3 7387 7171 7266 
3 7267 7061 7388 
3 7061 7267 7173 
3 7173 7267 7269 
3 7269 7174 6976 
3 7270 7174 7269 
3 7270 7271 6979 
3 6979 7271 7175 
3 7392 7175 7271 
3 7392 7176 7175 
3 7176 7178 7175 
3 7176 7272 7178 
3 7177 7179 7477 
3 7066 7178 7272 
3 7067 7272 7393 
3 7393 7273 7180 
3 7273 7070 7180 
3 7274 7179 7069 
3 7070 7273 7181 
3 7275 7181 7273 
3 7183 7479 7274 
3 7181 7275 7182 
3 7275 7276 7182 
3 7276 7072 7182 
3 7278 7072 7276 
3 7074 7072 7278 
3 7078 7074 7278 
3 7077 7281 7279 
3 7079 7280 7394 
3 7185 7079 7394 
3 7184 7281 7077 
3 7186 7396 7184 
3 7185 7395 7187 
3 7395 7188 7187 
3 7396 7186 6991 
3 7282 7189 7188 
3 7396 6991 7283 
3 7080 7282 7284 
3 7286 6992 7284 
3 7191 7285 7283 
3 7398 7190 7286 
3 7287 7190 7398 
3 7086 7191 7084 
3 7489 7193 7192 
3 7087 7489 7400 
3 7489 7087 7193 
3 7399 7087 7400 
3 7289 7288 7399 
3 7086 7089 7491 
3 7195 7288 7290 
3 7195 7290 7196 
3 7196 7401 7197 
3 7002 7405 7096 
3 7293 7199 7292 
3 7293 7294 7199 
3 7296 7294 7293 
3 7294 7296 7295 
3 7297 7295 7296 
3 7297 7298 7295 
3 7295 7298 7201 
3 7295 7201 7294 
3 7300 7407 7003 
3 7298 7299 7098 
3 7301 7600 7300 
3 7496 7202 7409 
3 7498 7102 7203 
3 7303 7302 7202 
3 7302 7103 7202 
3 7304 7302 7411 
3 7302 7304 7103 
3 7411 7306 7304 
3 7306 7307 7304 
3 7305 7203 7009 
3 7009 7105 7305 
3 7305 7204 7602 
3 7305 7105 7204 
3 7308 7010 7307 
3 7307 7010 7104 
3 7308 7309 7310 
3 7308 7310 7010 
3 7414 7106 7108 
3 7312 7110 7313 
3 7314 7311 7108 
3 7208 7110 7317 
3 7110 7312 7317 
3 7415 7315 7205 
3 7208 7317 7316 
3 7318 7415 7205 
3 7319 7417 7113 
3 7113 7417 7318 
3 7320 7206 7321 
3 7316 7321 7206 
3 7319 7116 7320 
3 7509 7210 7420 
3 7509 7322 7210 
3 7509 7419 7322 
3 7322 7507 7323 
3 7420 7023 7423 
3 7023 7213 7423 
3 7421 7422 7212 
3 7422 7325 7212 
3 7325 7327 7123 
3 7123 7327 7214 
3 7214 7426 7215 
3 7216 7427 7126 
3 7427 7220 7126 
3 7127 7329 7218 
3 7219 7220 7330 
3 7220 7428 7330 
3 7328 7221 7330 
3 7331 7328 7330 
3 7328 7331 7129 
3 7032 7222 7333 
3 7431 7332 7331 
3 7331 7332 7129 
3 7222 7434 7333 
3 7223 7332 7431 
3 7224 7434 7222 
3 7223 7433 7334 
3 7224 7335 7434 
3 7334 7433 7225 
3 7336 7225 7433 
3 7337 7434 7335 
3 7338 7226 7435 
3 7337 7341 7339 
3 7340 7226 7338 
3 7436 7227 7340 
3 7437 7342 7227 
3 7339 7229 7343 
3 7229 7346 7343 
3 7344 7228 7342 
3 7345 7228 7344 
3 7229 7137 7346 
3 7230 7228 7345 
3 7347 7230 7438 
3 7533 7137 7232 
3 7533 7346 7137 
3 7230 7347 7231 
3 7347 7348 7231 
3 7439 7231 7348 
3 7234 7440 7232 
3 7439 7235 7231 
3 7231 7235 7233 
3 7441 7440 7234 
3 7234 7349 7441 
3 7442 7236 7439 
3 7439 7236 7235 
3 7350 7442 7443 
3 7349 7238 7441 
3 7350 7236 7442 
3 7239 7236 7350 
3 7351 7239 7350 
3 7352 7239 7351 
3 7355 7238 7144 
3 7355 7539 7238 
3 7241 7239 7352 
3 7354 7242 7353 
3 7242 7241 7353 
3 7356 7357 7354 
3 7357 7242 7354 
3 7243 7242 7357 
3 7243 7357 7358 
3 7243 7358 7244 
3 7244 7360 7245 
3 7359 7360 7244 
3 7358 7359 7244 
3 7245 7360 7362 
3 7245 7362 7246 
3 7363 7361 7247 
3 7363 7248 7364 
3 7364 7248 7249 
3 7364 7249 7451 
3 7250 7452 7365 
3 7452 6957 7366 
3 6957 7251 7366 
3 7251 7150 7454 
3 7454 7151 7546 
3 7151 7047 7368 
3 7369 7368 7047 
3 7455 7255 7253 
3 7254 7555 7370 
3 7371 7255 7455 
3 7254 7159 7372 
3 7371 7256 7255 
3 7456 7256 7371 
3 7456 7457 7256 
3 7457 7257 7256 
3 7373 7257 7457 
3 7373 7374 7162 
3 7259 7162 7374 
3 6964 7375 7258 
3 7259 7376 7378 
3 7375 7164 7461 
3 7377 7460 7260 
3 7379 7167 7260 
3 7261 7379 7380 
3 7462 7261 7380 
3 7168 7381 7464 
3 7261 7382 7262 
3 7465 7382 7463 
3 7464 7381 7384 
3 7465 7262 7382 
3 7055 7262 7465 
3 7465 7383 7055 
3 7055 7383 7263 
3 7263 7385 7170 
3 7265 7385 7386 
3 7385 7469 7386 
3 7264 7268 7571 
3 7387 7386 7470 
3 7573 7571 7268 
3 7389 7388 7387 
3 7387 7388 7171 
3 7389 7267 7388 
3 7472 7269 7267 
3 7573 7268 7391 
3 7390 7270 7269 
3 7390 7271 7270 
3 7574 7391 7063 
3 7392 7271 7390 
3 7732 7063 7177 
3 7176 7475 7272 
3 7393 7272 7476 
3 7179 7274 7477 
3 7393 7478 7273 
3 7479 7183 7277 
3 7278 7276 7480 
3 7277 7279 7281 
3 7481 7280 7278 
3 7278 7280 7078 
3 7394 7280 7579 
3 7483 7185 7394 
3 7185 7483 7395 
3 7396 7283 7285 
3 7397 7284 7282 
3 7286 7284 7397 
3 7398 7286 7487 
3 7487 7286 7397 
3 7584 7287 7398 
3 7287 7584 7192 
3 7588 7086 7491 
3 7289 7399 7400 
3 7290 7288 7289 
3 7401 7290 7587 
3 7401 7196 7290 
3 7401 7402 7197 
3 7291 7589 7491 
3 7493 7198 7403 
3 7403 7198 7402 
3 7402 7198 7197 
3 7589 7291 7096 
3 7589 7096 7405 
3 7404 7198 7493 
3 7404 7292 7198 
3 7404 7293 7292 
3 7406 7296 7293 
3 7405 7002 7673 
3 7296 7406 7494 
3 7673 7002 7407 
3 7297 7296 7494 
3 7298 7297 7299 
3 7299 7297 7495 
3 7495 7408 7299 
3 7407 7300 7600 
3 7408 7409 7299 
3 7497 7303 7496 
3 7496 7303 7202 
3 7203 7410 7498 
3 7412 7411 7303 
3 7303 7411 7302 
3 7411 7412 7413 
3 7413 7306 7411 
3 7413 7307 7306 
3 7413 7499 7308 
3 7413 7308 7307 
3 7603 7204 7414 
3 7499 7309 7308 
3 7108 7311 7414 
3 7607 7311 7314 
3 7607 7314 7315 
3 7503 7607 7315 
3 7415 7503 7315 
3 7316 7504 7418 
3 7317 7504 7316 
3 7416 7415 7318 
3 7318 7417 7416 
3 7319 7506 7417 
3 7319 7320 7506 
3 7418 7321 7316 
3 7507 7322 7419 
3 7324 7323 7508 
3 7616 7509 7420 
3 7617 7421 7508 
3 7212 7508 7421 
3 7325 7422 7327 
3 7327 7422 7424 
3 7326 7217 7516 
3 7213 7326 7516 
3 7214 7327 7425 
3 7426 7214 7425 
3 7216 7215 7427 
3 7220 7427 7428 
3 7430 7518 7329 
3 7329 7518 7218 
3 7330 7428 7429 
3 7329 7333 7430 
3 7333 7521 7430 
3 7431 7331 7520 
3 7432 7431 7520 
3 7432 7223 7431 
3 7434 7521 7333 
3 7223 7432 7433 
3 7432 7522 7433 
3 7523 7336 7433 
3 7226 7336 7435 
3 7336 7525 7435 
3 7436 7340 7338 
3 7227 7436 7437 
3 7342 7437 7344 
3 7437 7529 7344 
3 7345 7344 7529 
3 7438 7230 7345 
3 7438 7532 7347 
3 7348 7347 7532 
3 7232 7440 7533 
3 7442 7439 7535 
3 7350 7443 7351 
3 7351 7444 7352 
3 7353 7352 7444 
3 7353 7241 7352 
3 7446 7355 7361 
3 7446 7539 7355 
3 7354 7540 7356 
3 7540 7445 7356 
3 7358 7357 7356 
3 7356 7445 7358 
3 7358 7445 7447 
3 7358 7447 7359 
3 7359 7448 7360 
3 7449 7448 7359 
3 7447 7449 7359 
3 7635 7361 7363 
3 7635 7446 7361 
3 7362 7360 7448 
3 7450 7635 7363 
3 7364 7450 7363 
3 7365 7451 7249 
3 7543 7365 7452 
3 7366 7251 7453 
3 7251 7454 7453 
3 7546 7151 7547 
3 7367 7547 7151 
3 7368 7367 7151 
3 7548 7549 7154 
3 7550 7154 7549 
3 7550 7253 7154 
3 7369 7370 7552 
3 7455 7253 7550 
3 7555 7552 7370 
3 7554 7371 7455 
3 7555 7254 7372 
3 7456 7371 7556 
3 7456 7556 7457 
3 7372 7159 7258 
3 7457 7558 7373 
3 7374 7373 7558 
3 7258 7375 7559 
3 7374 7643 7259 
3 7376 7259 7643 
3 7459 7375 7461 
3 7460 7378 7376 
3 7460 7377 7378 
3 7561 7260 7460 
3 7380 7260 7561 
3 7380 7379 7260 
3 7461 7168 7562 
3 7462 7380 7563 
3 7382 7261 7462 
3 7463 7382 7462 
3 7464 7384 7568 
3 7465 7466 7383 
3 7384 7468 7568 
3 7467 7263 7383 
3 7384 7264 7468 
3 7263 7467 7385 
3 7467 7469 7385 
3 7571 7468 7264 
3 7470 7386 7469 
3 7389 7387 7572 
3 7472 7389 7471 
3 7472 7267 7389 
3 7573 7391 7574 
3 7269 7472 7390 
3 7473 7474 7390 
3 7392 7390 7474 
3 7732 7574 7063 
3 7392 7474 7176 
3 7177 7477 7732 
3 7176 7474 7475 
3 7272 7475 7476 
3 7478 7393 7476 
3 7656 7273 7478 
3 7273 7656 7275 
3 7275 7656 7480 
3 7276 7275 7480 
3 7479 7277 7657 
3 7481 7278 7480 
3 7657 7277 7281 
3 7579 7481 7482 
3 7280 7481 7579 
3 7741 7281 7658 
3 7483 7394 7579 
3 7184 7659 7281 
3 7281 7659 7658 
3 7484 7395 7483 
3 7184 7396 7659 
3 7581 7395 7484 
3 7188 7395 7581 
3 7581 7660 7188 
3 7660 7282 7188 
3 7285 7745 7396 
3 7660 7485 7282 
3 7485 7397 7282 
3 7486 7397 7485 
3 7487 7397 7486 
3 7285 7191 7582 
3 7584 7398 7487 
3 7086 7488 7191 
3 7489 7192 7585 
3 7585 7192 7584 
3 7488 7086 7751 
3 7489 7585 7490 
3 7490 7400 7489 
3 7490 7664 7400 
3 7664 7289 7400 
3 7289 7664 7586 
3 7290 7289 7586 
3 7587 7290 7586 
3 7491 7589 7588 
3 7401 7587 7492 
3 7401 7492 7402 
3 7402 7492 7403 
3 7493 7403 7590 
3 7668 7589 7405 
3 7493 7596 7404 
3 7595 7406 7596 
3 7596 7406 7293 
3 7596 7293 7404 
3 7406 7595 7494 
3 7495 7297 7494 
3 7407 7600 7673 
3 7599 7408 7495 
3 7496 7408 7599 
3 7409 7408 7496 
3 7497 7496 7599 
3 7203 7305 7410 
3 7410 7305 7602 
3 7499 7413 7412 
3 7602 7204 7603 
3 7603 7414 7679 
3 7500 7501 7499 
3 7499 7501 7309 
3 7311 7679 7414 
3 7502 7609 7501 
3 7501 7609 7312 
3 7501 7312 7313 
3 7501 7313 7309 
3 7607 7503 7610 
3 7612 7418 7504 
3 7609 7317 7312 
3 7416 7765 7611 
3 7506 7505 7614 
3 7505 7418 7612 
3 7611 7503 7415 
3 7416 7611 7415 
3 7506 7320 7505 
3 7505 7321 7418 
3 7320 7321 7505 
3 7323 7507 7508 
3 7420 7423 7616 
3 7615 7419 7509 
3 7507 7617 7508 
3 7421 7511 7422 
3 7423 7213 7510 
3 7616 7423 7689 
3 7689 7423 7510 
3 7424 7422 7511 
3 7510 7213 7516 
3 7327 7424 7425 
3 7426 7425 7512 
3 7426 7512 7514 
3 7514 7515 7426 
3 7215 7426 7515 
3 7217 7218 7517 
3 7516 7217 7517 
3 7215 7515 7427 
3 7427 7515 7620 
3 7517 7218 7518 
3 7427 7620 7428 
3 7428 7620 7621 
3 7519 7330 7429 
3 7519 7331 7330 
3 7521 7696 7430 
3 7331 7519 7520 
3 7520 7622 7432 
3 7522 7432 7622 
3 7433 7522 7523 
3 7524 7523 7625 
3 7524 7336 7523 
3 7699 7521 7434 
3 7525 7336 7524 
3 7434 7337 7699 
3 7525 7626 7435 
3 7435 7527 7338 
3 7626 7527 7435 
3 7337 7339 7526 
3 7337 7526 7699 
3 7527 7436 7338 
3 7437 7436 7527 
3 7343 7526 7339 
3 7529 7437 7528 
3 7529 7530 7345 
3 7530 7438 7345 
3 7530 7531 7438 
3 7532 7438 7531 
3 7629 7532 7534 
3 7629 7348 7532 
3 7535 7348 7629 
3 7535 7439 7348 
3 7533 7440 7628 
3 7628 7440 7537 
3 7537 7440 7441 
3 7535 7536 7442 
3 7442 7536 7443 
3 7538 7443 7536 
3 7441 7238 7537 
3 7443 7538 7351 
3 7539 7537 7238 
3 7351 7538 7444 
3 7444 7354 7353 
3 7445 7540 7541 
3 7445 7541 7447 
3 7451 7450 7364 
3 7451 7636 7450 
3 7451 7365 7543 
3 7452 7544 7543 
3 7452 7710 7544 
3 7710 7452 7366 
3 7710 7366 7637 
3 7453 7637 7366 
3 7637 7453 7545 
3 7545 7453 7454 
3 7454 7546 7545 
3 7367 7368 7638 
3 7638 7368 7803 
3 7368 7369 7551 
3 7552 7551 7369 
3 7455 7550 7554 
3 7550 7553 7554 
3 7371 7554 7556 
3 7556 7557 7457 
3 7457 7557 7558 
3 7643 7374 7558 
3 7718 7559 7375 
3 7458 7376 7643 
3 7718 7375 7459 
3 7460 7376 7458 
3 7459 7461 7720 
3 7720 7461 7562 
3 7460 7560 7561 
3 7563 7380 7561 
3 7462 7564 7463 
3 7464 7562 7168 
3 7463 7564 7565 
3 7566 7465 7463 
3 7646 7464 7568 
3 7466 7465 7566 
3 7467 7383 7466 
3 7467 7569 7469 
3 7470 7469 7570 
3 7572 7387 7470 
3 7651 7571 7573 
3 7471 7389 7572 
3 7575 7471 7650 
3 7575 7472 7471 
3 7575 7653 7472 
3 7653 7390 7472 
3 7652 7574 7732 
3 7473 7390 7653 
3 7576 7473 7653 
3 7576 7474 7473 
3 7475 7474 7577 
3 7577 7474 7576 
3 7475 7577 7476 
3 7577 7655 7476 
3 7655 7478 7476 
3 7477 7274 7737 
3 7655 7656 7478 
3 7274 7479 7737 
3 7480 7656 7739 
3 7480 7578 7481 
3 7657 7281 7741 
3 7481 7578 7482 
3 7483 7579 7580 
3 7580 7484 7483 
3 7484 7580 7744 
3 7581 7484 7744 
3 7659 7396 7745 
3 7746 7660 7581 
3 7285 7582 7745 
3 7486 7583 7487 
3 7584 7487 7662 
3 7662 7487 7583 
3 7191 7488 7582 
3 7584 7662 7585 
3 7490 7585 7663 
3 7664 7490 7663 
3 7751 7086 7588 
3 7587 7586 7754 
3 7586 7835 7754 
3 7588 7589 7837 
3 7587 7754 7492 
3 7403 7492 7666 
3 7403 7666 7667 
3 7838 7590 7667 
3 7403 7667 7590 
3 7593 7590 7838 
3 7591 7590 7593 
3 7590 7591 7493 
3 7592 7591 7593 
3 7592 7594 7591 
3 7594 7596 7591 
3 7591 7596 7493 
3 7597 7494 7595 
3 7494 7597 7495 
3 7674 7599 7597 
3 7597 7599 7495 
3 7301 7757 7600 
3 7301 7843 7757 
3 7676 7497 7599 
3 7498 7843 7301 
3 7410 7759 7498 
3 7676 7677 7497 
3 7303 7677 7412 
3 7677 7303 7497 
3 7677 7601 7412 
3 7412 7601 7499 
3 7761 7602 7603 
3 7678 7604 7601 
3 7601 7604 7500 
3 7601 7500 7499 
3 7679 7761 7603 
3 7605 7502 7604 
3 7604 7502 7501 
3 7500 7604 7501 
3 7680 7679 7311 
3 7680 7311 7607 
3 7609 7502 7606 
3 7612 7608 7684 
3 7503 7611 7610 
3 7608 7612 7504 
3 7609 7504 7317 
3 7609 7608 7504 
3 7416 7613 7765 
3 7613 7506 7685 
3 7506 7614 7685 
3 7612 7614 7505 
3 7613 7416 7417 
3 7613 7417 7506 
3 7509 7616 7615 
3 7419 7615 7507 
3 7421 7617 7618 
3 7511 7421 7618 
3 7511 7619 7424 
3 7425 7424 7619 
3 7425 7619 7512 
3 7513 7516 7517 
3 7515 7514 7771 
3 7515 7771 7620 
3 7620 7771 7692 
3 7428 7621 7429 
3 7519 7429 7693 
3 7430 7694 7518 
3 7519 7693 7695 
3 7430 7696 7694 
3 7622 7519 7695 
3 7622 7520 7519 
3 7623 7697 7696 
3 7521 7623 7696 
3 7622 7624 7522 
3 7522 7624 7523 
3 7625 7523 7624 
3 7521 7699 7623 
3 7625 7783 7524 
3 7626 7525 7524 
3 7528 7527 7701 
3 7437 7527 7528 
3 7530 7529 7528 
3 7343 7346 7627 
3 7531 7534 7532 
3 7346 7533 7627 
3 7533 7628 7627 
3 7628 7537 7630 
3 7630 7537 7791 
3 7631 7538 7536 
3 7537 7633 7791 
3 7631 7632 7538 
3 7633 7537 7539 
3 7538 7632 7444 
3 7539 7634 7633 
3 7444 7632 7354 
3 7632 7795 7354 
3 7634 7539 7446 
3 7354 7795 7540 
3 7795 7704 7540 
3 7635 7634 7446 
3 7636 7635 7450 
3 7635 7636 7706 
3 7636 7451 7542 
3 7708 7451 7543 
3 7708 7542 7451 
3 7543 7544 7708 
3 7712 7546 7547 
3 7547 7367 7714 
3 7716 7714 7367 
3 7367 7638 7716 
3 7715 7549 7548 
3 7803 7368 7551 
3 7639 7549 7802 
3 7550 7549 7639 
3 7550 7639 7553 
3 7639 7804 7553 
3 7557 7554 7553 
3 7556 7554 7557 
3 7372 7640 7555 
3 7558 7557 7641 
3 7640 7372 7258 
3 7640 7258 7642 
3 7258 7559 7642 
3 7642 7559 7807 
3 7558 7808 7643 
3 7718 7807 7559 
3 7644 7643 7719 
3 7458 7643 7644 
3 7458 7644 7460 
3 7644 7560 7460 
3 7560 7644 7721 
3 7645 7561 7560 
3 7561 7645 7563 
3 7462 7563 7564 
3 7562 7464 7646 
3 7564 7723 7565 
3 7463 7565 7566 
3 7567 7566 7565 
3 7466 7566 7567 
3 7466 7567 7467 
3 7567 7647 7467 
3 7468 7725 7568 
3 7647 7569 7467 
3 7725 7468 7648 
3 7469 7569 7570 
3 7728 7470 7570 
3 7571 7648 7468 
3 7648 7571 7651 
3 7728 7572 7470 
3 7572 7728 7649 
3 7471 7572 7649 
3 7471 7649 7650 
3 7651 7573 7652 
3 7573 7574 7652 
3 7731 7575 7650 
3 7731 7653 7575 
3 7654 7576 7653 
3 7654 7735 7576 
3 7735 7577 7576 
3 7477 7736 7732 
3 7734 7577 7735 
3 7736 7477 7737 
3 7734 7655 7577 
3 7739 7578 7480 
3 7482 7578 7742 
3 7579 7482 7743 
3 7743 7825 7579 
3 7580 7579 7825 
3 7744 7580 7825 
3 7746 7581 7744 
3 7485 7660 7748 
3 7486 7485 7749 
3 7583 7486 7749 
3 7662 7583 7661 
3 7663 7585 7662 
3 7664 7663 7665 
3 7664 7665 7586 
3 7835 7586 7665 
3 7666 7492 7754 
3 7837 7589 7668 
3 7838 7839 7593 
3 7839 7592 7593 
3 7668 7405 7755 
3 7592 7669 7594 
3 7671 7670 7594 
3 7405 7672 7755 
3 7596 7670 7595 
3 7670 7596 7594 
3 7673 7672 7405 
3 7670 7598 7595 
3 7595 7598 7597 
3 7758 7597 7598 
3 7758 7674 7597 
3 7672 7673 7600 
3 7672 7600 7757 
3 7675 7674 7758 
3 7675 7676 7674 
3 7674 7676 7599 
3 7843 7498 7759 
3 7410 7760 7845 
3 7846 7677 7676 
3 7760 7410 7602 
3 7678 7677 7846 
3 7601 7677 7678 
3 7761 7760 7602 
3 7850 7604 7678 
3 7852 7605 7850 
3 7850 7605 7604 
3 7607 7610 7680 
3 7606 7681 7609 
3 7605 7606 7502 
3 7612 7684 7683 
3 7684 7681 7853 
3 7608 7681 7684 
3 7681 7608 7609 
3 7682 7610 7611 
3 7613 7855 7765 
3 7613 7685 7855 
3 7685 7614 7686 
3 7686 7614 7683 
3 7683 7614 7612 
3 7507 7615 7687 
3 7617 7507 7687 
3 7616 7689 7767 
3 7615 7767 7766 
3 7615 7616 7767 
3 7617 7687 7768 
3 7618 7688 7511 
3 7619 7511 7688 
3 7689 7510 7690 
3 7619 7688 7691 
3 7619 7691 7512 
3 7510 7513 7773 
3 7510 7516 7513 
3 7690 7510 7773 
3 7514 7512 7769 
3 7514 7769 7770 
3 7513 7517 7772 
3 7772 7517 7518 
3 7620 7692 7621 
3 7772 7518 7694 
3 7775 7776 7621 
3 7429 7621 7776 
3 7429 7776 7693 
3 7695 7693 7776 
3 7694 7696 7777 
3 7779 7697 7623 
3 7695 7778 7622 
3 7624 7622 7778 
3 7782 7625 7624 
3 7699 7780 7623 
3 7623 7780 7779 
3 7625 7782 7783 
3 7698 7524 7783 
3 7698 7626 7524 
3 7701 7626 7698 
3 7701 7527 7626 
3 7699 7526 7700 
3 7784 7528 7701 
3 7526 7343 7700 
3 7700 7343 7874 
3 7785 7530 7528 
3 7530 7785 7531 
3 7786 7531 7785 
3 7343 7627 7874 
3 7534 7531 7786 
3 7702 7629 7534 
3 7628 7787 7627 
3 7702 7788 7629 
3 7788 7535 7629 
3 7628 7630 7787 
3 7630 7790 7787 
3 7703 7535 7788 
3 7703 7536 7535 
3 7536 7703 7631 
3 7792 7632 7631 
3 7633 7793 7791 
3 7633 7634 7793 
3 7632 7792 7795 
3 7634 7705 7793 
3 7705 7634 7635 
3 7706 7705 7635 
3 7636 7542 7707 
3 7707 7542 7708 
3 7708 7544 7709 
3 7709 7544 7885 
3 7544 7710 7885 
3 7710 7637 7711 
3 7885 7710 7711 
3 7637 7545 7711 
3 7711 7545 7712 
3 7545 7546 7712 
3 7712 7547 7713 
3 7713 7547 7714 
3 7716 7638 7803 
3 7549 7715 7802 
3 7803 7551 7893 
3 7802 7804 7639 
3 7551 7552 7893 
3 7893 7552 7895 
3 7552 7555 7895 
3 7641 7553 7717 
3 7557 7553 7641 
3 7640 7895 7555 
3 7806 7558 7641 
3 7808 7558 7806 
3 7643 7808 7719 
3 7718 7459 7720 
3 7721 7644 7810 
3 7560 7721 7645 
3 7562 7811 7720 
3 7722 7563 7645 
3 7724 7811 7562 
3 7563 7722 7723 
3 7564 7563 7723 
3 7724 7562 7646 
3 7904 7646 7725 
3 7815 7567 7565 
3 7646 7568 7725 
3 7647 7567 7815 
3 7647 7817 7727 
3 7647 7727 7569 
3 7569 7727 7570 
3 7728 7570 7727 
3 7728 7729 7649 
3 7649 7730 7650 
3 7731 7650 7730 
3 7654 7653 7731 
3 7819 7732 7736 
3 7654 7820 7735 
3 7822 7734 7821 
3 7822 7655 7734 
3 7822 7656 7655 
3 7656 7822 7739 
3 7479 7738 7737 
3 7657 7738 7479 
3 7578 7739 7917 
3 7740 7657 7741 
3 7742 7743 7482 
3 7658 7659 7826 
3 7827 7744 7825 
3 7828 7744 7827 
3 7745 7826 7659 
3 7746 7744 7828 
3 7748 7660 7746 
3 7747 7745 7582 
3 7747 7582 7750 
3 7485 7748 7749 
3 7750 7488 7922 
3 7750 7582 7488 
3 7663 7661 7832 
3 7662 7661 7663 
3 7925 7665 7663 
3 7925 7663 7924 
3 7751 7588 7834 
3 7834 7588 7752 
3 7754 7753 7928 
3 7753 7754 7835 
3 7752 7588 7837 
3 7666 7754 7928 
3 7666 7928 7838 
3 7838 7667 7666 
3 7756 7671 7669 
3 7669 7671 7594 
3 7758 7934 7675 
3 7675 7846 7676 
3 7760 7761 7848 
3 7847 7678 7846 
3 7850 7678 7847 
3 7679 7849 7761 
3 7680 7936 7679 
3 7936 7680 7763 
3 7681 7606 7762 
3 7762 7606 7605 
3 7605 7852 7762 
3 7610 7763 7680 
3 7610 7682 7763 
3 7682 7611 7764 
3 7765 7854 7764 
3 7939 7686 7683 
3 7939 7853 8023 
3 7684 7853 7939 
3 7683 7684 7939 
3 7764 7611 7765 
3 7686 7855 7685 
3 7615 7766 7856 
3 7687 7615 7856 
3 7618 7617 7768 
3 7689 7690 7858 
3 7767 7689 7858 
3 7767 7859 7766 
3 7859 7856 7766 
3 7856 7942 7687 
3 7942 7768 7687 
3 7768 7857 7618 
3 7857 7688 7618 
3 7512 7691 7769 
3 7769 7861 7770 
3 7514 7770 7771 
3 7773 7513 7772 
3 7692 7771 7774 
3 7774 7775 7692 
3 7621 7692 7775 
3 7772 7694 7865 
3 7865 7694 7777 
3 7776 7867 7695 
3 7951 7695 7867 
3 7777 7696 7950 
3 7778 7695 7951 
3 7696 7697 7950 
3 7778 7781 7624 
3 7782 7624 7781 
3 7699 7700 7780 
3 7698 7783 7871 
3 7871 7701 7698 
3 7871 7873 7701 
3 7873 7784 7701 
3 7784 7785 7528 
3 7875 7874 7627 
3 7702 7534 7786 
3 7790 7630 7791 
3 7631 7703 7879 
3 7792 7631 7879 
3 7796 7959 7791 
3 7791 7793 7796 
3 7795 7792 7794 
3 7793 7705 7796 
3 7706 7797 7705 
3 7797 7706 7636 
3 7797 7636 7707 
3 7707 7708 7883 
3 7708 7709 7883 
3 7709 7885 7884 
3 7885 7711 7886 
3 7712 7713 7966 
3 7714 7887 7713 
3 7714 7888 7887 
3 7714 7716 7888 
3 7888 7716 7801 
3 7802 7715 7800 
3 7716 7803 7801 
3 7892 7804 7802 
3 7717 7804 7894 
3 7553 7804 7717 
3 7895 7640 7805 
3 7717 7896 7641 
3 7806 7641 7896 
3 7805 7640 7642 
3 7642 7807 7805 
3 7718 7900 7807 
3 7809 7719 7808 
3 7718 7720 7900 
3 7900 7720 7901 
3 7644 7719 7810 
3 7720 7811 7901 
3 7722 7721 7979 
3 7722 7645 7721 
3 7811 7724 7812 
3 7813 7722 7902 
3 7813 7723 7722 
3 7814 7723 7813 
3 7565 7723 7814 
3 7724 7646 7904 
3 7814 7813 7903 
3 7565 7814 7815 
3 7725 7816 7904 
3 7647 7815 7817 
3 7648 7726 7725 
3 7726 7651 7988 
3 7648 7651 7726 
3 7727 7908 7728 
3 7728 7908 7729 
3 7911 7649 7729 
3 7730 7649 7911 
3 7910 7651 7652 
3 7912 7731 7730 
3 7733 7731 7912 
3 7989 7652 7819 
3 7819 7652 7732 
3 7733 7654 7731 
3 7820 7654 7733 
3 7819 7736 7914 
3 7914 7736 7990 
3 7990 7736 7738 
3 7821 7734 7735 
3 7736 7737 7738 
3 7917 7739 7822 
3 7738 7657 7740 
3 7578 7917 7742 
3 7917 7823 7742 
3 7658 7740 7741 
3 7740 7658 7824 
3 7742 7918 7743 
3 7825 7743 7918 
3 7658 7826 7824 
3 7827 7825 8000 
3 7745 7747 7826 
3 7829 7746 7828 
3 7747 7750 7921 
3 7829 7748 7746 
3 7829 7830 7748 
3 7830 7749 7748 
3 7831 7583 7749 
3 7661 7583 7831 
3 7922 7751 7833 
3 7488 7751 7922 
3 7663 7832 7924 
3 7833 7751 7834 
3 7665 7753 7835 
3 8006 7928 7753 
3 8006 7753 7927 
3 7752 7837 7836 
3 7837 7668 7836 
3 8009 7839 7838 
3 7836 7668 7929 
3 7929 7668 7755 
3 7592 7839 7669 
3 7929 7755 8010 
3 7669 7930 7756 
3 7755 7931 8010 
3 7755 7672 7931 
3 7671 7756 7670 
3 7840 7841 7756 
3 7756 7841 7670 
3 7670 7841 7598 
3 7841 7842 7598 
3 7598 7842 7758 
3 7933 7672 7757 
3 7842 8111 7758 
3 7933 7757 8014 
3 7758 8111 8016 
3 8014 7757 7843 
3 7758 8016 7934 
3 7844 7843 7759 
3 7759 7410 7845 
3 7934 7935 7675 
3 7845 7760 7848 
3 7675 7935 7846 
3 7846 7935 7847 
3 7851 7850 7847 
3 7761 8116 7848 
3 7761 7849 8116 
3 7852 7850 7851 
3 7854 7765 8022 
3 7940 7855 7686 
3 7940 7686 7939 
3 7765 7855 8022 
3 7688 7857 7860 
3 7691 7688 7860 
3 7858 7941 7767 
3 7941 7859 7767 
3 7859 8026 7856 
3 8026 7942 7856 
3 7769 7691 7860 
3 7769 7860 7861 
3 7690 7773 7863 
3 7858 7690 7863 
3 7863 7862 7858 
3 7858 7862 7941 
3 7861 7944 7770 
3 7944 7771 7770 
3 7773 7772 7945 
3 7863 7773 7945 
3 7771 7944 7774 
3 7945 7772 7864 
3 7864 7772 7948 
3 7866 7775 7774 
3 7772 7865 7948 
3 7775 7866 7776 
3 7776 7866 7867 
3 7865 7777 7950 
3 7865 7950 7948 
3 7869 7950 7697 
3 7778 7951 7868 
3 7869 7697 7779 
3 7778 7868 7781 
3 7870 7781 7868 
3 7779 7780 7869 
3 7870 7782 7781 
3 7782 7870 7783 
3 7700 7872 7780 
3 7872 7700 7874 
3 7784 7873 7955 
3 7785 7784 7955 
3 7876 7785 7955 
3 7876 7786 7785 
3 7874 7875 8040 
3 7878 7786 7876 
3 7878 7702 7786 
3 7877 7875 7627 
3 7877 7627 7787 
3 7878 7788 7702 
3 7878 7789 7788 
3 7790 7877 7787 
3 7877 7790 8045 
3 7788 7789 7703 
3 7789 7957 7703 
3 7703 7957 7879 
3 7959 7790 7791 
3 7790 7959 7958 
3 7879 7794 7792 
3 7795 7794 7880 
3 7796 7881 7961 
3 7881 7796 7705 
3 7705 7797 7881 
3 7881 7797 7962 
3 7797 7882 7962 
3 7882 7797 7707 
3 7884 7883 7709 
3 7883 7884 7964 
3 7885 7886 7884 
3 7886 7711 7966 
3 7711 7712 7966 
3 7966 7713 7887 
3 7799 7798 7890 
3 7800 7799 7890 
3 7802 7800 7970 
3 7801 7803 7891 
3 7802 7970 7892 
3 7891 7803 7893 
3 7894 7804 7892 
3 7894 7892 7972 
3 7893 7895 8064 
3 7895 7805 7973 
3 7896 7717 7894 
3 7898 7806 7896 
3 7897 7805 7807 
3 7898 7808 7806 
3 7976 7897 7807 
3 7808 7898 7899 
3 7809 7808 7899 
3 7976 7807 7900 
3 7810 7719 7809 
3 7979 7721 7810 
3 7979 7902 7722 
3 7811 7812 7978 
3 7981 7978 7812 
3 7902 7982 7813 
3 7812 7724 7981 
3 7981 7724 7904 
3 7813 7982 7903 
3 7903 7905 7814 
3 7814 7905 7815 
3 7907 7815 7906 
3 7907 7817 7815 
3 7984 7816 7726 
3 7818 7817 7907 
3 7818 7727 7817 
3 7816 7725 7726 
3 7908 7727 7818 
3 7729 7908 7911 
3 7908 7909 7911 
3 7910 7988 7651 
3 7910 7652 7989 
3 7730 7911 7912 
3 7819 8081 7989 
3 7733 7913 7820 
3 8081 7819 7914 
3 7916 7820 7915 
3 7735 7820 7916 
3 7735 7916 7821 
3 7992 7821 7916 
3 7990 7738 7993 
3 7992 7822 7821 
3 7992 7994 7822 
3 7917 7822 7994 
3 7738 7740 7993 
3 7740 7824 7995 
3 7918 7742 7823 
3 7918 7823 7997 
3 7826 7998 7824 
3 8000 7918 7999 
3 7825 7918 8000 
3 7998 7826 8001 
3 8001 7826 7747 
3 8000 7919 7827 
3 7919 7828 7827 
3 7920 7828 7919 
3 7829 7828 7920 
3 7830 7829 8002 
3 7921 7750 8095 
3 8095 7750 7922 
3 7830 7831 7749 
3 7923 7661 7831 
3 7923 7832 7661 
3 8003 7832 7923 
3 8003 7924 7832 
3 7926 7665 7925 
3 8100 7834 7752 
3 7665 7926 7753 
3 7753 7926 7927 
3 8005 7752 7836 
3 8008 7838 7928 
3 7930 7839 8009 
3 7930 7669 7839 
3 8012 7756 7930 
3 7840 7756 8012 
3 7932 7841 7840 
3 7931 7672 7933 
3 7842 7841 7932 
3 7843 7844 8014 
3 7759 7845 7844 
3 8018 7935 7934 
3 8115 7848 8116 
3 7936 7849 7679 
3 8020 7936 8019 
3 7763 8019 7936 
3 8119 7763 7682 
3 7937 7681 7762 
3 7937 7762 8021 
3 8119 7682 7764 
3 7854 8022 8231 
3 7938 7939 8023 
3 7937 8023 7853 
3 7853 7681 7937 
3 7940 8022 7855 
3 7938 7940 7939 
3 7857 7768 7942 
3 7859 7941 8026 
3 8024 7857 7942 
3 7860 7857 8025 
3 7861 7860 7943 
3 8025 8027 7860 
3 8027 7943 7860 
3 7944 7861 7943 
3 8028 7862 7863 
3 7944 7943 7946 
3 7774 7944 7946 
3 8029 7863 7945 
3 8029 8028 7863 
3 7774 7946 7947 
3 7774 7947 7866 
3 7866 7947 7949 
3 7867 7866 8135 
3 7950 7869 7952 
3 7868 8141 7870 
3 7953 7869 7780 
3 8034 7783 7870 
3 8036 7953 7780 
3 7783 8034 7871 
3 8036 7780 7872 
3 8039 7873 7871 
3 8041 7873 8039 
3 7872 7874 7954 
3 7872 7954 8035 
3 7873 8041 7955 
3 7874 8040 7954 
3 8040 7875 7877 
3 7956 7878 7876 
3 8040 7877 8045 
3 7878 7956 7789 
3 7956 8046 7789 
3 7957 7789 8046 
3 7958 8045 7790 
3 7959 8050 7958 
3 7957 7960 7879 
3 7879 7960 7794 
3 7961 8050 7796 
3 7796 8050 7959 
3 7960 8049 7794 
3 7880 7794 8049 
3 7961 7881 8052 
3 7881 7962 8052 
3 8054 7962 7882 
3 7882 7963 8054 
3 7963 7707 7883 
3 7963 7882 7707 
3 7963 7883 7964 
3 7884 7886 8056 
3 7886 7966 7965 
3 8057 7966 7967 
3 7967 7966 7887 
3 7967 7887 7888 
3 7967 7888 7968 
3 7890 7889 8058 
3 7969 8058 8059 
3 7890 8058 7969 
3 7800 7890 7969 
3 7968 7888 7801 
3 7970 7800 7969 
3 8062 7968 7801 
3 8062 8157 7968 
3 7801 7891 8062 
3 7971 7892 7970 
3 7972 7892 7971 
3 7891 7893 8064 
3 7895 7973 8064 
3 7974 7894 8162 
3 7974 7896 7894 
3 7973 7805 7897 
3 7896 7974 7898 
3 8164 7897 7976 
3 7898 7975 7899 
3 7976 7900 7901 
3 7976 7901 8070 
3 7977 7810 7809 
3 8070 7901 7978 
3 7979 7810 7977 
3 7978 7901 7811 
3 7979 7980 7902 
3 7982 7902 7980 
3 7981 7904 7983 
3 7904 7816 7983 
3 7903 8076 7905 
3 7906 7905 8077 
3 7815 7905 7906 
3 7983 7816 7984 
3 7985 7907 7906 
3 7985 7818 7907 
3 7818 7985 7986 
3 7984 7726 7988 
3 7818 7986 7908 
3 7986 7987 7908 
3 7908 7987 7909 
3 7911 7909 7912 
3 7909 8080 7912 
3 7913 7912 8080 
3 7733 7912 7913 
3 8082 7820 7913 
3 7820 8082 7915 
3 8081 7990 8185 
3 7914 7990 8081 
3 7991 7916 7915 
3 7992 7916 7991 
3 7990 7993 8083 
3 7740 8084 7993 
3 7994 8085 7917 
3 7917 8085 7823 
3 8085 7996 7823 
3 8084 7740 7995 
3 7824 8087 7995 
3 7823 7996 8088 
3 7997 7823 8088 
3 7824 7998 8087 
3 7999 7918 7997 
3 7919 8000 8198 
3 8001 7747 8093 
3 7921 8093 7747 
3 7920 7919 8092 
3 8002 7920 8092 
3 7829 7920 8002 
3 7830 8002 8096 
3 8093 7921 8095 
3 7831 7830 8096 
3 7922 7833 8097 
3 8205 7833 8100 
3 7925 7924 8101 
3 8101 7924 8003 
3 7834 8100 7833 
3 7926 7925 8004 
3 7925 8101 8004 
3 7927 7926 8004 
3 8005 8100 7752 
3 8208 8005 8103 
3 8005 7836 8103 
3 7928 8006 8008 
3 8008 8006 8007 
3 7836 7929 8103 
3 8210 8009 8008 
3 8009 7838 8008 
3 8103 7929 8010 
3 8105 7930 8009 
3 8106 7930 8105 
3 7930 8106 8012 
3 8010 7931 8013 
3 8013 7931 8108 
3 8108 7931 7933 
3 8108 7933 8014 
3 7842 7932 8216 
3 8111 7842 8109 
3 7842 8216 8109 
3 8111 8015 8016 
3 8017 8018 8016 
3 8018 7934 8016 
3 7845 8114 7844 
3 8224 7935 8018 
3 7845 7848 8114 
3 8115 8114 7848 
3 8117 7847 7935 
3 7851 7847 8117 
3 7849 8020 8116 
3 7936 8020 7849 
3 8021 7762 7852 
3 8118 8021 7852 
3 7851 8118 7852 
3 8119 8019 7763 
3 7764 8120 8119 
3 7854 8120 7764 
3 8022 7940 8380 
3 8122 7940 7938 
3 8122 7938 8023 
3 8232 8122 8023 
3 7942 8026 8123 
3 8024 7942 8123 
3 7857 8024 8025 
3 7941 7862 8128 
3 8026 7941 8124 
3 8123 8127 8024 
3 8127 8025 8024 
3 8128 7862 8028 
3 8128 8124 7941 
3 7946 7943 8131 
3 8131 8132 7946 
3 7945 7864 8133 
3 8029 7945 8133 
3 8133 7864 7948 
3 8031 8242 8133 
3 8031 8133 7948 
3 7949 8135 7866 
3 8030 7867 8135 
3 7951 7867 8030 
3 7952 7948 7950 
3 8031 7948 7952 
3 8137 7951 8030 
3 8137 8032 7951 
3 8032 7868 7951 
3 7868 8032 8140 
3 7952 7869 8033 
3 7868 8140 8141 
3 8034 7870 8141 
3 7953 8033 7869 
3 7871 8034 8039 
3 8034 8037 8039 
3 8036 7872 8035 
3 8035 7954 8038 
3 8040 8038 7954 
3 8040 8043 8038 
3 8041 8042 7955 
3 8042 7876 7955 
3 8040 8045 8043 
3 7956 7876 8042 
3 8044 8043 8045 
3 8047 8045 7958 
3 8047 8145 8044 
3 8047 8044 8045 
3 8046 8261 7957 
3 8261 8048 7957 
3 8050 8047 7958 
3 7957 8048 7960 
3 8048 8049 7960 
3 8049 8147 7880 
3 8051 7880 8147 
3 8052 8050 7961 
3 7962 8053 8052 
3 7962 8054 8053 
3 8151 8054 7963 
3 7963 7964 8153 
3 7884 8055 7964 
3 7884 8056 8055 
3 7886 7965 8056 
3 8057 7965 7966 
3 8154 8057 7967 
3 8060 7969 8059 
3 8060 7970 7969 
3 8060 8061 7970 
3 7970 8061 7971 
3 8061 8159 7971 
3 8062 7891 8063 
3 8065 7971 8159 
3 8065 7972 7971 
3 8063 8064 8284 
3 7891 8064 8063 
3 8067 7894 7972 
3 8162 7894 8067 
3 7973 8066 8064 
3 8066 7973 8161 
3 7897 8068 7973 
3 7974 8069 7898 
3 8164 8068 7897 
3 7898 8069 7975 
3 8166 7899 7975 
3 8164 7976 8070 
3 7977 7809 7899 
3 7977 7899 8166 
3 8073 7977 8071 
3 8073 7979 7977 
3 8072 8070 7978 
3 7979 8073 7980 
3 7978 8074 8072 
3 7978 7981 8074 
3 7980 8168 8075 
3 7982 7980 8075 
3 8074 7981 7983 
3 7903 7982 8075 
3 7903 8075 8076 
3 8077 7905 8076 
3 8077 8174 7906 
3 8174 7985 7906 
3 7985 8174 8176 
3 7984 7988 8078 
3 7985 8178 7986 
3 8078 7988 8177 
3 8178 7987 7986 
3 7910 8177 7988 
3 8079 7987 8180 
3 7909 7987 8079 
3 8080 7909 8079 
3 7989 8182 7910 
3 7989 8081 8182 
3 8184 7913 8080 
3 8082 7913 8184 
3 7991 8082 8187 
3 7915 8082 7991 
3 8470 8185 8083 
3 8185 7990 8083 
3 8083 7993 8189 
3 7992 7991 8188 
3 8188 8190 7992 
3 7992 8190 7994 
3 7993 8084 8189 
3 8192 7994 8190 
3 7994 8192 8085 
3 8084 7995 8087 
3 7996 8085 8086 
3 8088 7996 8086 
3 8194 8087 7998 
3 8194 7998 8089 
3 8000 7999 8090 
3 7998 8001 8089 
3 8089 8001 8093 
3 8091 8198 8000 
3 8091 8000 8090 
3 8092 7919 8198 
3 8196 8093 8199 
3 8094 8002 8092 
3 8093 8095 8199 
3 8096 8002 8094 
3 8199 8095 8331 
3 8095 7922 8097 
3 8098 7831 8096 
3 8098 7923 7831 
3 7833 8204 8097 
3 8098 8003 7923 
3 8205 8204 7833 
3 8099 8003 8098 
3 8099 8101 8003 
3 8102 7927 8004 
3 8006 8102 8007 
3 8102 8006 7927 
3 8008 8007 8210 
3 8103 8010 8104 
3 8105 8009 8210 
3 8010 8214 8104 
3 8011 8012 8213 
3 8106 8213 8012 
3 8013 8214 8010 
3 8011 8107 8012 
3 8107 7932 7840 
3 8107 7840 8012 
3 8014 8352 8108 
3 8216 8353 8109 
3 8109 8110 8111 
3 8014 7844 8112 
3 8017 8016 8113 
3 8016 8015 8113 
3 8220 8112 7844 
3 8220 8219 8112 
3 8220 7844 8114 
3 8223 8018 8017 
3 8117 7935 8225 
3 8020 8226 8116 
3 8118 7851 8117 
3 8230 8021 8118 
3 8232 7937 8230 
3 7937 8021 8230 
3 8231 8120 7854 
3 8380 8231 8022 
3 8121 8380 7940 
3 8121 7940 8122 
3 8232 8023 7937 
3 8123 8026 8124 
3 8027 8025 8127 
3 8124 8128 8129 
3 8124 8125 8123 
3 8125 8126 8123 
3 8123 8126 8127 
3 8127 8130 8027 
3 8027 8130 8131 
3 7943 8027 8131 
3 8128 8028 8235 
3 8129 8125 8124 
3 7947 7946 8132 
3 8029 8134 8238 
3 8238 8028 8029 
3 8238 8235 8028 
3 8128 8235 8129 
3 8240 7947 8132 
3 8134 8029 8133 
3 8241 7949 7947 
3 8242 8134 8133 
3 8135 7949 8241 
3 8030 8135 8136 
3 8137 8030 8136 
3 8138 8031 7952 
3 8032 8137 8246 
3 8138 7952 8139 
3 8032 8246 8140 
3 8139 7952 8033 
3 8142 8034 8141 
3 8037 8034 8142 
3 8143 8033 7953 
3 8143 8036 8035 
3 8143 7953 8036 
3 8253 8039 8037 
3 8144 8251 8143 
3 8144 8143 8035 
3 8253 8041 8039 
3 8144 8035 8038 
3 8253 8255 8041 
3 8144 8038 8043 
3 8041 8255 8042 
3 8255 8257 8042 
3 8254 8144 8043 
3 8259 8042 8257 
3 8259 7956 8042 
3 8043 8044 8258 
3 8254 8043 8258 
3 8261 7956 8259 
3 8261 8046 7956 
3 8047 8050 8145 
3 8264 8265 8145 
3 8264 8145 8050 
3 8048 8267 8049 
3 8147 8049 8267 
3 8146 8264 8050 
3 8149 8050 8052 
3 8050 8149 8146 
3 8148 8051 8147 
3 8150 8052 8053 
3 8150 8149 8052 
3 8053 8152 8150 
3 8152 8054 8151 
3 8152 8053 8054 
3 8151 8271 8152 
3 8153 8151 7963 
3 8151 8153 8271 
3 8055 8153 7964 
3 8056 7965 8275 
3 8154 7965 8057 
3 8154 8275 7965 
3 7967 7968 8156 
3 8282 8059 8058 
3 8282 8058 8279 
3 7968 8157 8156 
3 8282 8283 8059 
3 8283 8060 8059 
3 8061 8060 8283 
3 8157 8062 8281 
3 8159 8061 8158 
3 8062 8063 8430 
3 8430 8063 8284 
3 8067 7972 8065 
3 8284 8066 8160 
3 8064 8066 8284 
3 8286 8066 8161 
3 8068 8161 7973 
3 8163 7974 8162 
3 7974 8163 8069 
3 8069 8290 7975 
3 8290 8166 7975 
3 8164 8070 8165 
3 8165 8070 8167 
3 8071 7977 8166 
3 8070 8072 8167 
3 8447 8073 8071 
3 8447 8291 8073 
3 8168 8073 8291 
3 8168 7980 8073 
3 8072 8074 8292 
3 8169 8168 8294 
3 8169 8075 8168 
3 8074 7983 8170 
3 8169 8172 8075 
3 8076 8075 8172 
3 8173 8076 8172 
3 8077 8076 8173 
3 7983 7984 8175 
3 8298 8174 8077 
3 8174 8298 8299 
3 8176 8174 8299 
3 8175 7984 8078 
3 8300 7985 8176 
3 8300 8178 7985 
3 8177 7910 8179 
3 8178 8180 7987 
3 7910 8182 8179 
3 8181 8079 8180 
3 8080 8079 8181 
3 8081 8183 8182 
3 8184 8080 8181 
3 8081 8185 8183 
3 8082 8184 8186 
3 8187 8082 8186 
3 8188 7991 8187 
3 8083 8189 8308 
3 8189 8084 8310 
3 8192 8190 8191 
3 8310 8084 8314 
3 8084 8087 8314 
3 8086 8085 8316 
3 8316 8085 8192 
3 8194 8486 8087 
3 8088 8086 8318 
3 8193 8088 8318 
3 7997 8088 8193 
3 8321 8194 8089 
3 8195 7997 8193 
3 8090 7997 8195 
3 7999 7997 8090 
3 8090 8195 8197 
3 8091 8090 8197 
3 8089 8093 8196 
3 8198 8091 8328 
3 8198 8328 8092 
3 8200 8092 8328 
3 8200 8094 8092 
3 8201 8096 8094 
3 8095 8097 8331 
3 8201 8098 8096 
3 8203 8098 8201 
3 8334 8202 8204 
3 8202 8097 8204 
3 8099 8098 8203 
3 8099 8203 8337 
3 8099 8337 8206 
3 8101 8099 8206 
3 8100 8338 8205 
3 8206 8004 8101 
3 8206 8207 8004 
3 8102 8207 8209 
3 8207 8102 8004 
3 8209 8007 8102 
3 8209 8211 8007 
3 8208 8103 8516 
3 8211 8210 8007 
3 8516 8103 8104 
3 8210 8211 8212 
3 8210 8212 8105 
3 8105 8343 8213 
3 8212 8343 8105 
3 8213 8106 8105 
3 8214 8013 8347 
3 8011 8213 8344 
3 8011 8348 8107 
3 8011 8344 8348 
3 7932 8107 8215 
3 8107 8348 8215 
3 7932 8215 8216 
3 8217 8110 8218 
3 8218 8110 8109 
3 8218 8109 8353 
3 8112 8352 8014 
3 8217 8015 8110 
3 8110 8015 8111 
3 8221 8017 8113 
3 8017 8221 8223 
3 8114 8222 8220 
3 8224 8018 8223 
3 8222 8114 8542 
3 8225 7935 8224 
3 8542 8114 8115 
3 8370 8542 8115 
3 8116 8370 8115 
3 8116 8226 8370 
3 8228 8117 8225 
3 8227 8226 8020 
3 8227 8020 8375 
3 8118 8117 8228 
3 8019 8375 8020 
3 8375 8019 8119 
3 8229 8375 8119 
3 8230 8118 8378 
3 8120 8229 8119 
3 8376 8229 8120 
3 8120 8231 8376 
3 8122 8383 8121 
3 8122 8232 8383 
3 8125 8129 8236 
3 8126 8125 8236 
3 8126 8233 8127 
3 8237 8130 8127 
3 8233 8237 8127 
3 8130 8237 8234 
3 8131 8130 8234 
3 8132 8131 8234 
3 8239 8129 8235 
3 8239 8236 8129 
3 8384 8126 8236 
3 8126 8384 8233 
3 8234 8387 8132 
3 8240 8132 8387 
3 8235 8238 8388 
3 8235 8388 8239 
3 8241 7947 8240 
3 8393 8238 8134 
3 8238 8393 8388 
3 8387 8391 8240 
3 8243 8241 8391 
3 8391 8241 8240 
3 8242 8394 8134 
3 8394 8393 8134 
3 8241 8243 8136 
3 8135 8241 8136 
3 8244 8137 8136 
3 8245 8242 8031 
3 8242 8245 8394 
3 8395 8137 8244 
3 8245 8031 8138 
3 8137 8395 8246 
3 8248 8138 8139 
3 8248 8245 8138 
3 8246 8247 8140 
3 8398 8140 8247 
3 8398 8141 8140 
3 8398 8400 8141 
3 8141 8400 8142 
3 8139 8033 8143 
3 8139 8249 8248 
3 8249 8139 8143 
3 8037 8142 8250 
3 8251 8249 8143 
3 8253 8037 8250 
3 8251 8252 8249 
3 8254 8251 8144 
3 8252 8251 8254 
3 8256 8252 8254 
3 8257 8255 8404 
3 8254 8258 8256 
3 8258 8260 8256 
3 8405 8260 8258 
3 8261 8259 8262 
3 8258 8044 8405 
3 8405 8044 8145 
3 8261 8262 8263 
3 8265 8405 8145 
3 8048 8261 8263 
3 8267 8048 8266 
3 8264 8268 8265 
3 8264 8146 8268 
3 8267 8266 8589 
3 8267 8407 8147 
3 8407 8148 8147 
3 8146 8149 8269 
3 8146 8269 8268 
3 8149 8150 8269 
3 8269 8150 8270 
3 8150 8152 8270 
3 8152 8272 8270 
3 8272 8152 8271 
3 8271 8153 8273 
3 8271 8273 8272 
3 8274 8153 8055 
3 8153 8274 8273 
3 8275 8055 8056 
3 8275 8274 8055 
3 8275 8415 8274 
3 8420 8275 8154 
3 8156 8154 7967 
3 8156 8420 8154 
3 8277 8421 8278 
3 8279 8155 8280 
3 8280 8155 8278 
3 8278 8155 8277 
3 8279 8280 8282 
3 8423 8156 8157 
3 8423 8157 8281 
3 8061 8283 8429 
3 8281 8062 8430 
3 8158 8061 8429 
3 8159 8158 8432 
3 8159 8432 8065 
3 8285 8065 8432 
3 8285 8067 8065 
3 8160 8066 8286 
3 8435 8067 8285 
3 8161 8287 8286 
3 8067 8435 8437 
3 8162 8067 8437 
3 8287 8161 8288 
3 8288 8161 8068 
3 8162 8437 8163 
3 8289 8163 8439 
3 8069 8163 8289 
3 8068 8164 8288 
3 8288 8164 8165 
3 8290 8069 8289 
3 8290 8289 8445 
3 8167 8442 8165 
3 8166 8290 8071 
3 8445 8071 8290 
3 8447 8071 8445 
3 8072 8446 8167 
3 8448 8446 8072 
3 8168 8291 8293 
3 8448 8072 8292 
3 8170 8292 8074 
3 8294 8168 8293 
3 8295 8169 8294 
3 8169 8295 8172 
3 8170 7983 8452 
3 8171 8452 7983 
3 8173 8172 8296 
3 8171 7983 8175 
3 8171 8175 8454 
3 8077 8173 8298 
3 8300 8176 8299 
3 8300 8299 8458 
3 8177 8457 8078 
3 8457 8177 8179 
3 8178 8300 8301 
3 8180 8178 8301 
3 8302 8180 8301 
3 8182 8461 8179 
3 8182 8658 8461 
3 8658 8182 8183 
3 8181 8180 8302 
3 8464 8183 8467 
3 8181 8302 8303 
3 8185 8467 8183 
3 8181 8303 8304 
3 8186 8184 8304 
3 8304 8184 8181 
3 8185 8470 8467 
3 8304 8305 8186 
3 8305 8187 8186 
3 8470 8083 8306 
3 8305 8307 8187 
3 8083 8308 8306 
3 8188 8187 8307 
3 8308 8189 8310 
3 8309 8188 8307 
3 8309 8190 8188 
3 8191 8190 8309 
3 8311 8191 8309 
3 8310 8314 8480 
3 8311 8312 8313 
3 8311 8313 8191 
3 8313 8192 8191 
3 8313 8316 8192 
3 8314 8087 8315 
3 8313 8312 8317 
3 8317 8316 8313 
3 8484 8315 8486 
3 8318 8086 8316 
3 8317 8318 8316 
3 8315 8087 8486 
3 8317 8319 8318 
3 8486 8194 8321 
3 8319 8320 8318 
3 8318 8320 8193 
3 8195 8193 8320 
3 8321 8089 8490 
3 8323 8195 8489 
3 8195 8320 8489 
3 8322 8490 8089 
3 8195 8323 8197 
3 8322 8196 8324 
3 8089 8196 8322 
3 8091 8197 8325 
3 8324 8196 8199 
3 8324 8199 8329 
3 8497 8327 8325 
3 8325 8327 8326 
3 8325 8328 8091 
3 8325 8326 8328 
3 8328 8326 8200 
3 8329 8199 8330 
3 8333 8200 8326 
3 8094 8200 8333 
3 8330 8199 8331 
3 8331 8097 8202 
3 8333 8201 8094 
3 8333 8332 8201 
3 8332 8335 8201 
3 8201 8335 8203 
3 8335 8332 8509 
3 8337 8335 8509 
3 8335 8337 8203 
3 8334 8205 8336 
3 8204 8205 8334 
3 8338 8336 8205 
3 8339 8207 8206 
3 8339 8206 8512 
3 8005 8338 8100 
3 8338 8005 8514 
3 8339 8209 8207 
3 8208 8514 8005 
3 8209 8339 8340 
3 8208 8516 8514 
3 8340 8211 8209 
3 8340 8341 8211 
3 8516 8104 8517 
3 8517 8104 8717 
3 8341 8212 8211 
3 8341 8343 8212 
3 8343 8341 8520 
3 8717 8214 8342 
3 8104 8214 8717 
3 8342 8214 8347 
3 8520 8345 8343 
3 8345 8344 8343 
3 8343 8344 8213 
3 8344 8345 8346 
3 8349 8348 8346 
3 8346 8348 8344 
3 8528 8347 8013 
3 8349 8350 8348 
3 8348 8350 8215 
3 8013 8108 8528 
3 8349 8351 8350 
3 8350 8351 8216 
3 8350 8216 8215 
3 8531 8353 8351 
3 8351 8353 8216 
3 8108 8352 8528 
3 8531 8354 8353 
3 8357 8217 8356 
3 8356 8217 8218 
3 8218 8353 8354 
3 8358 8355 8352 
3 8352 8112 8358 
3 8362 8359 8360 
3 8360 8359 8357 
3 8357 8359 8217 
3 8217 8359 8015 
3 8219 8358 8112 
3 8362 8361 8359 
3 8359 8361 8015 
3 8015 8361 8113 
3 8362 8364 8361 
3 8364 8363 8361 
3 8361 8363 8113 
3 8539 8365 8363 
3 8363 8365 8113 
3 8113 8365 8221 
3 8219 8222 8538 
3 8220 8222 8219 
3 8539 8366 8365 
3 8365 8366 8221 
3 8221 8366 8223 
3 8542 8538 8222 
3 8368 8367 8366 
3 8366 8367 8223 
3 8223 8367 8224 
3 8367 8369 8224 
3 8372 8374 8369 
3 8369 8374 8224 
3 8371 8542 8370 
3 8224 8374 8225 
3 8371 8226 8373 
3 8371 8370 8226 
3 8547 8228 8374 
3 8228 8225 8374 
3 8373 8226 8227 
3 8373 8227 8375 
3 8551 8228 8547 
3 8378 8118 8551 
3 8118 8228 8551 
3 8377 8230 8378 
3 8379 8376 8231 
3 8379 8231 8380 
3 8381 8379 8380 
3 8380 8121 8381 
3 8121 8382 8381 
3 8382 8121 8383 
3 8377 8232 8230 
3 8377 8383 8232 
3 8239 8388 8389 
3 8239 8558 8390 
3 8239 8390 8236 
3 8236 8390 8384 
3 8384 8557 8233 
3 8233 8557 8385 
3 8233 8385 8237 
3 8387 8234 8386 
3 8389 8558 8239 
3 8390 8557 8384 
3 8385 8561 8237 
3 8561 8559 8237 
3 8559 8234 8237 
3 8559 8386 8234 
3 8386 8391 8387 
3 8388 8393 8562 
3 8562 8389 8388 
3 8568 8562 8393 
3 8136 8243 8567 
3 8567 8243 8392 
3 8244 8136 8567 
3 8396 8394 8245 
3 8397 8568 8394 
3 8394 8568 8393 
3 8396 8397 8394 
3 8574 8397 8396 
3 8573 8246 8395 
3 8576 8396 8245 
3 8396 8576 8574 
3 8573 8247 8246 
3 8576 8245 8248 
3 8399 8576 8248 
3 8399 8248 8249 
3 8142 8400 8578 
3 8401 8399 8249 
3 8142 8578 8250 
3 8401 8249 8252 
3 8250 8402 8253 
3 8252 8403 8401 
3 8253 8402 8255 
3 8404 8255 8402 
3 8403 8252 8256 
3 8582 8257 8404 
3 8582 8259 8257 
3 8260 8403 8256 
3 8262 8259 8582 
3 8585 8260 8405 
3 8262 8584 8263 
3 8585 8405 8406 
3 8587 8263 8584 
3 8587 8048 8263 
3 8406 8405 8265 
3 8048 8587 8266 
3 8265 8268 8406 
3 8268 8590 8406 
3 8589 8266 8587 
3 8407 8267 8589 
3 8597 8268 8269 
3 8597 8590 8268 
3 8407 8589 8593 
3 8408 8407 8593 
3 8410 8597 8269 
3 8270 8410 8269 
3 8270 8411 8410 
3 8270 8272 8412 
3 8270 8412 8411 
3 8413 8272 8273 
3 8272 8413 8412 
3 8273 8274 8414 
3 8273 8414 8413 
3 8274 8415 8414 
3 8275 8417 8415 
3 8275 8420 8417 
3 8420 8424 8417 
3 8421 8419 8422 
3 8423 8420 8156 
3 8420 8423 8424 
3 8278 8421 8425 
3 8425 8421 8422 
3 8280 8278 8425 
3 8280 8425 8426 
3 8282 8280 8426 
3 8427 8423 8281 
3 8427 8424 8423 
3 8424 8427 8612 
3 8283 8282 8428 
3 8428 8282 8426 
3 8283 8428 8429 
3 8281 8430 8427 
3 8158 8429 8615 
3 8427 8430 8617 
3 8431 8158 8615 
3 8432 8158 8431 
3 8617 8430 8284 
3 8617 8284 8160 
3 8160 8286 8434 
3 8433 8285 8432 
3 8434 8286 8287 
3 8288 8436 8287 
3 8163 8437 8439 
3 8436 8288 8438 
3 8438 8288 8440 
3 8441 8289 8439 
3 8288 8165 8440 
3 8443 8289 8441 
3 8440 8165 8442 
3 8445 8289 8443 
3 8442 8167 8444 
3 8167 8446 8444 
3 8444 8446 8631 
3 8447 8445 8630 
3 8291 8447 8449 
3 8449 8447 8630 
3 8292 8633 8448 
3 8293 8291 8449 
3 8633 8292 8635 
3 8635 8292 8450 
3 8293 8449 8451 
3 8450 8292 8170 
3 8293 8451 8294 
3 8295 8294 8451 
3 8450 8452 8636 
3 8170 8452 8450 
3 8453 8172 8295 
3 8453 8295 8639 
3 8453 8296 8172 
3 8297 8296 8644 
3 8644 8296 8453 
3 8641 8454 8892 
3 8171 8454 8641 
3 8647 8297 8644 
3 8297 8173 8296 
3 8298 8173 8297 
3 8454 8175 8456 
3 8455 8297 8647 
3 8298 8297 8455 
3 8299 8298 8455 
3 8078 8456 8175 
3 8299 8455 8649 
3 8078 8457 8456 
3 8649 8653 8458 
3 8649 8458 8299 
3 8460 8300 8458 
3 8179 8459 8457 
3 8301 8300 8460 
3 8179 8461 8459 
3 8460 8462 8463 
3 8460 8463 8301 
3 8463 8462 8466 
3 8463 8302 8301 
3 8463 8466 8465 
3 8464 8658 8183 
3 8465 8303 8463 
3 8463 8303 8302 
3 8465 8466 8468 
3 8464 8467 8662 
3 8468 8469 8465 
3 8465 8469 8471 
3 8465 8471 8303 
3 8471 8304 8303 
3 8662 8467 8470 
3 8662 8470 8473 
3 8471 8305 8304 
3 8470 8306 8473 
3 8469 8472 8474 
3 8469 8474 8471 
3 8471 8474 8305 
3 8473 8308 8927 
3 8306 8308 8473 
3 8472 8475 8476 
3 8472 8476 8474 
3 8307 8305 8474 
3 8927 8310 8670 
3 8308 8310 8927 
3 8477 8307 8474 
3 8476 8477 8474 
3 8475 8672 8476 
3 8476 8478 8477 
3 8477 8309 8307 
3 8672 8481 8476 
3 8477 8311 8309 
3 8477 8478 8311 
3 8670 8310 8480 
3 8476 8481 8479 
3 8476 8479 8478 
3 8312 8311 8478 
3 8479 8312 8478 
3 8314 8674 8480 
3 8674 8314 8315 
3 8481 8482 8479 
3 8479 8482 8483 
3 8479 8483 8312 
3 8483 8317 8312 
3 8482 8683 8485 
3 8482 8485 8483 
3 8483 8319 8317 
3 8485 8319 8483 
3 8487 8485 8683 
3 8484 8321 8488 
3 8486 8321 8484 
3 8485 8489 8319 
3 8485 8487 8491 
3 8485 8491 8489 
3 8489 8320 8319 
3 8321 8490 8488 
3 8487 8493 8491 
3 8490 8322 8492 
3 8493 8487 8691 
3 8491 8323 8489 
3 8493 8323 8491 
3 8493 8495 8323 
3 8492 8322 8324 
3 8492 8324 8964 
3 8495 8493 8494 
3 8493 8691 8494 
3 8495 8497 8323 
3 8323 8497 8197 
3 8325 8197 8497 
3 8964 8324 8499 
3 8494 8496 8495 
3 8495 8496 8497 
3 8499 8324 8329 
3 8496 8498 8327 
3 8496 8327 8497 
3 8499 8329 8693 
3 8498 8496 8503 
3 8329 8330 8693 
3 8327 8498 8500 
3 8500 8326 8327 
3 8498 8503 8501 
3 8498 8501 8500 
3 8500 8333 8326 
3 8505 8333 8500 
3 8501 8505 8500 
3 8330 8202 8502 
3 8331 8202 8330 
3 8501 8503 8504 
3 8507 8501 8504 
3 8501 8507 8505 
3 8505 8332 8333 
3 8502 8202 8334 
3 8502 8334 8506 
3 8507 8332 8505 
3 8507 8509 8332 
3 8507 8508 8509 
3 8506 8334 8336 
3 8506 8336 8510 
3 8508 8707 8509 
3 8336 8338 8510 
3 8510 8338 8705 
3 8707 8511 8509 
3 8512 8337 8509 
3 8511 8512 8509 
3 8206 8337 8512 
3 8705 8338 8514 
3 8511 8707 8513 
3 8511 8513 8339 
3 8511 8339 8512 
3 8513 8515 8339 
3 8514 8516 8710 
3 8515 8513 8715 
3 8515 8340 8339 
3 8710 8516 8517 
3 8515 8715 8518 
3 8518 8340 8515 
3 8518 8715 8519 
3 8518 8341 8340 
3 8518 8520 8341 
3 8518 8519 8522 
3 8518 8522 8520 
3 8717 8342 8521 
3 8724 8522 8519 
3 8521 8342 8347 
3 8522 8345 8520 
3 8724 8524 8522 
3 8728 8523 8524 
3 8522 8524 8523 
3 8522 8523 8345 
3 8345 8523 8346 
3 8523 8728 8526 
3 8523 8526 8527 
3 8523 8349 8346 
3 8527 8349 8523 
3 8525 8347 8528 
3 8526 8728 8733 
3 8531 8351 8527 
3 8526 8531 8527 
3 8527 8351 8349 
3 8525 8352 8529 
3 8528 8352 8525 
3 8526 8530 8531 
3 8529 8352 8355 
3 8532 8354 8531 
3 8530 8532 8531 
3 8530 8535 8532 
3 8535 8533 8532 
3 8532 8533 8356 
3 8356 8533 8357 
3 8532 8356 8218 
3 8532 8218 8354 
3 8534 8355 8358 
3 8535 8360 8533 
3 8533 8360 8357 
3 8358 8743 8534 
3 8362 8360 8536 
3 8358 8219 8743 
3 8536 8540 8362 
3 8540 8537 8362 
3 8362 8537 8364 
3 8219 8538 8743 
3 8749 8539 8540 
3 8540 8539 8537 
3 8537 8539 8363 
3 8537 8363 8364 
3 8749 8541 8539 
3 8541 8368 8539 
3 8539 8368 8366 
3 8543 8538 8542 
3 8541 8544 8368 
3 8368 8544 8367 
3 8543 8542 8371 
3 8545 8546 8372 
3 8372 8369 8544 
3 8545 8372 8544 
3 8544 8369 8367 
3 8546 8547 8372 
3 8546 8549 8547 
3 8547 8374 8372 
3 8757 8371 8373 
3 8548 8757 8373 
3 8373 8375 8548 
3 8375 8550 8548 
3 8550 8375 8552 
3 8551 8549 8554 
3 8547 8549 8551 
3 8552 8768 8762 
3 8553 8554 8556 
3 8553 8378 8554 
3 8554 8378 8551 
3 8552 8375 8229 
3 8552 8229 8376 
3 8768 8552 8376 
3 8768 8376 8379 
3 8381 8555 8379 
3 8381 8382 8555 
3 8382 8556 8555 
3 8382 8383 8556 
3 8556 8383 8553 
3 8553 8383 8377 
3 8378 8553 8377 
3 8558 8389 8770 
3 8560 8772 8557 
3 8385 8557 8772 
3 8389 8562 8565 
3 8389 8565 8770 
3 8390 8560 8557 
3 8385 8772 8561 
3 8564 8386 8559 
3 8391 8564 8392 
3 8391 8386 8564 
3 8243 8391 8392 
3 8770 8390 8558 
3 8770 8773 8390 
3 8773 8560 8390 
3 8563 8559 8561 
3 8559 8563 8564 
3 9098 8770 8565 
3 8563 8566 8564 
3 8564 8566 8392 
3 8392 8566 8569 
3 8570 8567 8392 
3 8569 8570 8392 
3 8568 8775 8562 
3 8775 8565 8562 
3 8571 8244 8567 
3 8570 8571 8567 
3 8395 8244 8571 
3 8397 8775 8568 
3 8570 8572 8571 
3 8573 8395 8571 
3 8397 8575 8775 
3 8572 8573 8571 
3 8247 8573 8783 
3 8574 8575 8397 
3 8398 8247 8783 
3 8400 8398 8784 
3 8784 8398 8783 
3 8576 8575 8574 
3 8787 8576 8399 
3 8576 8787 8575 
3 8578 8400 8577 
3 8579 8399 8401 
3 8787 8399 8579 
3 8578 8577 8788 
3 8579 8792 8787 
3 8790 8250 8578 
3 8402 8250 8790 
3 8401 8403 8579 
3 8580 8579 8403 
3 8581 8404 8402 
3 8582 8404 8581 
3 8403 8798 8580 
3 8403 8260 8798 
3 8798 8260 8585 
3 8582 8584 8262 
3 8797 8584 8582 
3 8797 8583 8584 
3 8584 8583 8586 
3 8584 8586 8587 
3 8586 8588 8587 
3 8590 8807 8406 
3 8591 8587 8588 
3 8589 8587 8591 
3 8593 8589 8592 
3 8592 8589 8591 
3 8590 8597 8813 
3 8593 8592 8594 
3 8594 8598 8593 
3 8593 8598 8595 
3 8593 8595 8408 
3 8595 8596 8408 
3 8409 8596 8599 
3 8409 8408 8596 
3 8595 8817 8596 
3 8596 8817 8599 
3 8602 8597 8410 
3 8597 8602 8813 
3 8817 8601 8599 
3 8599 8601 8600 
3 8410 8411 8602 
3 8411 8412 8604 
3 8412 8413 8604 
3 8608 8414 8415 
3 8418 8416 8606 
3 8419 8418 8606 
3 8608 8415 8417 
3 8608 8607 8414 
3 8419 8606 8609 
3 8608 8417 8607 
3 8419 8609 8422 
3 8424 8612 8417 
3 8610 8422 8611 
3 8611 8422 8609 
3 8425 8422 8610 
3 8610 8611 8846 
3 8610 8426 8425 
3 8428 8426 8610 
3 8846 8428 8610 
3 8846 8613 8614 
3 8846 8614 8428 
3 8427 8852 8612 
3 8614 8429 8428 
3 8615 8429 8614 
3 8613 8615 8614 
3 8427 8617 8852 
3 8854 8857 8613 
3 8613 8857 8615 
3 8852 8617 8616 
3 8615 8857 8859 
3 8433 8431 8859 
3 8859 8431 8615 
3 8617 8618 8616 
3 8619 8433 8859 
3 8433 8432 8431 
3 8618 8160 8434 
3 8617 8160 8618 
3 8618 8434 8620 
3 8285 8433 8619 
3 8622 8285 8619 
3 8435 8285 8622 
3 8620 8434 8287 
3 8620 8436 8623 
3 8620 8287 8436 
3 8622 8437 8435 
3 8625 8437 8622 
3 8621 8625 8622 
3 8624 8626 8621 
3 8439 8437 8625 
3 8436 8438 8623 
3 8621 8626 8625 
3 8438 8440 8627 
3 8626 8628 8625 
3 8625 8441 8439 
3 8625 8628 8441 
3 8443 8441 8628 
3 8627 8440 8442 
3 8629 8443 8872 
3 8443 8628 8872 
3 8627 8444 8873 
3 8442 8444 8627 
3 8629 8872 8875 
3 8630 8445 8443 
3 8629 8630 8443 
3 8875 8879 8629 
3 8873 8444 8631 
3 8629 8879 8630 
3 8446 8448 8631 
3 8630 8879 8632 
3 8449 8630 8632 
3 8631 8633 8880 
3 8631 8448 8633 
3 8634 8632 8882 
3 8880 8633 8635 
3 8451 8449 8632 
3 8634 8451 8632 
3 8451 8634 8637 
3 8635 8450 8636 
3 8637 8639 8451 
3 8642 8637 8640 
3 8637 8642 8639 
3 8639 8295 8451 
3 8638 8636 8452 
3 8452 8171 8638 
3 8642 8643 8639 
3 8638 8171 8641 
3 8643 8453 8639 
3 8643 8644 8453 
3 8643 8642 8646 
3 8643 8646 8647 
3 8643 8647 8644 
3 8892 8454 8645 
3 8454 8456 8645 
3 8646 8648 8651 
3 8646 8651 8647 
3 8649 8455 8647 
3 8651 8649 8647 
3 8645 8456 8898 
3 8898 8456 8457 
3 8648 8652 8650 
3 8648 8650 8651 
3 8651 8653 8649 
3 8650 8653 8651 
3 8650 8655 8653 
3 8652 8654 8650 
3 8650 8654 8655 
3 8460 8458 8653 
3 8655 8460 8653 
3 8459 8461 8656 
3 8654 8657 8655 
3 8462 8460 8655 
3 8657 8462 8655 
3 8909 8659 8654 
3 8654 8659 8657 
3 8658 8904 8656 
3 8461 8658 8656 
3 8904 8658 8660 
3 8657 8466 8462 
3 8660 8658 8464 
3 8909 8911 8659 
3 8659 8911 8661 
3 8659 8661 8657 
3 8661 8466 8657 
3 8660 8464 8910 
3 8910 8464 8662 
3 8661 8468 8466 
3 8910 8662 8912 
3 8911 8664 8663 
3 8911 8663 8661 
3 8661 8663 8468 
3 8912 8662 8473 
3 8912 8473 8665 
3 8468 8663 8469 
3 8663 8472 8469 
3 8664 8918 8667 
3 8664 8667 8663 
3 8665 8927 8666 
3 8473 8927 8665 
3 8918 8669 8667 
3 8663 8475 8472 
3 8663 8667 8475 
3 8668 8669 8671 
3 8669 8918 8671 
3 8672 8475 8667 
3 8669 8672 8667 
3 8670 8480 8673 
3 8678 8668 8671 
3 8669 8668 8675 
3 8669 8675 8672 
3 8675 8481 8672 
3 8480 8674 8673 
3 8668 8678 8677 
3 8668 8677 8675 
3 8674 8315 8676 
3 8678 8680 8677 
3 8681 8481 8675 
3 8677 8681 8675 
3 8315 8944 8676 
3 8677 8679 8681 
3 8482 8481 8681 
3 8677 8680 8679 
3 8944 8315 8484 
3 8944 8484 8945 
3 8683 8482 8681 
3 8679 8683 8681 
3 8945 8488 8682 
3 8484 8488 8945 
3 8680 8686 8684 
3 8680 8684 8679 
3 8679 8684 8687 
3 8679 8687 8683 
3 8682 8488 8685 
3 8687 8487 8683 
3 8685 8488 8490 
3 8685 8490 8492 
3 8686 8688 8684 
3 8684 8688 8689 
3 8684 8689 8687 
3 8687 8689 8690 
3 8687 8691 8487 
3 8690 8691 8687 
3 8690 8494 8691 
3 8688 8988 8689 
3 8690 8689 8692 
3 8690 8692 8494 
3 8496 8494 8692 
3 8988 8694 8689 
3 8689 8694 8692 
3 8694 8696 8692 
3 8692 8503 8496 
3 8696 8503 8692 
3 8693 8330 8982 
3 8694 8988 8695 
3 8694 8695 8696 
3 8982 8502 8989 
3 8330 8502 8982 
3 8695 8697 8696 
3 8696 8697 8503 
3 8989 8502 8699 
3 8695 8988 8998 
3 8695 8998 8698 
3 8695 8698 8697 
3 8697 8504 8503 
3 8502 8506 8699 
3 8701 8504 8697 
3 8507 8504 8701 
3 8699 8506 8700 
3 8697 8698 8701 
3 8506 8510 8700 
3 8701 8508 8507 
3 8698 8998 8703 
3 8698 8703 8706 
3 8698 8706 8701 
3 8701 8704 8508 
3 8701 8706 8704 
3 8704 8707 8508 
3 8510 8705 8702 
3 8702 8705 9015 
3 8706 8703 8708 
3 8706 8709 8704 
3 8704 8709 8707 
3 8705 8514 9015 
3 8706 8708 8712 
3 8706 8712 8709 
3 8707 8709 8513 
3 9015 8710 8711 
3 9015 8514 8710 
3 8716 8712 8708 
3 8712 8715 8709 
3 8709 8715 8513 
3 8716 8714 8712 
3 8712 8714 8715 
3 8711 8517 8713 
3 8711 8710 8517 
3 8716 9038 8714 
3 8714 8519 8715 
3 8713 8517 8717 
3 8718 8713 8717 
3 9038 8721 8714 
3 8714 8721 8519 
3 9038 8720 8721 
3 8719 8521 8722 
3 8718 8521 8719 
3 8717 8521 8718 
3 8720 9038 8723 
3 8721 8724 8519 
3 8720 8724 8721 
3 8722 8521 8347 
3 8729 8719 8722 
3 8725 8720 8723 
3 8720 8726 8724 
3 8720 8725 8726 
3 8726 8524 8724 
3 8722 8347 8525 
3 8729 8722 8525 
3 8726 8728 8524 
3 8725 8727 8730 
3 8725 8730 8733 
3 8725 8733 8726 
3 8726 8733 8728 
3 8525 8529 8729 
3 8727 8732 8730 
3 8730 8732 8731 
3 8730 8731 8733 
3 8736 8737 8732 
3 8737 8530 8731 
3 8732 8737 8731 
3 8733 8731 8530 
3 8733 8530 8526 
3 8529 8355 8534 
3 9055 8529 8534 
3 8534 8735 9055 
3 8736 8734 8738 
3 9064 8739 8738 
3 8738 8739 8740 
3 8738 8740 8736 
3 8740 8535 8737 
3 8736 8740 8737 
3 8737 8535 8530 
3 8735 8534 8741 
3 8739 9064 8742 
3 8740 8360 8535 
3 8739 8360 8740 
3 8743 8741 8534 
3 8742 8536 8739 
3 8739 8536 8360 
3 8743 9068 8741 
3 8742 8746 8540 
3 8742 8540 8536 
3 9068 8538 8747 
3 8743 8538 9068 
3 8744 9072 8746 
3 8746 9072 8745 
3 8745 8753 8748 
3 8745 8748 8749 
3 8745 8749 8746 
3 8746 8749 8540 
3 8747 8538 8543 
3 8753 8756 8545 
3 8753 8545 8750 
3 8753 8750 8748 
3 8750 8541 8749 
3 8748 8750 8749 
3 8747 8543 8751 
3 8752 8756 8753 
3 8750 8545 8544 
3 8750 8544 8541 
3 8751 8543 8371 
3 8751 8754 9076 
3 8752 9082 8756 
3 8756 9082 8755 
3 8756 8546 8545 
3 8751 8371 8757 
3 8754 8751 8757 
3 8549 8546 8756 
3 8755 8549 8756 
3 8758 8754 8757 
3 8755 8761 8549 
3 8758 8757 8548 
3 8550 8759 8758 
3 8550 8758 8548 
3 8762 8759 8550 
3 8762 8763 8759 
3 8762 8764 8763 
3 8764 8765 8763 
3 8767 8760 8766 
3 8760 8554 8761 
3 8761 8554 8549 
3 8762 8550 8552 
3 8764 8762 8768 
3 8764 8769 8765 
3 8767 8766 8769 
3 8760 8556 8554 
3 8760 8767 8556 
3 8764 8768 8379 
3 8764 8379 8555 
3 8769 8764 8555 
3 8767 8555 8556 
3 8767 8769 8555 
3 8772 8560 8771 
3 8561 8772 8774 
3 8561 8774 8563 
3 9095 8770 9098 
3 8770 9095 8773 
3 8773 8771 8560 
3 8772 8771 8776 
3 8772 8776 8774 
3 8565 8775 9097 
3 8565 9097 9098 
3 8563 8774 9096 
3 8563 9096 8777 
3 8563 8777 8566 
3 8566 8777 8778 
3 8569 8566 8778 
3 8569 8778 8779 
3 8570 8569 8779 
3 9096 9105 8777 
3 8777 9105 8778 
3 8570 8779 8572 
3 8781 8775 8575 
3 9110 9097 8775 
3 9107 8779 8778 
3 8779 9107 8780 
3 8779 8780 8572 
3 8573 8572 8783 
3 8781 9110 8775 
3 8572 8780 8782 
3 8572 8782 8783 
3 8575 9109 8781 
3 8782 8784 8783 
3 8782 8785 8784 
3 8577 8400 8784 
3 8785 8577 8784 
3 8789 8575 8787 
3 8575 8789 9109 
3 8786 8577 8785 
3 8788 8577 8786 
3 8788 8790 8578 
3 8787 8792 8789 
3 8788 8791 8790 
3 8579 8580 8792 
3 8794 8402 8790 
3 8791 8794 8790 
3 8791 8793 8794 
3 8795 8792 8580 
3 8793 8791 9119 
3 8794 8581 8402 
3 8793 9119 9120 
3 8582 8581 8794 
3 8580 8798 8795 
3 8798 8800 8795 
3 8793 9120 8796 
3 8793 8796 8794 
3 8797 8582 8794 
3 8796 8797 8794 
3 8796 9120 8799 
3 8583 8797 8796 
3 8799 8583 8796 
3 8798 8585 8801 
3 8798 8801 8800 
3 8799 8802 8583 
3 8802 8799 9126 
3 8802 8803 8583 
3 8801 8585 8406 
3 8803 8586 8583 
3 8803 8588 8586 
3 8802 8588 8803 
3 8804 8801 8406 
3 8801 8804 8800 
3 8807 8804 8406 
3 8802 9126 8805 
3 8802 8805 8806 
3 8802 8806 8588 
3 8808 8591 8588 
3 8806 8808 8588 
3 8807 9130 8804 
3 8806 8805 8811 
3 8806 8811 8808 
3 8812 8591 8808 
3 8811 8812 8808 
3 8592 8591 8812 
3 8807 8590 8813 
3 8805 8809 8810 
3 8805 8810 8811 
3 8811 8810 8814 
3 8811 8814 8812 
3 8812 8594 8592 
3 8814 8594 8812 
3 8807 8813 9130 
3 8810 8815 8814 
3 8814 8598 8594 
3 8595 8598 8817 
3 8813 8820 9130 
3 8814 8815 8816 
3 8814 8816 8598 
3 8598 8816 8818 
3 8598 8818 8817 
3 8820 8813 8602 
3 8815 9140 8816 
3 8819 8601 8817 
3 8818 8819 8817 
3 8816 9140 8821 
3 8816 8821 8818 
3 8818 8821 8822 
3 8818 8822 8819 
3 8819 8603 8601 
3 8823 8603 8819 
3 8822 8823 8819 
3 9140 9143 8821 
3 8823 8822 8825 
3 8823 8825 8824 
3 8825 8826 8824 
3 8602 8411 8829 
3 8829 8820 8602 
3 9143 8822 8821 
3 9143 8830 8822 
3 8822 8830 8827 
3 8822 8827 8825 
3 8825 8828 8826 
3 8829 8411 8604 
3 8833 8829 8604 
3 8827 8830 8831 
3 8831 8830 9150 
3 8604 8837 8833 
3 8831 9150 8834 
3 8837 8604 8413 
3 8834 9150 8835 
3 8834 8835 8836 
3 8835 8840 8836 
3 8837 8413 8414 
3 8840 8835 8839 
3 8836 8840 8838 
3 8606 8605 8838 
3 8840 8606 8838 
3 8842 8837 8414 
3 8840 8839 9155 
3 8840 9155 8841 
3 8840 8841 8606 
3 8842 8414 8607 
3 8843 8841 9155 
3 8841 8609 8606 
3 8841 8843 8845 
3 8841 8845 8609 
3 8843 8847 8844 
3 8843 8844 8845 
3 8849 8417 8612 
3 8849 8607 8417 
3 8845 8611 8609 
3 8846 8611 8845 
3 8844 8846 8845 
3 8849 8853 8607 
3 8847 9161 8844 
3 8844 9161 8848 
3 8844 8848 8851 
3 8844 8851 8846 
3 8850 8848 9161 
3 8851 8613 8846 
3 8852 8849 8612 
3 8853 8849 8852 
3 9161 8858 8850 
3 8848 8850 8854 
3 8848 8854 8851 
3 8851 8854 8613 
3 8852 8855 8853 
3 8855 8852 8616 
3 8856 8850 8858 
3 8850 8856 8854 
3 8856 8857 8854 
3 8855 8616 8860 
3 8858 9169 8856 
3 8856 8859 8857 
3 9169 8862 8856 
3 8856 8862 8863 
3 8856 8863 8861 
3 8856 8861 8859 
3 8860 8616 8618 
3 8861 8619 8859 
3 8860 8618 8865 
3 8864 8619 8861 
3 8863 8864 8861 
3 8618 8620 8865 
3 8864 8622 8619 
3 8623 8865 8620 
3 8862 8867 8866 
3 8862 8866 8863 
3 8863 8866 8624 
3 8863 8624 8864 
3 8864 8621 8622 
3 8864 8624 8621 
3 8865 8623 9171 
3 8866 8867 8868 
3 8866 8868 8624 
3 8868 8626 8624 
3 8623 8869 9171 
3 8867 8870 8868 
3 8623 8438 8627 
3 8623 8627 8869 
3 8868 8870 8874 
3 8868 8874 8626 
3 8874 8872 8626 
3 8870 8871 8874 
3 8872 8628 8626 
3 8873 8869 8627 
3 8871 8870 8876 
3 8874 8875 8872 
3 8871 8875 8874 
3 9182 8873 8631 
3 9182 8631 8877 
3 8876 8878 8871 
3 8871 8878 8881 
3 8871 8881 8875 
3 8881 8879 8875 
3 8877 8631 8880 
3 8877 8880 8883 
3 8878 8884 8881 
3 8881 8885 8879 
3 8882 8632 8879 
3 8885 8882 8879 
3 8884 8886 8881 
3 8881 8886 8885 
3 8634 8882 8885 
3 8880 8635 9190 
3 9190 8635 8636 
3 8886 8887 8885 
3 8885 8887 8634 
3 8634 8887 8637 
3 9190 8636 8888 
3 8636 8638 8888 
3 8888 8638 8889 
3 8886 9205 8891 
3 8886 8891 8887 
3 8887 8891 8640 
3 8887 8640 8637 
3 9205 8894 8891 
3 8640 8891 8642 
3 8889 8638 8641 
3 8889 8641 8890 
3 8895 8642 8891 
3 8641 8892 8890 
3 8890 8892 8893 
3 8894 8899 8891 
3 8891 8899 8895 
3 8895 8646 8642 
3 8892 8645 8893 
3 8897 8894 9216 
3 8894 8897 8899 
3 8896 8645 8898 
3 8893 8645 8896 
3 8902 8897 9216 
3 8895 8648 8646 
3 8895 8899 8648 
3 8896 8898 8900 
3 8897 8902 8901 
3 8897 8901 8899 
3 8652 8648 8899 
3 8898 8457 8900 
3 8902 9216 8903 
3 8899 8901 8652 
3 8900 8459 9223 
3 8900 8457 8459 
3 8902 8906 8901 
3 8906 8652 8901 
3 9223 8459 8656 
3 8903 8905 8902 
3 8656 8904 9223 
3 8902 8905 8914 
3 8902 8914 8906 
3 8652 8906 8654 
3 8906 8909 8654 
3 8906 8914 8909 
3 9235 8904 8660 
3 9235 8660 8908 
3 8908 8660 8910 
3 8905 8907 8917 
3 8905 8917 8914 
3 8907 8913 8916 
3 8907 8916 8917 
3 8914 8911 8909 
3 8908 8910 8912 
3 8914 8917 8918 
3 8914 8918 8911 
3 8919 9254 8920 
3 8913 8929 8916 
3 8918 8664 8911 
3 8912 8665 8666 
3 9248 8919 8915 
3 8929 8913 9261 
3 8916 8923 8917 
3 8917 8923 8918 
3 8920 9254 9260 
3 8919 8920 8915 
3 9261 8926 8929 
3 8916 8929 8923 
3 8933 8920 8932 
3 8920 8922 8915 
3 8915 8925 8921 
3 8927 8924 8666 
3 8946 8932 9260 
3 8673 8924 8927 
3 8924 8673 9266 
3 8929 8936 8923 
3 8923 8936 8671 
3 8923 8671 8918 
3 9266 8673 8931 
3 8922 8933 8939 
3 8915 8922 8934 
3 8915 8934 8925 
3 8926 8928 8936 
3 8926 8936 8929 
3 8927 8670 8673 
3 8932 8937 8933 
3 8925 8934 8935 
3 8935 8930 8925 
3 8928 8938 8936 
3 8674 8931 8673 
3 8674 8676 8931 
3 8937 8932 8946 
3 8933 8937 8939 
3 8922 8939 8949 
3 8922 8949 8934 
3 8930 8940 8928 
3 8928 8940 8938 
3 8936 8941 8671 
3 8678 8671 8941 
3 8937 8946 8947 
3 8930 8935 8940 
3 8940 8950 8938 
3 8938 8943 8936 
3 8936 8943 8941 
3 9271 8957 8946 
3 8937 8951 8939 
3 8934 8949 8935 
3 8938 8952 8943 
3 8676 8944 8942 
3 8939 8951 8949 
3 8949 8948 8935 
3 8935 8948 8940 
3 8938 8950 8952 
3 8953 8678 8941 
3 8937 8947 8951 
3 8952 8954 8943 
3 8941 8943 8953 
3 8946 8957 8947 
3 8947 8963 8951 
3 8940 8948 8950 
3 8943 8954 8953 
3 8953 8680 8678 
3 8945 8682 9279 
3 8957 8958 8947 
3 8949 8951 8965 
3 8949 8965 8948 
3 8686 8680 8953 
3 8948 8965 8959 
3 8948 8959 8950 
3 8950 8960 8952 
3 8952 8961 8954 
3 9279 8685 8955 
3 8682 8685 9279 
3 8965 8975 8959 
3 8950 8959 8960 
3 8952 8960 8961 
3 8947 8958 8963 
3 8951 8963 8974 
3 8954 8961 8967 
3 8953 8971 8686 
3 8955 8685 8492 
3 8957 8962 8979 
3 8957 8979 8958 
3 8951 8974 8965 
3 8954 8967 8953 
3 8953 8967 8971 
3 8960 8966 8961 
3 8961 8970 8967 
3 8955 8492 8964 
3 8968 8956 8955 
3 8968 8955 8964 
3 8962 8973 8979 
3 8974 8969 8965 
3 8961 8966 8970 
3 8686 8971 8688 
3 8958 8984 8963 
3 8963 8984 8974 
3 8965 8969 8975 
3 8959 8975 8985 
3 8959 8987 8960 
3 8968 8977 8972 
3 8968 8499 8977 
3 8964 8499 8968 
3 8973 8991 8979 
3 8979 8984 8958 
3 8959 8985 8987 
3 8966 8980 8970 
3 8967 8970 8981 
3 8967 8981 8971 
3 8971 8981 8976 
3 8971 8976 8688 
3 8977 8499 8693 
3 8978 8972 8977 
3 8960 8987 8966 
3 8988 8688 8976 
3 8973 8993 8991 
3 8979 8991 8984 
3 8974 8984 9000 
3 8975 8969 8985 
3 8985 8994 8987 
3 8966 8987 8980 
3 8974 9000 8969 
3 8969 9001 8985 
3 8987 8994 8986 
3 8977 8693 8982 
3 8978 8977 8982 
3 8970 8980 8981 
3 8981 8992 8976 
3 8976 8992 8988 
3 8978 8982 8983 
3 8982 8990 8983 
3 8969 9000 9001 
3 8982 8989 8990 
3 8984 8991 9000 
3 8987 8986 8980 
3 8980 8997 8981 
3 8993 8995 8991 
3 8991 8996 9000 
3 9000 9005 9001 
3 8981 8997 8992 
3 8989 8699 8990 
3 8991 8995 8996 
3 8985 9001 8994 
3 8980 8986 9008 
3 8980 9008 8997 
3 8997 9011 8992 
3 8992 8998 8988 
3 8990 8699 8999 
3 8996 9007 9000 
3 8699 8700 8999 
3 9000 9007 9005 
3 8994 9002 8986 
3 9011 9006 8992 
3 8992 9006 8998 
3 8999 8700 9297 
3 8993 9301 8995 
3 8995 9009 8996 
3 8996 9004 9007 
3 8994 9001 9002 
3 8997 9008 9011 
3 9301 9020 8995 
3 8995 9020 9009 
3 8996 9009 9004 
3 9005 9007 9017 
3 8702 8700 8510 
3 8702 9297 8700 
3 9005 9019 9001 
3 8986 9002 9024 
3 9006 9012 8998 
3 8998 9012 8703 
3 9016 9003 9013 
3 9013 9003 9297 
3 9013 9297 8702 
3 9004 9010 9007 
3 9007 9010 9017 
3 9005 9017 9019 
3 9001 9019 9002 
3 8986 9024 9025 
3 8986 9025 9008 
3 9008 9014 9011 
3 9025 9014 9008 
3 9011 9014 9006 
3 9013 8702 9015 
3 9004 9009 9010 
3 9017 9018 9019 
3 9014 9012 9006 
3 9012 8708 8703 
3 9010 9018 9017 
3 9025 9021 9014 
3 9021 9030 9014 
3 9014 9030 9012 
3 9012 9030 8708 
3 9027 9016 9013 
3 9027 9013 9015 
3 9304 9010 9009 
3 9018 9029 9019 
3 9019 9029 9023 
3 9019 9023 9002 
3 9030 9022 8708 
3 9027 9015 8711 
3 9010 9046 9018 
3 9002 9023 9024 
3 9024 9031 9025 
3 9025 9026 9021 
3 9021 9026 9030 
3 9028 9027 8711 
3 9010 9304 9046 
3 9023 9029 9034 
3 9025 9031 9026 
3 9030 9036 9022 
3 9022 8716 8708 
3 9028 8711 8713 
3 9046 9033 9018 
3 9018 9033 9029 
3 9024 9023 9031 
3 9026 9037 9030 
3 9030 9037 9036 
3 9022 9036 8716 
3 9033 9040 9029 
3 9029 9040 9034 
3 9023 9034 9035 
3 9023 9035 9031 
3 9037 9026 9031 
3 9028 8713 8718 
3 9028 8718 9032 
3 9034 9041 9035 
3 9044 9031 9035 
3 9037 9031 9044 
3 9037 9045 9036 
3 9036 9038 8716 
3 9032 8718 9039 
3 9045 9038 9036 
3 8718 8719 9039 
3 9050 9040 9033 
3 9043 9041 9318 
3 9041 9034 9318 
3 9041 9043 9035 
3 9035 9043 9044 
3 9037 9044 9047 
3 9037 9047 9045 
3 9045 8723 9038 
3 9043 9318 9051 
3 9044 9043 9047 
3 9047 8723 9045 
3 9039 8719 8729 
3 9039 8729 9048 
3 9049 9042 9048 
3 9048 9042 9039 
3 9051 9047 9043 
3 9051 9053 9047 
3 9047 9053 8727 
3 8727 8725 8723 
3 9047 8727 8723 
3 9052 9049 9048 
3 9057 9051 9318 
3 8727 9053 9054 
3 9048 8729 9052 
3 9051 9057 9053 
3 9055 8729 8529 
3 9055 9052 8729 
3 9052 9056 9049 
3 9057 9058 9053 
3 9053 9058 9054 
3 9054 8732 8727 
3 9052 9055 9059 
3 9052 9059 9056 
3 9060 9057 9320 
3 9057 9060 9058 
3 9054 8736 8732 
3 8734 8736 9054 
3 9058 8734 9054 
3 9059 9055 8735 
3 9060 9062 9058 
3 9058 9062 9061 
3 9058 9061 8734 
3 8735 9056 9059 
3 9056 8735 9065 
3 9060 9067 9062 
3 8734 9061 8738 
3 9067 9066 9062 
3 9062 9063 9061 
3 9061 9063 9064 
3 9061 9064 8738 
3 9069 9065 8735 
3 9069 8735 8741 
3 9062 9066 9063 
3 9063 8742 9064 
3 9070 9065 9069 
3 9071 9066 9333 
3 9066 9067 9333 
3 9066 8744 9063 
3 9063 8746 8742 
3 8744 8746 9063 
3 9069 8741 9068 
3 9335 9073 9333 
3 9071 9333 9073 
3 9071 9073 9075 
3 9071 9072 9066 
3 9066 9072 8744 
3 9070 9069 9068 
3 9073 9074 9075 
3 9075 9072 9071 
3 9076 9068 8747 
3 9070 9068 9076 
3 9070 9076 9077 
3 9073 9335 9080 
3 9073 9080 9074 
3 9072 8753 8745 
3 9074 8753 9072 
3 9075 9074 9072 
3 9078 9077 9076 
3 9080 8752 9074 
3 8752 8753 9074 
3 9076 8747 8751 
3 9078 9076 8754 
3 9079 9081 9080 
3 9080 9081 9082 
3 9080 9082 8752 
3 9083 9078 9085 
3 9085 9078 8754 
3 9081 9350 9084 
3 9081 9084 9092 
3 9081 9092 9082 
3 9086 9083 9085 
3 9086 9088 9083 
3 9084 9350 9353 
3 9092 8755 9082 
3 9085 8754 8758 
3 9085 8758 9086 
3 9087 9088 9086 
3 9087 9089 9088 
3 9089 9093 9088 
3 9353 9090 9091 
3 9353 9091 9084 
3 9084 9091 9092 
3 9086 8758 8759 
3 9086 8759 9087 
3 9087 8763 9089 
3 9089 8763 8765 
3 9093 9089 8765 
3 9093 9094 9090 
3 9090 9094 9091 
3 9091 8760 9092 
3 9092 8760 8761 
3 9092 8761 8755 
3 9087 8759 8763 
3 9093 8765 9094 
3 9091 8766 8760 
3 9091 9094 8766 
3 9094 8765 8769 
3 9094 8769 8766 
3 8771 8773 9355 
3 8776 8771 9355 
3 8773 9354 9355 
3 9098 9100 9095 
3 9095 9100 9354 
3 9095 9354 8773 
3 8776 9102 8774 
3 8774 9102 9103 
3 8774 9103 9096 
3 9103 9104 9096 
3 9099 9097 9110 
3 9097 9099 9098 
3 9098 9099 9100 
3 9355 9102 8776 
3 9096 9104 9105 
3 9107 8778 9105 
3 9101 9354 9100 
3 9105 9104 9106 
3 9100 9099 9101 
3 9103 9106 9104 
3 9105 9106 9107 
3 9110 8781 9109 
3 9110 9357 9099 
3 9107 9106 9111 
3 9107 9111 8780 
3 9111 9108 8780 
3 8782 8780 9108 
3 8785 8782 9108 
3 9109 9114 9110 
3 9114 9357 9110 
3 9113 8785 9108 
3 8786 8785 9113 
3 9109 8789 9116 
3 9112 9108 9111 
3 9108 9112 9115 
3 9108 9115 9113 
3 9113 8788 8786 
3 9109 9116 9114 
3 9113 8791 8788 
3 9118 8791 9113 
3 9115 9118 9113 
3 9116 8789 8792 
3 9115 9112 9117 
3 9115 9117 9118 
3 9116 8792 9121 
3 9119 8791 9118 
3 9121 8792 8795 
3 9117 9368 9118 
3 9118 9368 9119 
3 9368 9120 9119 
3 9121 8795 8800 
3 9368 9371 9123 
3 9368 9123 9120 
3 9123 8799 9120 
3 8800 9372 9121 
3 9371 9122 9123 
3 9124 9372 8800 
3 9122 9371 9125 
3 9126 8799 9123 
3 9122 9126 9123 
3 9122 9125 9376 
3 8800 8804 9124 
3 9122 9376 9127 
3 9122 9127 9128 
3 9122 9128 9126 
3 8804 9133 9124 
3 9128 8805 9126 
3 8804 9130 9133 
3 9132 9127 9129 
3 9127 9376 9129 
3 9127 9131 9128 
3 9128 8809 8805 
3 9131 8809 9128 
3 9127 9132 9131 
3 9131 9134 8809 
3 9135 9132 9138 
3 9132 9135 9131 
3 9131 9135 9134 
3 9134 8810 8809 
3 8810 9134 9137 
3 9130 9385 9133 
3 8815 8810 9137 
3 9385 9130 8820 
3 9135 9136 9134 
3 9137 9140 8815 
3 9144 9385 8820 
3 9136 9135 9138 
3 9134 9136 9146 
3 9134 9146 9137 
3 9139 9136 9138 
3 9137 9146 9141 
3 9137 9141 9140 
3 9144 8820 8829 
3 9136 9139 9145 
3 9136 9145 9146 
3 9142 9143 9140 
3 9141 9142 9140 
3 9141 9146 9148 
3 9141 9148 9142 
3 9142 9148 9149 
3 9142 9149 9143 
3 9149 8830 9143 
3 9387 9144 8829 
3 9146 9145 9147 
3 9146 9147 9148 
3 9149 9150 8830 
3 8829 9391 9387 
3 9145 9151 9147 
3 8829 8833 9391 
3 9148 9147 9152 
3 9148 9152 9149 
3 9150 9149 8835 
3 9147 9151 9152 
3 8839 8835 9149 
3 9152 8839 9149 
3 9154 8837 8842 
3 9154 8833 8837 
3 9391 8833 9154 
3 9151 9153 9152 
3 9152 9153 9155 
3 9152 9155 8839 
3 9154 9156 9391 
3 9398 9153 9151 
3 9153 9157 9155 
3 9154 9159 9156 
3 9398 9162 9153 
3 9157 8843 9155 
3 8842 9159 9154 
3 9153 9158 9157 
3 8847 8843 9157 
3 9158 8847 9157 
3 9159 8842 8607 
3 9153 9162 9158 
3 8853 9159 8607 
3 9159 8853 9160 
3 9159 9160 9399 
3 9162 9163 9158 
3 9158 9161 8847 
3 9399 9160 9407 
3 9163 9166 9158 
3 9158 8858 9161 
3 9160 8853 9407 
3 8853 9164 9407 
3 9164 8853 8855 
3 9163 9165 9166 
3 9158 9166 8858 
3 8855 8860 9164 
3 9170 9163 9411 
3 9163 9170 9165 
3 9166 9169 8858 
3 9412 9164 8860 
3 9167 8860 8865 
3 9412 8860 9167 
3 9165 9168 9166 
3 9166 9168 9169 
3 9172 9167 8865 
3 9165 9170 9174 
3 9165 9174 9168 
3 8867 8862 9169 
3 9168 8867 9169 
3 9172 8865 9171 
3 9170 9179 9174 
3 9170 9173 9179 
3 9168 9174 9175 
3 9168 9175 8867 
3 9173 9178 9179 
3 9172 9171 9176 
3 9174 9179 9181 
3 9174 9181 9175 
3 8870 8867 9175 
3 8869 9176 9171 
3 9177 9176 8869 
3 9179 9180 9181 
3 9181 8870 9175 
3 9179 9178 9180 
3 9182 8869 8873 
3 9182 9177 8869 
3 9178 9173 9445 
3 9178 9445 9184 
3 9181 8876 8870 
3 9177 9182 9183 
3 9178 9184 9185 
3 9178 9185 9180 
3 9180 9185 9188 
3 9180 9188 9181 
3 9188 8876 9181 
3 8877 9183 9182 
3 8878 8876 9188 
3 9183 8877 9448 
3 8877 8883 9448 
3 9184 9456 9187 
3 9185 9191 9188 
3 9188 8884 8878 
3 8883 9190 9189 
3 9452 9193 9453 
3 9453 9193 9194 
3 9184 9187 9196 
3 9184 9196 9185 
3 9185 9196 9191 
3 9191 8884 9188 
3 9190 8883 8880 
3 9190 9192 9189 
3 9191 9199 8884 
3 9199 8886 8884 
3 9193 9461 9195 
3 9187 9200 9196 
3 9191 9196 9199 
3 9190 8888 9192 
3 9206 9193 9195 
3 9193 9202 9194 
3 9196 9200 9204 
3 9196 9204 9199 
3 9192 8888 9197 
3 8888 9201 9197 
3 9206 9202 9193 
3 9194 9202 9212 
3 9194 9212 9198 
3 9200 9203 9204 
3 9199 9205 8886 
3 8888 8889 9201 
3 9208 9468 9198 
3 9200 9209 9203 
3 8889 8890 9201 
3 9206 9195 9214 
3 9198 9212 9208 
3 9199 9204 9207 
3 9199 9207 9205 
3 9205 9207 8894 
3 8893 9201 8890 
3 9203 9220 9204 
3 9202 9222 9212 
3 9209 9219 9203 
3 9204 9220 9216 
3 9204 9216 9207 
3 9195 9227 9214 
3 9206 9214 9217 
3 9206 9217 9202 
3 9202 9217 9222 
3 9219 9209 9213 
3 9203 9219 9220 
3 9210 8896 9211 
3 8893 8896 9210 
3 9208 9212 9218 
3 9207 9216 8894 
3 9222 9217 9236 
3 9212 9222 9231 
3 9219 9213 9215 
3 9221 8896 8900 
3 9221 9211 8896 
3 9221 9224 9211 
3 9218 9228 9482 
3 9212 9231 9218 
3 9228 9225 9482 
3 9225 9483 9482 
3 9483 9225 9226 
3 9215 9226 9239 
3 9215 9233 9219 
3 9219 9234 9220 
3 9220 9234 8903 
3 9220 8903 9216 
3 9221 8900 9223 
3 9224 9221 9223 
3 9222 9236 9231 
3 9218 9231 9232 
3 9219 9233 9234 
3 9224 9223 9229 
3 9227 9246 9214 
3 9214 9230 9217 
3 9218 9232 9228 
3 9215 9239 9233 
3 9228 9232 9238 
3 9228 9238 9225 
3 9225 9237 9226 
3 9226 9237 9239 
3 9233 9243 9234 
3 9235 9223 8904 
3 9235 9229 9223 
3 9217 9230 9236 
3 9234 9243 8907 
3 9234 8905 8903 
3 9234 8907 8905 
3 9240 9229 9235 
3 9246 9227 9497 
3 9246 9230 9214 
3 9236 9242 9231 
3 9231 9242 9232 
3 9225 9238 9237 
3 9239 9245 9233 
3 9233 9245 9243 
3 9239 9255 9245 
3 8913 8907 9243 
3 9240 9235 8908 
3 9230 9246 9244 
3 9230 9244 9241 
3 9230 9241 9236 
3 9242 9238 9232 
3 9238 9249 9237 
3 9239 9237 9255 
3 9252 9240 8908 
3 9497 9253 9246 
3 9236 9241 9242 
3 9238 9247 9248 
3 9238 9248 9249 
3 9237 9250 9255 
3 9243 9245 8913 
3 9242 9247 9238 
3 9237 9249 9250 
3 9242 9254 9247 
3 9249 8921 9250 
3 8908 8912 9251 
3 9252 8908 9251 
3 9246 9264 9244 
3 9241 9256 9242 
3 9242 9256 9254 
3 9249 9248 8921 
3 9245 9261 8913 
3 9244 9264 9265 
3 9244 9265 9241 
3 9241 9265 9256 
3 9247 9254 8919 
3 9247 8919 9248 
3 9251 8912 8666 
3 9257 9252 9251 
3 9253 9259 9246 
3 9246 9259 9264 
3 9248 8915 8921 
3 9255 9250 9262 
3 9255 9262 9261 
3 9255 9261 9245 
3 9253 9258 9259 
3 9256 9265 9269 
3 9256 9260 9254 
3 9251 8666 8924 
3 9257 9251 8924 
3 9263 9257 8924 
3 9256 9269 9260 
3 9259 9258 9272 
3 9260 8932 8920 
3 9262 9250 9267 
3 9261 8928 8926 
3 9261 9262 8928 
3 9259 9272 9264 
3 9264 9270 9265 
3 8920 8933 8922 
3 8921 9267 9250 
3 8921 8925 9267 
3 9267 8928 9262 
3 8924 9266 9263 
3 9258 9504 9272 
3 9265 9270 9269 
3 9269 8946 9260 
3 9267 8930 8928 
3 9268 9266 8931 
3 9264 9272 9270 
3 8925 8930 9267 
3 9273 9268 8931 
3 9269 9271 8946 
3 9274 9268 9273 
3 9270 9271 9269 
3 8931 8676 9273 
3 9272 9277 9270 
3 9273 8676 8942 
3 9272 9504 9275 
3 9272 9275 9277 
3 9276 9274 9273 
3 9276 9273 8942 
3 9270 9278 9271 
3 8942 8944 8945 
3 9270 9277 9278 
3 8957 9271 9278 
3 8942 8945 9279 
3 9276 8942 9279 
3 9514 9274 9276 
3 9504 9284 9275 
3 9277 9275 9278 
3 9280 9514 9276 
3 9280 9276 9279 
3 9275 9281 9278 
3 9278 8962 8957 
3 9279 8955 8956 
3 9280 9279 8956 
3 9282 9280 8956 
3 9281 8962 9278 
3 9284 9287 9275 
3 9275 9287 9281 
3 9283 8956 8968 
3 9282 8956 9283 
3 9285 9282 9283 
3 8973 8962 9281 
3 8972 9283 8968 
3 9281 9287 8973 
3 9289 9286 9285 
3 9289 9285 9283 
3 9284 9294 9287 
3 9283 8972 8978 
3 9289 9283 8978 
3 9289 8978 9288 
3 9288 8978 8983 
3 9524 9286 9290 
3 9290 9286 9289 
3 9290 9289 9288 
3 9287 9293 8973 
3 9288 8983 9291 
3 9288 9291 9290 
3 9287 9294 9293 
3 8973 9293 8993 
3 8983 8990 9292 
3 9291 8983 9292 
3 9295 9524 9290 
3 9295 9290 9291 
3 9292 8990 8999 
3 9296 9295 9291 
3 8993 9293 9301 
3 9292 8999 9297 
3 9291 9292 9297 
3 9291 9297 9299 
3 9291 9299 9296 
3 9299 9297 9003 
3 9298 9296 9299 
3 9294 9535 9293 
3 9299 9003 9016 
3 9299 9016 9300 
3 9299 9300 9298 
3 9301 9303 9020 
3 9303 9306 9020 
3 9009 9020 9306 
3 9544 9298 9300 
3 9293 9551 9301 
3 9009 9306 9304 
3 9302 9027 9028 
3 9016 9027 9302 
3 9300 9016 9302 
3 9300 9302 9544 
3 9301 9551 9303 
3 9551 9305 9303 
3 9303 9305 9306 
3 9552 9544 9302 
3 9302 9028 9032 
3 9302 9032 9042 
3 9302 9042 9552 
3 9307 9046 9304 
3 9305 9551 9556 
3 9306 9305 9310 
3 9042 9032 9039 
3 9306 9310 9304 
3 9034 9040 9309 
3 9318 9034 9309 
3 9308 9552 9314 
3 9314 9552 9042 
3 9304 9310 9307 
3 9046 9307 9050 
3 9033 9046 9050 
3 9314 9042 9049 
3 9050 9309 9040 
3 9309 9313 9318 
3 9312 9308 9311 
3 9311 9308 9314 
3 9305 9563 9310 
3 9310 9315 9307 
3 9307 9315 9050 
3 9050 9316 9309 
3 9322 9312 9311 
3 9563 9319 9310 
3 9310 9319 9315 
3 9315 9316 9050 
3 9309 9316 9317 
3 9309 9317 9313 
3 9314 9049 9311 
3 9311 9049 9056 
3 9311 9321 9322 
3 9315 9323 9316 
3 9316 9323 9317 
3 9317 9320 9313 
3 9313 9320 9318 
3 9318 9320 9057 
3 9311 9056 9321 
3 9317 9323 9326 
3 9317 9326 9320 
3 9315 9325 9323 
3 9326 9060 9320 
3 9321 9056 9065 
3 9321 9327 9322 
3 9322 9327 9565 
3 9323 9325 9326 
3 9326 9329 9060 
3 9329 9067 9060 
3 9573 9565 9327 
3 9328 9325 9331 
3 9325 9328 9326 
3 9326 9328 9329 
3 9327 9321 9065 
3 9327 9065 9330 
3 9328 9332 9329 
3 9330 9065 9070 
3 9327 9330 9336 
3 9327 9336 9573 
3 9328 9331 9334 
3 9328 9334 9332 
3 9329 9332 9333 
3 9329 9333 9067 
3 9573 9336 9338 
3 9334 9331 9582 
3 9332 9335 9333 
3 9330 9070 9077 
3 9336 9330 9077 
3 9582 9341 9334 
3 9334 9342 9332 
3 9332 9342 9335 
3 9336 9077 9343 
3 9336 9343 9338 
3 9337 9338 9346 
3 9339 9337 9346 
3 9582 9340 9341 
3 9341 9345 9334 
3 9334 9345 9342 
3 9342 9080 9335 
3 9343 9077 9078 
3 9338 9343 9346 
3 9339 9346 9348 
3 9348 9344 9339 
3 9344 9584 9339 
3 9584 9344 9340 
3 9344 9349 9340 
3 9340 9349 9341 
3 9341 9350 9345 
3 9342 9079 9080 
3 9345 9079 9342 
3 9343 9078 9083 
3 9343 9083 9346 
3 9346 9347 9348 
3 9341 9349 9350 
3 9350 9081 9345 
3 9345 9081 9079 
3 9346 9083 9347 
3 9348 9352 9344 
3 9344 9352 9351 
3 9344 9351 9349 
3 9347 9083 9088 
3 9347 9088 9348 
3 9348 9088 9352 
3 9351 9353 9349 
3 9349 9353 9350 
3 9352 9088 9093 
3 9351 9352 9093 
3 9351 9093 9090 
3 9351 9090 9353 
3 9358 9354 9101 
3 9354 9358 9355 
3 9102 9356 9103 
3 9099 9361 9101 
3 9355 9358 9359 
3 9355 9359 9102 
3 9102 9359 9356 
3 9099 9357 9361 
3 9101 9585 9358 
3 9103 9356 9362 
3 9103 9360 9106 
3 9101 9361 9588 
3 9101 9588 9585 
3 9103 9362 9360 
3 9360 9363 9106 
3 9106 9363 9111 
3 9357 9364 9361 
3 9589 9360 9362 
3 9589 9363 9360 
3 9111 9363 9365 
3 9112 9111 9365 
3 9114 9597 9364 
3 9114 9364 9357 
3 9361 9364 9588 
3 9363 9591 9365 
3 9114 9116 9370 
3 9365 9591 9366 
3 9365 9366 9112 
3 9366 9117 9112 
3 9114 9370 9597 
3 9599 9366 9591 
3 9366 9367 9117 
3 9117 9367 9368 
3 9366 9599 9367 
3 9369 9116 9121 
3 9116 9369 9370 
3 9599 9602 9367 
3 9367 9602 9371 
3 9367 9371 9368 
3 9369 9121 9372 
3 9370 9605 9597 
3 9602 9373 9371 
3 9605 9370 9369 
3 9373 9125 9371 
3 9373 9602 9375 
3 9372 9374 9369 
3 9369 9374 9605 
3 9373 9375 9125 
3 9124 9374 9372 
3 9375 9376 9125 
3 9375 9377 9376 
3 9124 9378 9374 
3 9378 9124 9133 
3 9377 9129 9376 
3 9377 9609 9129 
3 9378 9133 9379 
3 9609 9380 9129 
3 9381 9132 9129 
3 9129 9380 9381 
3 9381 9138 9132 
3 9385 9379 9133 
3 9385 9382 9379 
3 9380 9383 9381 
3 9381 9383 9384 
3 9381 9384 9138 
3 9385 9616 9382 
3 9138 9384 9139 
3 9387 9385 9144 
3 9385 9620 9616 
3 9384 9383 9386 
3 9384 9386 9139 
3 9145 9139 9389 
3 9387 9620 9385 
3 9388 9386 9383 
3 9139 9386 9389 
3 9388 9390 9386 
3 9151 9145 9389 
3 9386 9390 9393 
3 9386 9393 9389 
3 9389 9393 9151 
3 9387 9391 9396 
3 9387 9396 9620 
3 9390 9388 9392 
3 9390 9395 9393 
3 9392 9394 9390 
3 9390 9394 9395 
3 9391 9156 9396 
3 9394 9392 9629 
3 9393 9398 9151 
3 9394 9629 9397 
3 9394 9397 9402 
3 9394 9402 9395 
3 9395 9402 9393 
3 9631 9636 9629 
3 9393 9402 9398 
3 9399 9156 9159 
3 9156 9399 9642 
3 9156 9642 9396 
3 9629 9636 9397 
3 9397 9401 9402 
3 9402 9162 9398 
3 9400 9640 9635 
3 9636 9405 9397 
3 9397 9405 9401 
3 9641 9642 9407 
3 9407 9642 9399 
3 9636 9640 9405 
3 9405 9410 9401 
3 9402 9401 9406 
3 9402 9406 9162 
3 9400 9409 9640 
3 9640 9404 9405 
3 9401 9410 9406 
3 9407 9164 9412 
3 9403 9418 9408 
3 9403 9408 9400 
3 9400 9408 9409 
3 9409 9404 9640 
3 9405 9404 9410 
3 9410 9420 9406 
3 9406 9411 9162 
3 9162 9411 9163 
3 9407 9412 9646 
3 9407 9646 9641 
3 9409 9413 9404 
3 9406 9421 9411 
3 9404 9419 9414 
3 9404 9414 9410 
3 9410 9414 9420 
3 9406 9420 9421 
3 9170 9411 9417 
3 9416 9412 9167 
3 9412 9416 9646 
3 9408 9415 9409 
3 9409 9415 9413 
3 9413 9419 9404 
3 9643 9423 9418 
3 9418 9424 9408 
3 9408 9424 9415 
3 9420 9428 9421 
3 9421 9417 9411 
3 9416 9167 9422 
3 9417 9173 9170 
3 9422 9167 9172 
3 9423 9430 9418 
3 9418 9430 9424 
3 9413 9425 9419 
3 9414 9419 9436 
3 9414 9433 9420 
3 9420 9433 9428 
3 9428 9426 9421 
3 9421 9426 9417 
3 9429 9422 9172 
3 9415 9438 9413 
3 9419 9425 9431 
3 9414 9436 9440 
3 9414 9440 9433 
3 9429 9172 9176 
3 9423 9432 9430 
3 9413 9438 9425 
3 9419 9431 9436 
3 9426 9173 9417 
3 9422 9429 9427 
3 9429 9176 9177 
3 9427 9429 9437 
3 9432 9446 9430 
3 9430 9434 9424 
3 9424 9434 9415 
3 9415 9434 9438 
3 9426 9428 9445 
3 9426 9445 9173 
3 9425 9435 9431 
3 9655 9449 9432 
3 9446 9447 9430 
3 9425 9438 9443 
3 9425 9443 9435 
3 9431 9435 9436 
3 9439 9177 9183 
3 9429 9177 9439 
3 9437 9429 9439 
3 9430 9447 9434 
3 9436 9459 9440 
3 9428 9441 9445 
3 9437 9439 9657 
3 9432 9449 9446 
3 9434 9450 9438 
3 9438 9450 9443 
3 9443 9444 9435 
3 9433 9440 9455 
3 9433 9455 9428 
3 9428 9455 9441 
3 9445 9441 9456 
3 9447 9442 9434 
3 9443 9453 9444 
3 9440 9459 9455 
3 9439 9183 9448 
3 9657 9439 9448 
3 9449 9460 9446 
3 9442 9450 9434 
3 9443 9452 9453 
3 9453 9186 9444 
3 9456 9184 9445 
3 9657 9448 9660 
3 9446 9460 9447 
3 9461 9452 9443 
3 9450 9461 9443 
3 9444 9454 9435 
3 9189 9660 9448 
3 9451 9449 9659 
3 9449 9451 9460 
3 9450 9442 9457 
3 9450 9457 9461 
3 9441 9455 9462 
3 9441 9462 9456 
3 9448 8883 9189 
3 9660 9189 9458 
3 9460 9463 9447 
3 9186 9453 9194 
3 9435 9465 9436 
3 9436 9465 9459 
3 9455 9459 9462 
3 9659 9666 9451 
3 9447 9463 9442 
3 9461 9193 9452 
3 9186 9467 9444 
3 9444 9467 9454 
3 9435 9454 9465 
3 9456 9462 9187 
3 9464 9189 9192 
3 9464 9458 9189 
3 9186 9194 9198 
3 9451 9472 9460 
3 9463 9471 9442 
3 9442 9471 9457 
3 9186 9198 9467 
3 9459 9466 9462 
3 9462 9469 9187 
3 9200 9187 9469 
3 9464 9192 9197 
3 9451 9666 9472 
3 9460 9472 9463 
3 9457 9471 9195 
3 9457 9195 9461 
3 9454 9468 9465 
3 9459 9465 9466 
3 9462 9466 9469 
3 9454 9467 9468 
3 9465 9468 9474 
3 9465 9474 9477 
3 9465 9477 9466 
3 9470 9464 9197 
3 9666 9484 9472 
3 9463 9473 9471 
3 9467 9198 9468 
3 9466 9213 9469 
3 9469 9213 9209 
3 9469 9209 9200 
3 9197 9201 9475 
3 9470 9197 9475 
3 9463 9472 9473 
3 9466 9477 9213 
3 9475 9201 8893 
3 9470 9475 9478 
3 9475 9481 9478 
3 9473 9476 9471 
3 9476 9195 9471 
3 9475 8893 9210 
3 9472 9480 9473 
3 9468 9482 9474 
3 9474 9482 9483 
3 9474 9483 9477 
3 9477 9483 9479 
3 9477 9479 9213 
3 9475 9210 9211 
3 9481 9475 9211 
3 9472 9484 9480 
3 9473 9480 9476 
3 9481 9670 9478 
3 9476 9227 9195 
3 9468 9208 9218 
3 9468 9218 9482 
3 9481 9211 9224 
3 9481 9224 9670 
3 9484 9485 9480 
3 9479 9215 9213 
3 9670 9224 9486 
3 9675 9670 9486 
3 9484 9488 9485 
3 9480 9489 9476 
3 9483 9226 9479 
3 9479 9226 9215 
3 9486 9224 9229 
3 9487 9675 9486 
3 9488 9496 9485 
3 9485 9489 9480 
3 9476 9489 9227 
3 9486 9229 9487 
3 9495 9675 9487 
3 9488 9690 9496 
3 9487 9490 9495 
3 9497 9227 9489 
3 9487 9229 9240 
3 9487 9240 9490 
3 9485 9491 9489 
3 9497 9489 9491 
3 9490 9494 9495 
3 9485 9496 9493 
3 9485 9493 9491 
3 9490 9240 9252 
3 9490 9252 9494 
3 9491 9493 9497 
3 9501 9492 9495 
3 9501 9495 9494 
3 9496 9690 9499 
3 9496 9499 9493 
3 9492 9501 9498 
3 9494 9252 9500 
3 9494 9500 9506 
3 9494 9506 9501 
3 9493 9502 9497 
3 9500 9252 9257 
3 9690 9505 9499 
3 9493 9499 9502 
3 9502 9253 9497 
3 9499 9505 9502 
3 9502 9258 9253 
3 9500 9257 9263 
3 9500 9263 9503 
3 9506 9500 9503 
3 9507 9498 9501 
3 9690 9693 9505 
3 9258 9502 9505 
3 9268 9263 9266 
3 9268 9503 9263 
3 9507 9501 9506 
3 9505 9504 9258 
3 9506 9503 9268 
3 9505 9510 9504 
3 9268 9274 9508 
3 9506 9268 9508 
3 9506 9508 9507 
3 9509 9507 9508 
3 9508 9274 9512 
3 9508 9512 9509 
3 9510 9284 9504 
3 9512 9274 9514 
3 9512 9514 9515 
3 9512 9515 9509 
3 9513 9509 9515 
3 9511 9724 9510 
3 9514 9280 9282 
3 9515 9514 9282 
3 9516 9712 9513 
3 9516 9513 9515 
3 9724 9284 9510 
3 9515 9282 9516 
3 9516 9282 9518 
3 9517 9712 9519 
3 9519 9712 9516 
3 9518 9282 9285 
3 9516 9518 9519 
3 9518 9285 9286 
3 9519 9523 9517 
3 9521 9517 9523 
3 9724 9525 9284 
3 9724 9520 9525 
3 9284 9525 9294 
3 9519 9518 9522 
3 9519 9522 9523 
3 9518 9286 9524 
3 9522 9518 9524 
3 9521 9523 9526 
3 9527 9729 9528 
3 9528 9729 9526 
3 9522 9524 9530 
3 9526 9523 9528 
3 9530 9524 9295 
3 9522 9530 9531 
3 9522 9531 9523 
3 9523 9531 9532 
3 9523 9532 9528 
3 9530 9295 9296 
3 9530 9296 9536 
3 9531 9530 9536 
3 9533 9527 9528 
3 9529 9534 9525 
3 9525 9535 9294 
3 9528 9532 9533 
3 9536 9296 9298 
3 9531 9536 9537 
3 9531 9537 9532 
3 9534 9529 9752 
3 9525 9534 9535 
3 9532 9539 9533 
3 9532 9537 9539 
3 9541 9533 9539 
3 9536 9298 9544 
3 9537 9536 9544 
3 9534 9752 9538 
3 9537 9544 9540 
3 9537 9540 9539 
3 9534 9543 9535 
3 9539 9545 9541 
3 9538 9543 9534 
3 9535 9551 9293 
3 9540 9547 9539 
3 9539 9547 9545 
3 9545 9755 9541 
3 9543 9538 9542 
3 9543 9551 9535 
3 9540 9544 9547 
3 9553 9755 9545 
3 9542 9550 9546 
3 9542 9546 9543 
3 9543 9546 9549 
3 9543 9549 9551 
3 9547 9544 9552 
3 9545 9547 9553 
3 9548 9755 9553 
3 9548 9756 9757 
3 9550 9542 9758 
3 9553 9554 9548 
3 9548 9758 9756 
3 9553 9561 9554 
3 9546 9555 9549 
3 9547 9312 9553 
3 9548 9557 9758 
3 9546 9550 9555 
3 9549 9555 9556 
3 9549 9556 9551 
3 9547 9552 9308 
3 9312 9547 9308 
3 9553 9312 9561 
3 9758 9557 9759 
3 9758 9759 9550 
3 9556 9563 9305 
3 9548 9554 9557 
3 9550 9759 9559 
3 9550 9559 9555 
3 9555 9562 9556 
3 9558 9759 9557 
3 9559 9759 9558 
3 9556 9562 9563 
3 9557 9554 9566 
3 9557 9566 9567 
3 9557 9567 9558 
3 9559 9558 9560 
3 9559 9560 9555 
3 9555 9560 9568 
3 9555 9568 9562 
3 9312 9322 9565 
3 9561 9312 9565 
3 9563 9562 9564 
3 9561 9565 9569 
3 9561 9569 9554 
3 9554 9569 9566 
3 9563 9564 9319 
3 9558 9567 9560 
3 9560 9570 9568 
3 9562 9568 9564 
3 9569 9565 9573 
3 9566 9576 9567 
3 9560 9567 9570 
3 9568 9570 9571 
3 9568 9571 9564 
3 9564 9571 9572 
3 9564 9572 9319 
3 9319 9572 9324 
3 9315 9319 9324 
3 9315 9324 9325 
3 9569 9573 9575 
3 9569 9575 9566 
3 9567 9576 9570 
3 9571 9574 9572 
3 9566 9575 9576 
3 9570 9577 9574 
3 9570 9574 9571 
3 9572 9578 9324 
3 9324 9331 9325 
3 9570 9576 9577 
3 9572 9574 9580 
3 9572 9580 9578 
3 9578 9579 9324 
3 9324 9579 9331 
3 9575 9573 9338 
3 9576 9575 9583 
3 9576 9583 9577 
3 9575 9338 9337 
3 9575 9337 9583 
3 9577 9583 9581 
3 9577 9581 9574 
3 9574 9581 9580 
3 9580 9579 9578 
3 9579 9582 9331 
3 9583 9337 9339 
3 9581 9583 9339 
3 9581 9339 9584 
3 9581 9584 9580 
3 9580 9584 9340 
3 9579 9340 9582 
3 9580 9340 9579 
3 9358 9585 9592 
3 9358 9592 9586 
3 9359 9358 9586 
3 9356 9359 9594 
3 9362 9356 9587 
3 9588 9590 9592 
3 9592 9585 9588 
3 9359 9586 9594 
3 9356 9594 9587 
3 9362 9587 9764 
3 9589 9362 9764 
3 9363 9589 9591 
3 9364 9596 9588 
3 9588 9596 9590 
3 9593 9760 9592 
3 9760 9586 9592 
3 9760 9762 9586 
3 9762 9594 9586 
3 9594 9763 9587 
3 9587 9763 9764 
3 9596 9364 9597 
3 9590 9593 9592 
3 9596 9598 9590 
3 9590 9766 9593 
3 9764 9595 9589 
3 9589 9595 9591 
3 9590 9598 9766 
3 9591 9765 9601 
3 9601 9599 9591 
3 9597 9600 9596 
3 9769 9598 9596 
3 9765 9591 9595 
3 9600 9597 9605 
3 9596 9600 9769 
3 9601 9603 9599 
3 9603 9602 9599 
3 9601 9765 9603 
3 9600 9775 9769 
3 9603 9375 9602 
3 9605 9775 9600 
3 9603 9604 9375 
3 9374 9606 9605 
3 9606 9775 9605 
3 9604 9377 9375 
3 9374 9607 9606 
3 9604 9609 9377 
3 9607 9374 9378 
3 9607 9780 9606 
3 9604 9608 9610 
3 9604 9610 9609 
3 9378 9612 9607 
3 9607 9612 9780 
3 9378 9379 9612 
3 9608 9611 9610 
3 9610 9380 9609 
3 9614 9611 9784 
3 9610 9611 9615 
3 9610 9615 9380 
3 9379 9382 9612 
3 9382 9788 9612 
3 9611 9614 9615 
3 9614 9790 9613 
3 9380 9615 9383 
3 9614 9617 9615 
3 9382 9616 9788 
3 9614 9613 9621 
3 9614 9621 9617 
3 9615 9617 9383 
3 9617 9622 9383 
3 9613 9792 9618 
3 9613 9618 9619 
3 9613 9619 9621 
3 9617 9621 9622 
3 9383 9622 9388 
3 9616 9620 9793 
3 9623 9618 9792 
3 9620 9624 9793 
3 9621 9628 9622 
3 9623 9625 9618 
3 9621 9619 9628 
3 9622 9392 9388 
3 9618 9625 9619 
3 9619 9625 9626 
3 9619 9626 9628 
3 9622 9628 9392 
3 9627 9620 9396 
3 9620 9627 9624 
3 9623 9633 9630 
3 9630 9625 9623 
3 9625 9630 9626 
3 9628 9626 9631 
3 9628 9631 9392 
3 9392 9631 9629 
3 9633 9638 9630 
3 9627 9396 9632 
3 9630 9634 9626 
3 9626 9634 9635 
3 9631 9626 9635 
3 9635 9636 9631 
3 9396 9642 9632 
3 9633 9798 9639 
3 9630 9638 9634 
3 9633 9639 9638 
3 9635 9640 9636 
3 9642 9637 9632 
3 9634 9403 9400 
3 9634 9400 9635 
3 9645 9798 9799 
3 9798 9645 9639 
3 9638 9644 9634 
3 9642 9641 9637 
3 9638 9639 9644 
3 9637 9641 9647 
3 9639 9643 9644 
3 9634 9418 9403 
3 9634 9644 9418 
3 9641 9646 9647 
3 9645 9648 9639 
3 9639 9649 9643 
3 9639 9648 9649 
3 9643 9418 9644 
3 9650 9646 9416 
3 9646 9650 9647 
3 9650 9416 9422 
3 9649 9423 9643 
3 9645 9809 9648 
3 9427 9650 9422 
3 9432 9423 9649 
3 9809 9651 9648 
3 9427 9652 9650 
3 9648 9651 9655 
3 9648 9655 9649 
3 9651 9809 9653 
3 9427 9437 9654 
3 9427 9654 9652 
3 9653 9656 9651 
3 9655 9432 9649 
3 9652 9654 9658 
3 9651 9656 9655 
3 9654 9437 9657 
3 9656 9659 9655 
3 9654 9657 9658 
3 9655 9659 9449 
3 9658 9657 9660 
3 9656 9664 9659 
3 9660 9662 9658 
3 9656 9822 9664 
3 9661 9660 9458 
3 9662 9660 9661 
3 9663 9662 9661 
3 9659 9664 9666 
3 9661 9458 9464 
3 9661 9665 9663 
3 9664 9822 9666 
3 9661 9464 9470 
3 9661 9470 9665 
3 9663 9665 9667 
3 9668 9663 9667 
3 9822 9835 9666 
3 9665 9470 9478 
3 9665 9478 9667 
3 9478 9670 9667 
3 9667 9670 9671 
3 9667 9671 9668 
3 9671 9669 9668 
3 9666 9835 9672 
3 9666 9672 9484 
3 9677 9669 9673 
3 9673 9669 9671 
3 9671 9670 9673 
3 9670 9675 9673 
3 9672 9835 9844 
3 9672 9844 9674 
3 9672 9488 9484 
3 9674 9488 9672 
3 9673 9676 9677 
3 9673 9675 9676 
3 9677 9676 9682 
3 9677 9682 9678 
3 9844 9680 9681 
3 9844 9681 9674 
3 9676 9675 9679 
3 9683 9678 9682 
3 9679 9675 9495 
3 9674 9681 9685 
3 9674 9685 9488 
3 9676 9679 9686 
3 9676 9686 9682 
3 9685 9690 9488 
3 9682 9687 9683 
3 9680 9688 9681 
3 9679 9495 9492 
3 9686 9679 9492 
3 9687 9684 9683 
3 9682 9686 9691 
3 9682 9691 9687 
3 9685 9693 9690 
3 9681 9688 9685 
3 9689 9684 9687 
3 9685 9688 9692 
3 9685 9692 9693 
3 9686 9492 9498 
3 9689 9687 9691 
3 9691 9694 9689 
3 9686 9498 9697 
3 9686 9697 9691 
3 9691 9697 9694 
3 9695 9862 9689 
3 9695 9689 9694 
3 9692 9702 9693 
3 9498 9507 9697 
3 9694 9696 9695 
3 9692 9865 9702 
3 9698 9862 9695 
3 9865 9701 9702 
3 9697 9699 9694 
3 9694 9699 9696 
3 9697 9507 9699 
3 9696 9704 9695 
3 9695 9704 9698 
3 9693 9702 9511 
3 9511 9505 9693 
3 9699 9507 9509 
3 9700 9703 9701 
3 9701 9703 9709 
3 9701 9709 9702 
3 9702 9709 9511 
3 9511 9510 9505 
3 9699 9710 9696 
3 9696 9710 9704 
3 9704 9707 9698 
3 9872 9698 9707 
3 9705 9703 9700 
3 9699 9509 9710 
3 9704 9710 9706 
3 9704 9706 9707 
3 9708 9872 9707 
3 9713 9711 9708 
3 9705 9700 9711 
3 9513 9710 9509 
3 9705 9715 9703 
3 9703 9715 9717 
3 9703 9717 9709 
3 9707 9716 9708 
3 9708 9716 9713 
3 9709 9717 9714 
3 9710 9513 9712 
3 9710 9720 9706 
3 9707 9706 9716 
3 9711 9713 9722 
3 9705 9711 9723 
3 9705 9723 9715 
3 9710 9712 9718 
3 9710 9718 9720 
3 9713 9716 9721 
3 9713 9721 9722 
3 9709 9714 9511 
3 9722 9723 9711 
3 9717 9719 9714 
3 9714 9724 9511 
3 9706 9720 9731 
3 9706 9731 9716 
3 9715 9723 9725 
3 9715 9725 9717 
3 9717 9725 9719 
3 9718 9712 9517 
3 9721 9727 9722 
3 9714 9719 9724 
3 9716 9731 9732 
3 9716 9732 9721 
3 9723 9873 9725 
3 9719 9725 9728 
3 9719 9728 9724 
3 9720 9718 9729 
3 9720 9729 9731 
3 9721 9732 9727 
3 9722 9727 9873 
3 9722 9873 9723 
3 9718 9517 9521 
3 9725 9726 9728 
3 9724 9728 9520 
3 9730 9873 9727 
3 9729 9718 9521 
3 9727 9734 9730 
3 9727 9732 9734 
3 9726 9730 9733 
3 9726 9733 9736 
3 9726 9736 9728 
3 9728 9736 9737 
3 9728 9737 9520 
3 9729 9521 9526 
3 9731 9729 9738 
3 9731 9738 9732 
3 9732 9738 9734 
3 9734 9739 9730 
3 9730 9739 9735 
3 9730 9735 9733 
3 9734 9738 9739 
3 9733 9735 9740 
3 9733 9740 9736 
3 9738 9729 9527 
3 9740 9735 9742 
3 9736 9740 9741 
3 9736 9741 9737 
3 9740 9742 9741 
3 9529 9525 9520 
3 9738 9527 9744 
3 9738 9744 9739 
3 9737 9747 9520 
3 9520 9747 9529 
3 9742 9735 9743 
3 9742 9743 9741 
3 9737 9741 9747 
3 9739 9745 9735 
3 9744 9527 9533 
3 9739 9744 9745 
3 9735 9745 9749 
3 9735 9749 9743 
3 9743 9749 9746 
3 9743 9746 9741 
3 9741 9746 9747 
3 9744 9748 9745 
3 9745 9754 9749 
3 9749 9750 9746 
3 9746 9750 9751 
3 9746 9751 9747 
3 9747 9751 9752 
3 9747 9752 9529 
3 9744 9533 9541 
3 9745 9748 9754 
3 9749 9754 9750 
3 9744 9541 9748 
3 9751 9753 9752 
3 9752 9753 9538 
3 9754 9757 9750 
3 9750 9757 9751 
3 9751 9757 9753 
3 9542 9538 9753 
3 9748 9755 9757 
3 9748 9757 9754 
3 9753 9757 9756 
3 9753 9756 9542 
3 9748 9541 9755 
3 9756 9758 9542 
3 9757 9755 9548 
3 9760 9593 9761 
3 9594 9762 9763 
3 9763 9771 9764 
3 9762 9875 9763 
3 9598 9770 9766 
3 9766 9874 9593 
3 9593 9874 9761 
3 9760 9761 9767 
3 9760 9767 9762 
3 9762 9767 9875 
3 9763 9875 9771 
3 9771 9768 9764 
3 9764 9768 9595 
3 9598 9769 9770 
3 9595 9768 9765 
3 9766 9770 9774 
3 9774 9874 9766 
3 9772 9769 9775 
3 9769 9772 9770 
3 9768 9882 9765 
3 9603 9765 9882 
3 9772 9880 9770 
3 9770 9880 9773 
3 9777 9772 9775 
3 9882 9776 9603 
3 9882 9778 9776 
3 9603 9776 9604 
3 9779 9775 9606 
3 9775 9779 9777 
3 9772 9777 9880 
3 9776 9778 9782 
3 9776 9782 9604 
3 9779 9606 9780 
3 9777 9779 9781 
3 9782 9608 9604 
3 9782 9778 9895 
3 9895 9784 9782 
3 9782 9784 9608 
3 9780 9783 9779 
3 9608 9784 9611 
3 9895 9786 9784 
3 9780 9785 9783 
3 9784 9786 9790 
3 9612 9788 9791 
3 9780 9612 9785 
3 9787 9790 9786 
3 9784 9790 9614 
3 9612 9791 9785 
3 9787 9789 9790 
3 9790 9789 9792 
3 9790 9792 9613 
3 9793 9788 9616 
3 9788 9793 9791 
3 9900 9794 9789 
3 9789 9794 9792 
3 9791 9793 9795 
3 9795 9901 9791 
3 9900 9796 9794 
3 9792 9794 9623 
3 9795 9793 9624 
3 9800 9900 9907 
3 9900 9800 9796 
3 9624 9797 9795 
3 9907 9911 9800 
3 9796 9633 9794 
3 9794 9633 9623 
3 9632 9624 9627 
3 9624 9632 9797 
3 9800 9798 9796 
3 9796 9798 9633 
3 9632 9801 9797 
3 9911 9799 9800 
3 9804 9632 9637 
3 9632 9804 9801 
3 9911 9803 9799 
3 9800 9799 9798 
3 9801 9804 9802 
3 9804 9637 9647 
3 9804 9647 9805 
3 9804 9805 9802 
3 9803 9806 9799 
3 9799 9806 9645 
3 9806 9803 9807 
3 9647 9808 9805 
3 9806 9809 9645 
3 9808 9647 9650 
3 9808 9921 9805 
3 9808 9650 9652 
3 9813 9806 9807 
3 9806 9813 9809 
3 9808 9810 9921 
3 9921 9810 9811 
3 9808 9652 9810 
3 9809 9813 9653 
3 9810 9652 9658 
3 9813 9814 9653 
3 9815 9811 9812 
3 9812 9811 9810 
3 9810 9658 9812 
3 9814 9817 9653 
3 9653 9817 9656 
3 9814 9813 9938 
3 9812 9658 9818 
3 9812 9818 9815 
3 9819 9814 9938 
3 9814 9819 9817 
3 9818 9658 9662 
3 9818 9823 9815 
3 9815 9823 9816 
3 9819 9822 9817 
3 9822 9656 9817 
3 9819 9827 9822 
3 9818 9662 9663 
3 9818 9663 9823 
3 9816 9823 9824 
3 9816 9824 9820 
3 9828 9825 9820 
3 9823 9663 9668 
3 9820 9824 9828 
3 9821 9826 9819 
3 9819 9826 9827 
3 9824 9823 9668 
3 9826 9821 9947 
3 9827 9840 9822 
3 9824 9668 9669 
3 9825 9828 9833 
3 9825 9833 9946 
3 9824 9669 9829 
3 9824 9829 9828 
3 9834 9946 9833 
3 9947 9831 9826 
3 9827 9826 9840 
3 9828 9829 9833 
3 9945 9946 9830 
3 9830 9946 9834 
3 9830 9831 9945 
3 9947 9945 9831 
3 9826 9832 9840 
3 9822 9840 9835 
3 9831 9839 9826 
3 9826 9839 9832 
3 9831 9830 9838 
3 9831 9838 9839 
3 9829 9669 9677 
3 9833 9829 9842 
3 9833 9842 9836 
3 9833 9836 9834 
3 9834 9836 9837 
3 9834 9837 9830 
3 9829 9677 9678 
3 9829 9678 9842 
3 9832 9839 9843 
3 9832 9843 9840 
3 9830 9837 9845 
3 9830 9845 9838 
3 9838 9845 9841 
3 9838 9841 9839 
3 9839 9841 9843 
3 9840 9843 9844 
3 9840 9844 9835 
3 9842 9847 9836 
3 9837 9836 9848 
3 9837 9848 9845 
3 9841 9845 9846 
3 9841 9846 9843 
3 9843 9854 9844 
3 9842 9678 9683 
3 9836 9847 9848 
3 9845 9848 9850 
3 9845 9850 9846 
3 9843 9846 9854 
3 9844 9854 9680 
3 9847 9842 9683 
3 9846 9850 9849 
3 9846 9849 9854 
3 9684 9847 9683 
3 9847 9852 9848 
3 9848 9852 9858 
3 9848 9858 9850 
3 9847 9684 9852 
3 9850 9853 9849 
3 9850 9858 9853 
3 9849 9853 9851 
3 9849 9851 9854 
3 9684 9857 9852 
3 9851 9856 9854 
3 9854 9856 9680 
3 9852 9857 9855 
3 9852 9855 9858 
3 9680 9856 9859 
3 9680 9859 9688 
3 9684 9689 9857 
3 9851 9860 9856 
3 9856 9860 9859 
3 9858 9855 9866 
3 9858 9866 9853 
3 9851 9853 9860 
3 9855 9864 9866 
3 9853 9866 9860 
3 9860 9861 9859 
3 9859 9692 9688 
3 9857 9689 9862 
3 9857 9862 9855 
3 9860 9866 9861 
3 9861 9863 9859 
3 9855 9862 9864 
3 9859 9863 9692 
3 9863 9861 9868 
3 9863 9868 9865 
3 9863 9865 9692 
3 9862 9698 9864 
3 9864 9867 9866 
3 9866 9867 9861 
3 9861 9867 9868 
3 9868 9869 9865 
3 9867 9871 9868 
3 9865 9869 9701 
3 9864 9698 9870 
3 9864 9870 9867 
3 9867 9870 9871 
3 9868 9871 9869 
3 9869 9700 9701 
3 9870 9698 9872 
3 9869 9871 9700 
3 9711 9700 9871 
3 9870 9872 9708 
3 9870 9708 9871 
3 9871 9708 9711 
3 9725 9873 9730 
3 9726 9725 9730 
3 9761 9874 9767 
3 9771 9875 9876 
3 9770 9773 9774 
3 9774 9877 9874 
3 9874 9877 9878 
3 9874 9878 9767 
3 9875 9767 9876 
3 9876 9879 9771 
3 9879 9768 9771 
3 9879 9882 9768 
3 9774 9773 9883 
3 9774 9883 9877 
3 9878 9881 9767 
3 9879 9884 9882 
3 9878 9877 9881 
3 9767 9881 9876 
3 9880 9888 9773 
3 9883 9890 9877 
3 9876 9891 9879 
3 9882 9884 9887 
3 9887 9778 9882 
3 9773 9888 9883 
3 9877 9890 9948 
3 9877 9948 9881 
3 9881 9885 9876 
3 9876 9885 9891 
3 9879 9886 9884 
3 9880 9777 9781 
3 9880 9781 9888 
3 9881 9948 9885 
3 9891 9886 9879 
3 9884 9886 9887 
3 9888 9890 9883 
3 9889 9778 9887 
3 9781 9896 9888 
3 9888 9892 9890 
3 9890 9952 9948 
3 9891 9893 9886 
3 9886 9893 9887 
3 9887 9893 9889 
3 9778 9889 9895 
3 9783 9781 9779 
3 9893 9894 9889 
3 9889 9894 9895 
3 9888 9896 9892 
3 9892 9952 9890 
3 9781 9783 9896 
3 9894 9786 9895 
3 9783 9897 9896 
3 9785 9897 9783 
3 9787 9786 9958 
3 9786 9894 9958 
3 9897 9902 9896 
3 9787 9958 9966 
3 9787 9966 9900 
3 9787 9900 9789 
3 9901 9785 9791 
3 9785 9899 9897 
3 9897 9899 9902 
3 9902 9898 9896 
3 9896 9898 9892 
3 9785 9901 9899 
3 9966 9906 9900 
3 9899 9903 9902 
3 9900 9906 9907 
3 9901 9904 9899 
3 9904 9901 9795 
3 9899 9904 9903 
3 9906 9966 9905 
3 9904 9908 9903 
3 9908 9909 9903 
3 9906 9910 9907 
3 9797 9904 9795 
3 9904 9797 9913 
3 9904 9913 9908 
3 9908 9913 9909 
3 9912 9910 9905 
3 9906 9905 9910 
3 9910 9911 9907 
3 9797 9801 9913 
3 9910 9912 9915 
3 9913 9801 9914 
3 9915 9803 9910 
3 9910 9803 9911 
3 9982 9913 9914 
3 9801 9802 9914 
3 9914 9918 9982 
3 9802 9918 9914 
3 9917 9802 9805 
3 9802 9917 9918 
3 9916 9807 9915 
3 9915 9807 9803 
3 9917 9922 9918 
3 9916 9920 9807 
3 9921 9917 9805 
3 9917 9921 9922 
3 9933 9920 9924 
3 9807 9920 9925 
3 9921 9811 9922 
3 9922 9811 9926 
3 9922 9926 9919 
3 9919 9926 9999 
3 9920 9933 9925 
3 9925 9813 9807 
3 9926 9928 9999 
3 9924 9923 9933 
3 9923 9929 9933 
3 9926 9811 9928 
3 9928 9930 9999 
3 10000 9999 9935 
3 9935 9999 9930 
3 10000 9935 9931 
3 9932 9929 9927 
3 9933 9938 9925 
3 9925 9938 9813 
3 9931 9932 10000 
3 9929 9937 9933 
3 9811 9815 9928 
3 9930 9934 9935 
3 9929 9932 9936 
3 9932 9931 9936 
3 9929 9936 9937 
3 9933 9937 9938 
3 9935 9934 9931 
3 9928 9815 9816 
3 9930 9928 9816 
3 9931 9939 9936 
3 9937 9936 9940 
3 9937 9940 9943 
3 9937 9943 9938 
3 9930 9816 9820 
3 9930 9820 9934 
3 9934 9942 9931 
3 9931 9942 9939 
3 9936 9939 9940 
3 9938 9821 9819 
3 9934 9820 9942 
3 9940 9939 9941 
3 9940 9941 9943 
3 9938 9943 9821 
3 9820 9825 9942 
3 9942 9945 9939 
3 9939 9945 9944 
3 9939 9944 9941 
3 9943 9941 9821 
3 9941 9944 9821 
3 9825 9946 9942 
3 9942 9946 9945 
3 9944 9945 9947 
3 9944 9947 9821 
3 9885 9950 9891 
3 9949 9948 9952 
3 9948 9949 9954 
3 9948 9954 9885 
3 9885 9954 9950 
3 9893 9891 9950 
3 9953 9949 9952 
3 9949 9953 9956 
3 9949 9956 9954 
3 9950 9951 9893 
3 9894 9893 9951 
3 9954 9955 9950 
3 9950 9955 9951 
3 9952 9961 9953 
3 9956 9959 9954 
3 9954 9959 9955 
3 9951 9958 9894 
3 9961 9952 9892 
3 9955 9957 9951 
3 9951 9957 9958 
3 9961 9892 9898 
3 9953 9965 9962 
3 9953 9962 9956 
3 9956 9962 9959 
3 9959 9960 9955 
3 9955 9960 9957 
3 9961 9964 9965 
3 9961 9965 9953 
3 9962 9960 9959 
3 9957 9963 9958 
3 9963 9966 9958 
3 9960 9963 9957 
3 9898 9902 9903 
3 9968 9898 9903 
3 9898 9968 9967 
3 9898 9967 9961 
3 9961 9967 9964 
3 9965 9970 9962 
3 9962 9970 9960 
3 9960 9972 9963 
3 9903 9909 9968 
3 9970 9972 9960 
3 9963 9905 9966 
3 9967 9969 9964 
3 9964 10001 9965 
3 10001 9970 9965 
3 9970 10001 9971 
3 9970 9971 9972 
3 9963 9972 9905 
3 9909 9974 9968 
3 9968 9974 9967 
3 9967 9974 9969 
3 9964 9969 10001 
3 9974 9975 9969 
3 9971 9973 9972 
3 9909 9977 9974 
3 9969 9975 9976 
3 9969 9976 10001 
3 9971 10001 9976 
3 9973 9912 9972 
3 9972 9912 9905 
3 9982 9909 9913 
3 9909 9982 9977 
3 9974 9983 9975 
3 9976 9979 9971 
3 9971 9979 9973 
3 9977 9983 9974 
3 9978 9976 9975 
3 9976 9978 9979 
3 9977 9982 9980 
3 9977 9980 9983 
3 9983 9981 9975 
3 9975 9981 9978 
3 9979 9984 9973 
3 9973 9984 9912 
3 9980 9985 9983 
3 9981 9987 9978 
3 9984 9915 9912 
3 9983 9985 9981 
3 9979 9988 9984 
3 9982 9918 9980 
3 9980 9993 9989 
3 9980 9989 9985 
3 9986 9987 9981 
3 9986 9981 9985 
3 9987 9988 9979 
3 9988 9915 9984 
3 9980 9918 9993 
3 9989 9990 9985 
3 9985 9990 9986 
3 9993 9994 9989 
3 9989 9994 9992 
3 9989 9992 9990 
3 9986 9990 9991 
3 9986 9991 9996 
3 9986 9996 9987 
3 9987 9996 9988 
3 9988 9916 9915 
3 9990 9992 9991 
3 9991 9997 9996 
3 9988 9996 9916 
3 9922 9993 9918 
3 9994 9995 9992 
3 9992 9995 9991 
3 9991 9995 9997 
3 9996 9920 9916 
3 9993 9922 9919 
3 9993 9919 9994 
3 9994 9919 9995 
3 9995 9998 9997 
3 9997 9920 9996 
3 9995 9919 10000 
3 9997 9924 9920 
3 9995 10000 9998 
3 9997 9998 9924 
3 10000 9927 9998 
3 9998 9927 9923 
3 9919 9999 10000 
3 9998 9923 9924 
3 9923 9927 9929 
3 9927 10000 9932 
3 9987 9979 9978 
3 752 979 753 
3 979 1250 980 
3 980 982 981 
3 1551 1241 1244 
3 753 979 980 
3 1997 1241 1551 
3 750 751 974 
3 973 972 968 
3 3262 3598 2458 
3 534 533 750 
3 973 968 531 
3 534 750 752 
3 531 533 534 
3 973 531 534 
3 973 534 752 
3 1997 1551 1244 
3 753 980 981 
3 753 981 1249 
3 2466 3608 3265 
3 973 752 753 
3 973 753 1249 
3 972 973 1249 
3 1244 972 1249 
3 1997 1244 1249 
3 1249 1252 1557 
3 1997 1249 1557 
3 1997 1557 2466 
3 1997 2466 3265 
3 3265 3262 2458 
3 2458 1997 3265 
3 3984 3983 3981 
3 4297 3983 3984 
3 4954 5317 4611 
3 4954 4611 4303 
3 3306 3641 3645 
3 4619 4954 4303 
3 3292 2939 2943 
3 2951 2526 2537 
3 3650 4316 3999 
3 2951 2537 2959 
3 2951 2959 2960 
3 4315 4960 4619 
3 4315 4619 4303 
3 4304 4297 3984 
3 3984 3981 2937 
3 4304 3984 2937 
3 2937 2938 3292 
3 4304 2937 3292 
3 4304 3292 2943 
3 3306 3645 3644 
3 2943 2517 2947 
3 3306 3644 3650 
3 4314 4315 4303 
3 3999 4314 4303 
3 2951 2960 3306 
3 2951 3306 3650 
3 2951 3650 3999 
3 4304 2943 2947 
3 4304 2947 2950 
3 4304 2950 2951 
3 4304 2951 3999 
3 3999 4303 4304 
3 3211 3206 3207 
3 2864 3216 3922 
3 2864 3922 3926 
3 3931 3585 3580 
3 3210 2859 3211 
3 4252 4255 3931 
3 3935 4252 3931 
3 3935 3931 3580 
3 3935 3580 3222 
3 3935 3222 3213 
3 3935 3213 3210 
3 3935 3210 3211 
3 3935 3211 3207 
3 2864 3926 3925 
3 3208 2445 2864 
3 3208 2864 3925 
3 3207 3208 3925 
3 3935 3207 3925 
3 3925 3930 3935 
3 4627 3998 4631 
3 4322 4634 3998 
3 4322 3998 3642 
3 3666 4328 4322 
3 3666 4322 3642 
3 3646 3311 3658 
3 3665 3666 3642 
3 3662 3665 3642 
3 3646 3658 3662 
3 3646 3662 3642 
3 4341 4338 4339 
3 4339 4338 4336 
3 3703 3705 3707 
3 4047 4056 4051 
3 4046 4045 4047 
3 3710 3712 4044 
3 3703 3707 3706 
3 3689 2996 3695 
3 4652 4341 4339 
3 3695 3349 3701 
3 4336 4030 3688 
3 4339 4336 3688 
3 4652 4339 3688 
3 3689 3695 3701 
3 4046 3710 4044 
3 4664 4660 4656 
3 4353 4664 4656 
3 3688 3689 3701 
3 4652 3688 3701 
3 4046 4047 4051 
3 3701 3349 3703 
3 3701 3703 3706 
3 4652 3701 3706 
3 4353 4656 4652 
3 4353 4652 3706 
3 3706 4046 4051 
3 3706 4051 4355 
3 4353 3706 4355 
3 4394 4725 4392 
3 5107 5496 5502 
3 4775 4780 4779 
3 5153 5148 5147 
3 4762 4430 4435 
3 5151 5153 5147 
3 5502 5094 5497 
3 5077 5079 5085 
3 5517 5122 5119 
3 4435 4442 4772 
3 4772 4775 4779 
3 4762 4435 4772 
3 4762 4772 4779 
3 5084 5077 5085 
3 5095 5097 5103 
3 5085 5088 5091 
3 5084 5085 5091 
3 5151 5147 5140 
3 5517 5119 5116 
3 5497 5084 5091 
3 5502 5497 5091 
3 5502 5091 5095 
3 5502 5095 5103 
3 5502 5103 5108 
3 5117 5120 4779 
3 5107 5502 5108 
3 5113 5117 4779 
3 5163 5169 5162 
3 5110 5107 5108 
3 5116 5110 5108 
3 5517 5116 5108 
3 5521 5517 5108 
3 5521 5108 5113 
3 5521 5113 4779 
3 4778 5166 5163 
3 5523 5521 4779 
3 5525 5523 4779 
3 5527 5525 4779 
3 5151 5140 5527 
3 5154 5151 5527 
3 5164 4778 5163 
3 5527 4779 5164 
3 5527 5164 5163 
3 5530 5532 5154 
3 5530 5154 5527 
3 5533 5162 5532 
3 5533 5532 5530 
3 5533 5530 5527 
3 5533 5527 5163 
3 6627 6354 6626 
3 8603 8823 8824 
3 8828 8825 8827 
3 8276 8421 8277 
3 6867 6632 6866 
3 7799 7800 7715 
3 6210 6354 6627 
3 7889 7890 7798 
3 7449 7447 7541 
3 7541 7540 7704 
3 8418 8419 8421 
3 7154 7153 7152 
3 8418 8421 8276 
3 7798 7799 7715 
3 8148 8407 8408 
3 6960 6867 6866 
3 8155 8279 8058 
3 8409 8599 8600 
3 8276 8277 8155 
3 8836 8838 8605 
3 8827 8831 8832 
3 8828 8827 8832 
3 8832 8831 8834 
3 8832 8834 8836 
3 7704 7795 7880 
3 6502 6499 6364 
3 8826 8828 8832 
3 8603 8824 8826 
3 8600 8601 8603 
3 7548 7154 7152 
3 7704 7880 8051 
3 7541 7704 8051 
3 8605 8606 8416 
3 8155 8058 7889 
3 6363 6224 6361 
3 6500 6502 6364 
3 8148 8408 8409 
3 8051 8148 8409 
3 7541 8051 8409 
3 8832 8836 8605 
3 8832 8605 8416 
3 7449 7541 8409 
3 6960 6866 6754 
3 7449 8409 8600 
3 6364 6363 6361 
3 7798 7715 7548 
3 6364 6361 6360 
3 7153 6960 6754 
3 7152 7153 6754 
3 7798 7548 7152 
3 7798 7152 6754 
3 7449 8600 8603 
3 7449 8603 8826 
3 7449 8826 8832 
3 7449 8832 8416 
3 6753 6500 6364 
3 6753 6364 6360 
3 6754 6753 6360 
3 7798 6754 6360 
3 8155 7889 7798 
3 8155 7798 6360 
3 8416 8418 8276 
3 7449 8416 8276 
3 7449 8276 8155 
3 7449 8155 6360 
3 6358 6214 6356 
3 6358 6356 6355 
3 6355 6210 6627 
3 6355 6627 6747 
3 6358 6355 6747 
3 7449 6360 6359 
3 7448 7449 6359 
3 7448 6359 6358 
3 7448 6358 6747 
3 6861 6860 7246 
3 6861 7246 7362 
3 6861 7362 7448 
3 6861 7448 6747 
3 3380 3378 3733 
3 4762 4779 5120 
3 4073 3728 4394 
3 4738 5081 5082 
3 3757 3760 4107 
3 4427 4429 4763 
3 5108 5103 5098 
3 4107 4111 4427 
3 3412 3413 3758 
3 3412 3758 3757 
3 3409 3412 3757 
3 3409 3757 4107 
3 3063 3067 3069 
3 4714 4707 3730 
3 3074 3077 3405 
3 3073 3074 3405 
3 4738 5082 4733 
3 3409 4107 4427 
3 4392 4720 3730 
3 5113 5108 5098 
3 3409 4427 4763 
3 5098 5097 5093 
3 3073 3405 3409 
3 3073 3409 4763 
3 4763 4762 5120 
3 3073 4763 5120 
3 3073 5120 5117 
3 3073 5117 5113 
3 3073 5113 5098 
3 3073 5098 5093 
3 2683 3063 3069 
3 3073 5093 5089 
3 4392 3730 3732 
3 4392 3732 4074 
3 4394 4392 4074 
3 4733 4729 4397 
3 4733 4397 4395 
3 3733 2208 3050 
3 3073 5089 4738 
3 3073 4738 4733 
3 3073 4733 4395 
3 4394 4074 4073 
3 4394 3733 3050 
3 2681 2683 3069 
3 4394 3050 2677 
3 4394 2677 2681 
3 4394 2681 3069 
3 4394 3069 3073 
3 4395 4394 3073 
3 5163 5162 5533 
